mtllib room-large.mtl
v -6.000000 0.000000 2.000000
v -6.000000 0.000000 6.000000
v -10.000000 0.000000 2.000000
v -10.000000 0.000000 6.000000
v -2.000000 0.000000 6.000000
v -2.000000 0.000000 10.000000
v -6.000000 0.000000 10.000000
v 2.000000 0.000000 2.000000
v 2.000000 0.000000 6.000000
v -2.000000 0.000000 2.000000
v 10.000000 0.000000 -6.000000
v 10.000000 0.000000 -2.000000
v 6.000000 0.000000 -6.000000
v 6.000000 0.000000 -2.000000
v 10.000000 0.000000 2.000000
v 10.000000 0.000000 6.000000
v 6.000000 0.000000 2.000000
v 6.000000 0.000000 6.000000
v 6.000000 0.000000 10.000000
v 2.000000 0.000000 10.000000
v -6.000000 0.000000 -6.000000
v -6.000000 0.000000 -2.000000
v -10.000000 0.000000 -6.000000
v -10.000000 0.000000 -2.000000
v 6.000000 0.000000 -10.000000
v 2.000000 0.000000 -10.000000
v 2.000000 0.000000 -6.000000
v -2.000000 0.000000 -6.000000
v -2.000000 0.000000 -2.000000
v 2.000000 0.000000 -2.000000
v -2.000000 0.000000 -10.000000
v -10.001000 0.000000 2.000000
v -10.001000 0.000000 -2.000000
v -6.000999 0.000000 2.000000
v -6.000999 0.000000 -2.000000
v -6.000000 0.000000 -10.000000
v 8.828427 0.000000 8.828427
v 6.000000 0.000000 -10.000000
v 8.828427 0.000000 -8.828427
v 6.000000 0.000000 -6.000000
v -8.828427 0.000000 -8.828427
v -8.828427 0.000000 8.828427
v -6.000000 0.000000 6.000000
v -10.000000 0.000000 6.000000
v -2.000000 0.000000 10.000000
v 2.000000 0.000000 6.000000
v -2.000000 0.000000 6.000000
v 3.204504 0.000000 -2.444909
v 3.397690 0.000000 -2.496672
v 3.235123 0.050000 -2.427231
v 3.380012 0.050000 -2.466053
v 3.256268 0.000000 -2.251723
v 3.273946 0.050000 -2.282342
v 3.449453 0.000000 -2.303487
v 3.418835 0.050000 -2.321165
v 1.623200 -0.000000 -3.794394
v 1.684437 0.100000 -3.759038
v 1.726727 -0.000000 -3.408023
v 1.762083 0.100000 -3.469261
v 2.736883 -0.000000 -3.803391
v 2.633355 -0.000000 -3.417020
v 2.675646 0.100000 -3.768035
v 2.598000 0.100000 -3.478258
v 2.350513 -0.000000 -3.906918
v 2.385868 0.100000 -3.845681
v 2.009570 -0.000000 -3.897921
v 2.113098 -0.000000 -3.511551
v 1.974215 0.100000 -3.836684
v 2.051860 0.100000 -3.546906
v 2.246985 -0.000000 -3.520548
v 2.308222 0.100000 -3.555903
v 1.106200 -0.000000 -0.729897
v 1.106200 -0.000000 -0.529897
v 1.081200 0.100000 -0.704897
v 1.081200 0.100000 -0.554897
v 1.244087 0.050000 -0.004416
v 1.208732 -0.000000 0.056821
v 1.166442 0.050000 -0.294193
v 1.105204 -0.000000 -0.329549
v 0.906200 -0.000000 -0.529897
v 0.931200 0.100000 -0.554897
v 0.906200 -0.000000 -0.729897
v 0.931200 0.100000 -0.704897
v 1.533865 0.050000 -0.082062
v 1.456219 0.050000 -0.371839
v 1.491575 -0.000000 -0.433077
v 1.595103 -0.000000 -0.046706
v 4.422335 -0.000000 -4.939075
v 4.422335 -0.000000 -4.739076
v 4.397335 0.050000 -4.914076
v 4.397335 0.050000 -4.764076
v 4.807709 -0.000000 -4.642255
v 4.772354 0.025000 -4.581018
v 4.421339 -0.000000 -4.538728
v 4.482576 0.025000 -4.503372
v 5.307259 -0.000000 -3.523119
v 4.920889 -0.000000 -3.626647
v 5.271904 0.050000 -3.584356
v 4.982126 0.050000 -3.662002
v 4.222335 -0.000000 -4.939075
v 4.247334 0.050000 -4.914076
v 4.911237 -0.000000 -4.255885
v 4.524867 -0.000000 -4.152358
v 4.849999 0.025000 -4.291241
v 4.560222 0.025000 -4.213594
v 5.237098 0.050000 -5.250572
v 4.956465 0.050000 -5.144529
v 5.131056 0.050000 -5.531205
v 4.850423 0.050000 -5.425162
v 4.222335 -0.000000 -4.739076
v 4.247334 0.050000 -4.764076
v 5.349549 0.050000 -3.874134
v 5.059772 0.050000 -3.951779
v 5.024416 -0.000000 -4.013017
v 5.410787 -0.000000 -3.909489
v 5.160154 -0.000000 -5.595651
v 4.785976 -0.000000 -5.454261
v 4.927366 -0.000000 -5.080084
v 5.301544 -0.000000 -5.221474
v -0.832129 -0.000000 1.168736
v -1.218499 -0.000000 1.272263
v -0.893366 0.025000 1.133380
v -1.183144 0.025000 1.211026
v -0.971012 0.025000 0.843602
v -1.260789 0.025000 0.921248
v -0.935656 -0.000000 0.782365
v -1.322026 -0.000000 0.885893
v -0.762922 -0.000000 0.515273
v -0.956107 -0.000000 0.567037
v -0.793540 0.025000 0.497596
v -0.938429 0.025000 0.536418
v -0.977252 0.025000 0.391530
v -1.007870 -0.000000 0.373852
v -0.814685 -0.000000 0.322088
v -0.832363 0.025000 0.352707
v 5.184716 0.025000 0.970246
v 5.039827 0.025000 1.009069
v 5.145893 0.025000 0.825357
v 5.001004 0.025000 0.864180
v 5.163571 -0.000000 0.794739
v 4.970386 -0.000000 0.846503
v 5.215335 -0.000000 0.987924
v 5.022150 -0.000000 1.039688
v -0.253142 -0.000000 -3.885774
v -1.412253 -0.000000 -4.196357
v -0.359208 0.050000 -4.069485
v -1.228542 0.050000 -4.302423
v -0.714079 0.050000 -3.546816
v -0.714079 0.050000 -3.246816
v -1.014079 0.050000 -3.546816
v -1.014079 0.050000 -3.246816
v -0.664079 -0.000000 -3.596816
v -0.664079 -0.000000 -3.196816
v -1.064079 -0.000000 -3.596816
v -0.140021 0.100000 -2.882763
v -0.210731 -0.000000 -2.760288
v -0.295312 0.100000 -3.462318
v -0.417787 -0.000000 -3.533029
v 0.562009 -0.000000 -2.967343
v 0.439534 0.100000 -3.038054
v 0.057440 -0.000000 -5.044885
v -0.126271 0.050000 -4.938819
v -0.995605 0.050000 -5.171756
v -1.101671 -0.000000 -5.355468
v -1.064079 -0.000000 -3.196816
v 0.284243 0.100000 -3.617610
v 0.354954 -0.000000 -3.740084
v 1.874535 1.336936 -1.068386
v 2.147265 1.336936 -1.047428
v 1.720021 1.278809 -0.842674
v 2.265480 1.278809 -0.800759
v 2.338078 1.278809 -1.745522
v 2.574509 1.278809 -1.252183
v 2.183564 1.336936 -1.519810
v 2.301779 1.336936 -1.273141
v 1.483590 1.278809 -1.336013
v 1.756320 1.336936 -1.315055
v 1.163241 0.000000 -1.360629
v 1.653763 0.000000 -2.077176
v 1.792619 1.278809 -1.787437
v 2.519572 0.000000 -2.010644
v 1.910834 1.336936 -1.540767
v 2.404336 0.000000 -0.511020
v 2.894858 0.000000 -1.227567
v 1.538528 0.000000 -0.577552
v 1.332168 3.261266 -2.370085
v 1.095045 3.261266 -2.333419
v 1.418976 3.119472 -2.593773
v 0.944729 3.119472 -2.520441
v 1.071745 3.119472 -1.699020
v 0.771113 3.119472 -2.073064
v 1.158552 3.261266 -1.922708
v 1.008237 3.261266 -2.109730
v 1.719608 3.119472 -2.219729
v 1.482484 3.261266 -2.183063
v 1.998134 0.000000 -2.262798
v 1.722553 0.000000 -1.552676
v 1.545992 3.119472 -1.772353
v 0.969780 0.000000 -1.436275
v 1.395676 3.261266 -1.959375
v 0.768167 0.000000 -2.740117
v 0.492587 0.000000 -2.029995
v 1.520941 0.000000 -2.856518
v 2.462882 1.891534 -2.376434
v 2.237330 1.891534 -2.294590
v 2.504779 1.809294 -2.612689
v 2.053676 1.809294 -2.449002
v 2.337191 1.809294 -1.667667
v 1.969882 1.809294 -1.976490
v 2.379088 1.891534 -1.903923
v 2.195433 1.891534 -2.058334
v 2.872089 1.809294 -2.303866
v 2.646537 1.891534 -2.222022
v 3.137023 0.000000 -2.400000
v 3.004016 0.000000 -1.649982
v 2.788295 1.809294 -1.831355
v 2.287979 0.000000 -1.390161
v 2.604640 1.891534 -1.985767
v 1.837954 0.000000 -2.630374
v 1.704948 0.000000 -1.880356
v 2.553992 0.000000 -2.890196
v 3.774421 0.000000 4.172104
v 2.615310 0.000000 3.861521
v 3.668355 0.050000 3.988392
v 2.799022 0.050000 3.755455
v 5.211001 0.050000 3.093738
v 4.930368 0.050000 3.199780
v 5.104959 0.050000 2.813104
v 4.824326 0.050000 2.919147
v 3.901292 0.050000 3.119059
v 3.031959 0.050000 2.886122
v 3.887543 0.100000 5.175115
v 3.816832 0.000000 5.297590
v 3.732251 0.100000 4.595560
v 3.609777 0.000000 4.524849
v 4.467098 0.100000 5.019824
v 4.311807 0.100000 4.440269
v 4.589572 0.000000 5.090534
v 4.085004 0.000000 3.012993
v 2.925893 0.000000 2.702410
v 2.772713 0.025000 5.335641
v 2.482935 0.025000 5.413287
v 2.695067 0.025000 5.045863
v 2.405290 0.025000 5.123509
v 2.447580 0.000000 5.474524
v 2.344052 0.000000 5.088154
v 2.833950 0.000000 5.370996
v 2.730422 0.000000 4.984626
v 4.901270 0.000000 3.264226
v 4.759880 0.000000 2.890049
v 5.134058 0.000000 2.748658
v 5.275447 0.000000 3.122836
v 5.578229 0.000000 5.345028
v 5.560551 0.025000 5.375647
v 5.385044 0.000000 5.396792
v 5.415662 0.025000 5.414470
v 5.599374 0.025000 5.520535
v 5.454485 0.025000 5.559359
v 4.382517 0.000000 4.317794
v 5.629992 0.000000 5.538213
v 5.436808 0.000000 5.589977
v 3.262668 0.000000 2.228029
v 3.244990 0.025000 2.258648
v 3.069483 0.000000 2.279793
v 3.100101 0.025000 2.297471
v 3.283813 0.025000 2.403537
v 3.138924 0.025000 2.442360
v 3.121247 0.000000 2.472979
v 3.314432 0.000000 2.421215
v 3.313485 0.050000 4.511062
v 3.313485 0.050000 4.811062
v 3.013485 0.050000 4.511062
v 3.013485 0.050000 4.811062
v 3.363485 0.000000 4.461062
v 3.363485 0.000000 4.861062
v 2.963485 0.000000 4.461062
v 2.963485 0.000000 4.861062
v 4.196238 0.000000 3.405234
v 4.221238 0.050000 3.430234
v 4.196238 0.000000 3.605234
v 4.221238 0.050000 3.580234
v 4.371238 0.050000 3.430234
v 4.371238 0.050000 3.580234
v 4.396238 0.000000 3.405234
v 4.396238 0.000000 3.605234
v 4.823903 0.025000 4.053069
v 4.534125 0.025000 4.130715
v 4.746257 0.025000 3.763292
v 4.456480 0.025000 3.840937
v 4.498770 0.000000 4.191952
v 4.395242 0.000000 3.805582
v 5.323452 0.050000 4.470176
v 5.245807 0.050000 4.759953
v 5.033675 0.050000 4.392530
v 4.956029 0.050000 4.682308
v 5.384690 0.000000 4.434821
v 5.281162 0.000000 4.821191
v 4.885140 0.000000 4.088425
v 4.781612 0.000000 3.702054
v 4.894792 0.000000 4.717663
v 4.998320 0.000000 4.331293
v -0.225579 0.000000 -7.827896
v -1.384690 0.000000 -8.138478
v -0.331645 0.050000 -8.011607
v -1.200978 0.050000 -8.244545
v 1.211001 0.050000 -8.906262
v 0.930368 0.050000 -8.800220
v 1.104959 0.050000 -9.186895
v 0.824326 0.050000 -9.080853
v -0.098708 0.050000 -8.880940
v -0.968041 0.050000 -9.113878
v -0.112457 0.100000 -6.824885
v -0.183168 0.000000 -6.702410
v -0.267749 0.100000 -7.404440
v -0.390223 0.000000 -7.475151
v 0.467098 0.100000 -6.980176
v 0.311807 0.100000 -7.559731
v 0.589573 0.000000 -6.909466
v 0.085004 0.000000 -8.987007
v -1.074107 0.000000 -9.297589
v -1.227287 0.025000 -6.664359
v -1.517065 0.025000 -6.586713
v -1.304933 0.025000 -6.954137
v -1.594710 0.025000 -6.876491
v -1.552420 0.000000 -6.525476
v -1.655948 0.000000 -6.911846
v -1.166050 0.000000 -6.629004
v -1.269577 0.000000 -7.015374
v 0.901270 0.000000 -8.735774
v 0.759880 0.000000 -9.109952
v 1.134058 0.000000 -9.251342
v 1.275447 0.000000 -8.877164
v 1.578229 0.000000 -6.654972
v 1.560551 0.025000 -6.624353
v 1.385044 0.000000 -6.603208
v 1.415662 0.025000 -6.585530
v 1.599374 0.025000 -6.479465
v 1.454485 0.025000 -6.440641
v 0.382517 0.000000 -7.682206
v 1.629993 0.000000 -6.461787
v 1.436807 0.000000 -6.410023
v -0.737332 0.000000 -9.771971
v -0.755010 0.025000 -9.741352
v -0.930517 0.000000 -9.720207
v -0.899899 0.025000 -9.702529
v -0.716187 0.025000 -9.596463
v -0.861076 0.025000 -9.557640
v -0.878753 0.000000 -9.527021
v -0.685568 0.000000 -9.578785
v -0.686515 0.050000 -7.488938
v -0.686515 0.050000 -7.188938
v -0.986515 0.050000 -7.488938
v -0.986515 0.050000 -7.188938
v -0.636515 0.000000 -7.538938
v -0.636515 0.000000 -7.138938
v -1.036515 0.000000 -7.538938
v -1.036515 0.000000 -7.138938
v 0.196238 0.000000 -8.594766
v 0.221238 0.050000 -8.569766
v 0.196238 0.000000 -8.394766
v 0.221238 0.050000 -8.419766
v 0.371238 0.050000 -8.569766
v 0.371238 0.050000 -8.419766
v 0.396238 0.000000 -8.594766
v 0.396238 0.000000 -8.394766
v 0.823903 0.025000 -7.946931
v 0.534125 0.025000 -7.869285
v 0.746257 0.025000 -8.236709
v 0.456479 0.025000 -8.159062
v 0.498770 0.000000 -7.808048
v 0.395242 0.000000 -8.194418
v 1.323453 0.050000 -7.529824
v 1.245807 0.050000 -7.240047
v 1.033675 0.050000 -7.607470
v 0.956029 0.050000 -7.317692
v 1.384690 0.000000 -7.565179
v 1.281162 0.000000 -7.178809
v 0.885140 0.000000 -7.911575
v 0.781613 0.000000 -8.297946
v 0.894792 0.000000 -7.282337
v 0.998320 0.000000 -7.668707
v -4.225579 0.000000 0.172104
v -5.384690 0.000000 -0.138479
v -4.331645 0.050000 -0.011608
v -5.200978 0.050000 -0.244545
v -2.788999 0.050000 -0.906262
v -3.069632 0.050000 -0.800220
v -2.895041 0.050000 -1.186896
v -3.175674 0.050000 -1.080853
v -4.098708 0.050000 -0.880941
v -4.968041 0.050000 -1.113878
v -4.112457 0.100000 1.175115
v -4.183168 0.000000 1.297590
v -4.267749 0.100000 0.595560
v -4.390223 0.000000 0.524849
v -3.532902 0.100000 1.019824
v -3.688193 0.100000 0.440268
v -3.410427 0.000000 1.090534
v -3.914996 0.000000 -0.987007
v -5.074107 0.000000 -1.297590
v -5.227287 0.025000 1.335641
v -5.517065 0.025000 1.413287
v -5.304933 0.025000 1.045863
v -5.594710 0.025000 1.123509
v -5.552420 0.000000 1.474524
v -5.655948 0.000000 1.088154
v -5.166050 0.000000 1.370996
v -5.269578 0.000000 0.984626
v -3.098730 0.000000 -0.735774
v -3.240120 0.000000 -1.109952
v -2.865942 0.000000 -1.251342
v -2.724553 0.000000 -0.877164
v -2.421771 0.000000 1.345028
v -2.439449 0.025000 1.375647
v -2.614956 0.000000 1.396792
v -2.584338 0.025000 1.414470
v -2.400626 0.025000 1.520536
v -2.545515 0.025000 1.559358
v -3.617483 0.000000 0.317794
v -2.370008 0.000000 1.538213
v -2.563193 0.000000 1.589977
v -4.737332 0.000000 -1.771971
v -4.755010 0.025000 -1.741352
v -4.930517 0.000000 -1.720207
v -4.899899 0.025000 -1.702529
v -4.716187 0.025000 -1.596463
v -4.861075 0.025000 -1.557640
v -4.878753 0.000000 -1.527022
v -4.685568 0.000000 -1.578785
v -4.686515 0.050000 0.511062
v -4.686515 0.050000 0.811062
v -4.986515 0.050000 0.511062
v -4.986515 0.050000 0.811062
v -4.636515 0.000000 0.461062
v -4.636515 0.000000 0.861062
v -5.036515 0.000000 0.461062
v -5.036515 0.000000 0.861062
v -3.803762 0.000000 -0.594766
v -3.778762 0.050000 -0.569766
v -3.803762 0.000000 -0.394766
v -3.778762 0.050000 -0.419766
v -3.628762 0.050000 -0.569766
v -3.628762 0.050000 -0.419766
v -3.603762 0.000000 -0.594766
v -3.603762 0.000000 -0.394766
v -3.176097 0.025000 0.053069
v -3.465875 0.025000 0.130715
v -3.253743 0.025000 -0.236708
v -3.543520 0.025000 -0.159063
v -3.501230 0.000000 0.191952
v -3.604758 0.000000 -0.194418
v -2.676548 0.050000 0.470176
v -2.754193 0.050000 0.759954
v -2.966325 0.050000 0.392530
v -3.043971 0.050000 0.682308
v -2.615310 0.000000 0.434820
v -2.718838 0.000000 0.821191
v -3.114860 0.000000 0.088425
v -3.218387 0.000000 -0.297946
v -3.105208 0.000000 0.717663
v -3.001680 0.000000 0.331293
v -7.775421 0.000000 -0.172104
v -6.616310 0.000000 0.138479
v -7.669354 0.050000 0.011608
v -6.800021 0.050000 0.244545
v -9.212001 0.050000 0.906262
v -8.931368 0.050000 0.800220
v -9.105959 0.050000 1.186896
v -8.825325 0.050000 1.080853
v -7.902292 0.050000 0.880941
v -7.032959 0.050000 1.113878
v -7.888542 0.100000 -1.175115
v -7.817832 0.000000 -1.297590
v -7.733251 0.100000 -0.595560
v -7.610776 0.000000 -0.524849
v -8.468098 0.100000 -1.019824
v -8.312806 0.100000 -0.440268
v -8.590572 0.000000 -1.090534
v -8.086003 0.000000 0.987007
v -6.926892 0.000000 1.297590
v -6.773712 0.025000 -1.335641
v -6.483934 0.025000 -1.413287
v -6.696067 0.025000 -1.045863
v -6.406289 0.025000 -1.123509
v -6.448579 0.000000 -1.474524
v -6.345052 0.000000 -1.088154
v -6.834949 0.000000 -1.370996
v -6.731422 0.000000 -0.984626
v -8.902269 0.000000 0.735774
v -8.760880 0.000000 1.109952
v -9.135057 0.000000 1.251342
v -9.276447 0.000000 0.877164
v -9.579228 0.000000 -1.345028
v -9.561550 0.025000 -1.375647
v -9.386044 0.000000 -1.396792
v -9.416661 0.025000 -1.414470
v -9.600373 0.025000 -1.520536
v -9.455484 0.025000 -1.559358
v -8.383517 0.000000 -0.317794
v -9.630992 0.000000 -1.538213
v -9.437807 0.000000 -1.589977
v -7.263668 0.000000 1.771971
v -7.245990 0.025000 1.741352
v -7.070482 0.000000 1.720207
v -7.101101 0.025000 1.702529
v -7.284812 0.025000 1.596463
v -7.139924 0.025000 1.557640
v -7.122246 0.000000 1.527022
v -7.315431 0.000000 1.578785
v -7.314484 0.050000 -0.511062
v -7.314484 0.050000 -0.811062
v -7.014484 0.050000 -0.511062
v -7.014484 0.050000 -0.811062
v -7.364484 0.000000 -0.461062
v -7.364484 0.000000 -0.861062
v -6.964484 0.000000 -0.461062
v -6.964484 0.000000 -0.861062
v -8.197237 0.000000 0.594766
v -8.222238 0.050000 0.569766
v -8.197237 0.000000 0.394766
v -8.222238 0.050000 0.419766
v -8.372237 0.050000 0.569766
v -8.372237 0.050000 0.419766
v -8.397237 0.000000 0.594766
v -8.397237 0.000000 0.394766
v -8.824903 0.025000 -0.053069
v -8.535125 0.025000 -0.130715
v -8.747256 0.025000 0.236708
v -8.457479 0.025000 0.159063
v -8.499769 0.000000 -0.191952
v -8.396242 0.000000 0.194418
v -9.324452 0.050000 -0.470176
v -9.246806 0.050000 -0.759954
v -9.034675 0.050000 -0.392530
v -8.957028 0.050000 -0.682308
v -9.385690 0.000000 -0.434820
v -9.282162 0.000000 -0.821191
v -8.886140 0.000000 -0.088425
v -8.782612 0.000000 0.297946
v -8.895791 0.000000 -0.717663
v -8.999319 0.000000 -0.331293
v 7.774421 0.000000 0.172104
v 6.615310 0.000000 -0.138479
v 7.668355 0.050000 -0.011608
v 6.799022 0.050000 -0.244545
v 9.211001 0.050000 -0.906262
v 8.930368 0.050000 -0.800220
v 9.104959 0.050000 -1.186896
v 8.824326 0.050000 -1.080853
v 7.901292 0.050000 -0.880941
v 7.031959 0.050000 -1.113878
v 7.887543 0.100000 1.175115
v 7.816832 0.000000 1.297590
v 7.732251 0.100000 0.595560
v 7.609777 0.000000 0.524849
v 8.467098 0.100000 1.019824
v 8.311807 0.100000 0.440268
v 8.589573 0.000000 1.090534
v 8.085004 0.000000 -0.987007
v 6.925893 0.000000 -1.297590
v 6.772713 0.025000 1.335641
v 6.482935 0.025000 1.413287
v 6.695067 0.025000 1.045863
v 6.405290 0.025000 1.123509
v 6.447580 0.000000 1.474524
v 6.344052 0.000000 1.088154
v 6.833950 0.000000 1.370996
v 6.730422 0.000000 0.984626
v 8.901270 0.000000 -0.735774
v 8.759880 0.000000 -1.109952
v 9.134058 0.000000 -1.251342
v 9.275448 0.000000 -0.877164
v 9.578229 0.000000 1.345028
v 9.560551 0.025000 1.375647
v 9.385044 0.000000 1.396792
v 9.415662 0.025000 1.414470
v 9.599374 0.025000 1.520536
v 9.454485 0.025000 1.559358
v 8.382518 0.000000 0.317794
v 9.629992 0.000000 1.538213
v 9.436808 0.000000 1.589977
v 7.262668 0.000000 -1.771971
v 7.244990 0.025000 -1.741352
v 7.069483 0.000000 -1.720207
v 7.100101 0.025000 -1.702529
v 7.283813 0.025000 -1.596463
v 7.138925 0.025000 -1.557640
v 7.121247 0.000000 -1.527022
v 7.314432 0.000000 -1.578785
v 7.313485 0.050000 0.511062
v 7.313485 0.050000 0.811062
v 7.013485 0.050000 0.511062
v 7.013485 0.050000 0.811062
v 7.363485 0.000000 0.461062
v 7.363485 0.000000 0.861062
v 6.963485 0.000000 0.461062
v 6.963485 0.000000 0.861062
v 8.196238 0.000000 -0.594766
v 8.221238 0.050000 -0.569766
v 8.196238 0.000000 -0.394766
v 8.221238 0.050000 -0.419766
v 8.371238 0.050000 -0.569766
v 8.371238 0.050000 -0.419766
v 8.396237 0.000000 -0.594766
v 8.396237 0.000000 -0.394766
v 8.823903 0.025000 0.053069
v 8.534125 0.025000 0.130715
v 8.746257 0.025000 -0.236708
v 8.456480 0.025000 -0.159063
v 8.498770 0.000000 0.191952
v 8.395243 0.000000 -0.194418
v 9.323453 0.050000 0.470176
v 9.245807 0.050000 0.759954
v 9.033675 0.050000 0.392530
v 8.956029 0.050000 0.682308
v 9.384690 0.000000 0.434820
v 9.281162 0.000000 0.821191
v 8.885140 0.000000 0.088425
v 8.781612 0.000000 -0.297946
v 8.894792 0.000000 0.717663
v 8.998320 0.000000 0.331293
v 6.747846 0.000000 8.497211
v 6.361475 0.000000 8.393683
v 6.712491 0.100000 8.435974
v 6.422713 0.100000 8.358329
v 6.248742 0.000000 8.524199
v 6.300506 0.000000 8.717383
v 6.231065 0.050000 8.554817
v 6.269887 0.050000 8.699706
v 6.465003 0.000000 8.007314
v 6.851374 0.000000 8.110841
v 6.500359 0.100000 8.068551
v 6.790136 0.100000 8.146196
v 6.124999 0.050000 8.738528
v 6.086176 0.050000 8.593639
v 6.107321 0.000000 8.769147
v 6.055557 0.000000 8.575962
v 8.271630 0.000000 7.181538
v 8.210393 0.050000 7.146183
v 8.168103 0.000000 6.795167
v 8.132748 0.050000 6.856405
v 7.781733 0.000000 6.898695
v 7.842970 0.050000 6.934051
v 7.582728 0.000000 6.498347
v 7.782728 0.000000 6.498347
v 7.607728 0.100000 6.523347
v 7.757728 0.100000 6.523347
v 7.757728 0.100000 6.673347
v 7.607728 0.100000 6.673347
v 7.920615 0.050000 7.223828
v 7.885260 0.000000 7.285066
v 7.782728 0.000000 6.698347
v 7.582728 0.000000 6.698347
v 8.398305 0.000000 6.369278
v 8.327594 0.050000 6.369278
v 8.115462 0.000000 6.086435
v 8.115462 0.050000 6.157146
v 8.115462 0.050000 6.581410
v 7.903330 0.050000 6.369278
v 8.115462 0.000000 6.652121
v 7.832619 0.000000 6.369278
v 7.571818 3.037500 8.722469
v 8.153872 2.025000 8.153872
v 8.303774 3.037500 8.303774
v 8.988008 0.000000 6.000000
v 9.305996 1.012500 6.000000
v 8.646012 0.000000 6.708997
v 7.518820 4.050000 8.630674
v 8.485767 2.025000 7.266362
v 8.673622 3.037500 7.362064
v 8.647736 3.037500 7.528671
v 9.094004 2.025000 6.000000
v 8.953165 1.012500 6.791298
v 8.748397 2.025000 6.736431
v 7.465822 2.025000 8.538878
v 6.813633 3.037500 9.036520
v 6.876678 3.037500 8.999845
v 6.786200 4.050000 8.934135
v 7.412824 0.000000 8.447083
v 8.078922 0.000000 8.078922
v 7.571818 1.012500 8.722469
v 8.673622 1.012500 7.362064
v 8.464145 2.025000 7.422675
v 8.303774 1.012500 8.303774
v 9.305996 3.037500 6.000000
v 8.850780 4.050000 6.763865
v 8.953165 3.037500 6.791298
v 6.847025 4.050000 8.898379
v 9.200000 4.050000 6.000000
v 6.813633 1.012500 9.036520
v 6.787721 0.000000 8.695448
v 6.876678 1.012500 8.999845
v 8.372350 0.000000 7.369677
v 8.391840 0.000000 7.218511
v 8.647736 1.012500 7.528671
v 8.579695 4.050000 7.314213
v 8.555941 4.050000 7.475673
v 6.817373 2.025000 8.796914
v 6.758765 2.025000 8.831751
v 6.731332 0.000000 8.729366
v 8.228823 4.050000 8.228823
v 8.853661 3.037500 6.927411
v 8.653156 2.025000 6.862249
v 8.853661 1.012500 6.927411
v 6.000000 2.025000 9.094004
v 6.000000 3.037500 9.305996
v 8.753408 4.050000 6.894831
v 6.000000 0.000000 8.988008
v 6.000000 1.012500 9.305996
v 7.450526 4.050000 8.648400
v 8.552904 0.000000 6.829669
v 7.348968 0.000000 8.462973
v 7.501306 3.037500 8.741115
v 7.399747 2.025000 8.555687
v 7.501306 1.012500 8.741115
v 6.000000 4.050000 9.200000
v 7.035276 0.000000 9.863704
v 7.035276 4.050000 9.863704
v 8.000000 0.000000 9.464102
v 8.000000 4.050000 9.464102
v 9.464102 4.050000 8.000000
v 8.828427 4.050000 8.828427
v 9.863703 4.050000 7.035276
v 10.000000 4.050000 6.000000
v 6.000000 4.050000 10.000000
v 8.828427 0.000000 8.828427
v 9.863703 0.000000 7.035276
v 9.464102 0.000000 8.000000
v 10.000000 0.000000 6.000000
v 6.000000 0.000000 10.000000
v 9.500307 -0.000000 7.164326
v 9.679016 -0.000000 6.497374
v 8.833354 -0.000000 7.343036
v 9.190773 -0.000000 6.009130
v 8.345111 -0.000000 6.854793
v 8.523821 -0.000000 6.187840
v 9.124651 0.329635 6.255903
v 9.432243 0.329635 6.563496
v 8.704471 0.329635 6.368490
v 8.591884 0.329635 6.788670
v 8.899477 0.329635 7.096263
v 9.319656 0.329635 6.983676
v 9.165860 0.344619 6.829880
v 8.955770 0.344619 6.886173
v 9.222154 0.344619 6.619790
v 9.068357 0.344619 6.465993
v 8.801973 0.344619 6.732377
v 8.858267 0.344619 6.522286
v 8.497211 0.000000 -6.747846
v 8.393683 0.000000 -6.361475
v 8.435974 0.100000 -6.712491
v 8.358329 0.100000 -6.422712
v 8.524199 0.000000 -6.248742
v 8.717383 0.000000 -6.300506
v 8.554817 0.050000 -6.231064
v 8.699706 0.050000 -6.269887
v 8.007314 0.000000 -6.465003
v 8.110841 0.000000 -6.851374
v 8.068551 0.100000 -6.500359
v 8.146196 0.100000 -6.790136
v 8.738528 0.050000 -6.124998
v 8.593639 0.050000 -6.086175
v 8.769147 0.000000 -6.107321
v 8.575962 0.000000 -6.055557
v 7.181538 0.000000 -8.271630
v 7.146182 0.050000 -8.210393
v 6.795167 0.000000 -8.168102
v 6.856404 0.050000 -8.132748
v 6.898695 0.000000 -7.781732
v 6.934050 0.050000 -7.842969
v 6.498347 0.000000 -7.582727
v 6.498347 0.000000 -7.782728
v 6.523347 0.100000 -7.607728
v 6.523347 0.100000 -7.757728
v 6.673347 0.100000 -7.757728
v 6.673347 0.100000 -7.607728
v 7.223828 0.050000 -7.920615
v 7.285065 0.000000 -7.885260
v 6.698347 0.000000 -7.782728
v 6.698347 0.000000 -7.582727
v 6.369277 0.000000 -8.398304
v 6.369277 0.050000 -8.327594
v 6.086434 0.000000 -8.115461
v 6.157146 0.050000 -8.115461
v 6.581409 0.050000 -8.115461
v 6.369277 0.050000 -7.903329
v 6.652120 0.000000 -8.115461
v 6.369277 0.000000 -7.832619
v 8.722469 3.037500 -7.571818
v 8.153872 2.025000 -8.153872
v 8.303774 3.037500 -8.303774
v 6.000000 0.000000 -8.988008
v 6.000000 1.012500 -9.305996
v 6.708997 0.000000 -8.646012
v 8.630674 4.050000 -7.518820
v 7.266362 2.025000 -8.485767
v 7.362063 3.037500 -8.673622
v 7.528671 3.037500 -8.647736
v 6.000000 2.025000 -9.094004
v 6.791298 1.012500 -8.953165
v 6.736430 2.025000 -8.748397
v 8.538878 2.025000 -7.465822
v 9.036520 3.037500 -6.813633
v 8.999846 3.037500 -6.876678
v 8.934135 4.050000 -6.786200
v 8.447083 0.000000 -7.412824
v 8.078922 0.000000 -8.078922
v 8.722469 1.012500 -7.571818
v 7.362063 1.012500 -8.673622
v 7.422675 2.025000 -8.464145
v 8.303774 1.012500 -8.303774
v 6.000000 3.037500 -9.305996
v 6.763865 4.050000 -8.850780
v 6.791298 3.037500 -8.953165
v 8.898379 4.050000 -6.847025
v 6.000000 4.050000 -9.200000
v 9.036520 1.012500 -6.813633
v 8.695449 0.000000 -6.787721
v 8.999846 1.012500 -6.876678
v 7.369677 0.000000 -8.372350
v 7.218511 0.000000 -8.391840
v 7.528671 1.012500 -8.647736
v 7.314213 4.050000 -8.579695
v 7.475673 4.050000 -8.555941
v 8.796914 2.025000 -6.817372
v 8.831752 2.025000 -6.758765
v 8.729367 0.000000 -6.731331
v 8.228823 4.050000 -8.228823
v 6.927411 3.037500 -8.853661
v 6.862249 2.025000 -8.653156
v 6.927411 1.012500 -8.853661
v 9.094005 2.025000 -6.000000
v 9.305996 3.037500 -6.000000
v 6.894830 4.050000 -8.753408
v 8.988008 0.000000 -6.000000
v 9.305996 1.012500 -6.000000
v 8.648401 4.050000 -7.450526
v 6.829668 0.000000 -8.552904
v 8.462973 0.000000 -7.348968
v 8.741116 3.037500 -7.501306
v 8.555687 2.025000 -7.399747
v 8.741116 1.012500 -7.501306
v 9.200001 4.050000 -6.000000
v 9.863704 0.000000 -7.035276
v 9.863704 4.050000 -7.035276
v 9.464102 0.000000 -8.000000
v 9.464102 4.050000 -8.000000
v 8.000000 4.050000 -9.464102
v 8.828427 4.050000 -8.828427
v 7.035275 4.050000 -9.863704
v 6.000000 4.050000 -10.000000
v 10.000000 4.050000 -6.000000
v 8.828427 0.000000 -8.828427
v 7.035275 0.000000 -9.863704
v 8.000000 0.000000 -9.464102
v 6.000000 0.000000 -10.000000
v 10.000000 0.000000 -6.000000
v 7.164326 -0.000000 -9.500307
v 6.497374 -0.000000 -9.679016
v 7.343036 -0.000000 -8.833355
v 6.009130 -0.000000 -9.190773
v 6.854793 -0.000000 -8.345112
v 6.187840 -0.000000 -8.523821
v 6.255903 0.329635 -9.124651
v 6.563496 0.329635 -9.432244
v 6.368490 0.329635 -8.704471
v 6.788670 0.329635 -8.591884
v 7.096263 0.329635 -8.899477
v 6.983676 0.329635 -9.319657
v 6.829880 0.344619 -9.165861
v 6.886173 0.344619 -8.955770
v 6.619790 0.344619 -9.222154
v 6.465993 0.344619 -9.068357
v 6.732377 0.344619 -8.801974
v 6.522286 0.344619 -8.858268
v -6.747846 0.000000 -8.497211
v -6.361475 0.000000 -8.393683
v -6.712491 0.100000 -8.435974
v -6.422713 0.100000 -8.358329
v -6.248742 0.000000 -8.524199
v -6.300506 0.000000 -8.717383
v -6.231065 0.050000 -8.554817
v -6.269887 0.050000 -8.699706
v -6.465003 0.000000 -8.007314
v -6.851374 0.000000 -8.110841
v -6.500359 0.100000 -8.068551
v -6.790136 0.100000 -8.146196
v -6.124999 0.050000 -8.738528
v -6.086176 0.050000 -8.593639
v -6.107321 0.000000 -8.769147
v -6.055557 0.000000 -8.575962
v -8.271630 0.000000 -7.181538
v -8.210393 0.050000 -7.146183
v -8.168103 0.000000 -6.795167
v -8.132748 0.050000 -6.856405
v -7.781733 0.000000 -6.898695
v -7.842970 0.050000 -6.934051
v -7.582728 0.000000 -6.498347
v -7.782728 0.000000 -6.498347
v -7.607728 0.100000 -6.523347
v -7.757728 0.100000 -6.523347
v -7.757728 0.100000 -6.673347
v -7.607728 0.100000 -6.673347
v -7.920615 0.050000 -7.223828
v -7.885260 0.000000 -7.285066
v -7.782728 0.000000 -6.698347
v -7.582728 0.000000 -6.698347
v -8.398305 0.000000 -6.369278
v -8.327594 0.050000 -6.369278
v -8.115462 0.000000 -6.086435
v -8.115462 0.050000 -6.157146
v -8.115462 0.050000 -6.581410
v -7.903330 0.050000 -6.369278
v -8.115462 0.000000 -6.652121
v -7.832619 0.000000 -6.369278
v -7.571818 3.037500 -8.722469
v -8.153872 2.025000 -8.153872
v -8.303774 3.037500 -8.303774
v -8.988008 0.000000 -6.000000
v -9.305996 1.012500 -6.000000
v -8.646012 0.000000 -6.708997
v -7.518820 4.050000 -8.630674
v -8.485767 2.025000 -7.266362
v -8.673622 3.037500 -7.362064
v -8.647736 3.037500 -7.528671
v -9.094004 2.025000 -6.000000
v -8.953165 1.012500 -6.791298
v -8.748397 2.025000 -6.736431
v -7.465822 2.025000 -8.538878
v -6.813633 3.037500 -9.036520
v -6.876678 3.037500 -8.999845
v -6.786200 4.050000 -8.934135
v -7.412824 0.000000 -8.447083
v -8.078922 0.000000 -8.078922
v -7.571818 1.012500 -8.722469
v -8.673622 1.012500 -7.362064
v -8.464145 2.025000 -7.422675
v -8.303774 1.012500 -8.303774
v -9.305996 3.037500 -6.000000
v -8.850780 4.050000 -6.763865
v -8.953165 3.037500 -6.791298
v -6.847025 4.050000 -8.898379
v -9.200000 4.050000 -6.000000
v -6.813633 1.012500 -9.036520
v -6.787721 0.000000 -8.695448
v -6.876678 1.012500 -8.999845
v -8.372350 0.000000 -7.369677
v -8.391840 0.000000 -7.218511
v -8.647736 1.012500 -7.528671
v -8.579695 4.050000 -7.314213
v -8.555941 4.050000 -7.475673
v -6.817373 2.025000 -8.796914
v -6.758765 2.025000 -8.831751
v -6.731332 0.000000 -8.729366
v -8.228823 4.050000 -8.228823
v -8.853661 3.037500 -6.927411
v -8.653156 2.025000 -6.862249
v -8.853661 1.012500 -6.927411
v -6.000000 2.025000 -9.094004
v -6.000000 3.037500 -9.305996
v -8.753408 4.050000 -6.894831
v -6.000000 0.000000 -8.988008
v -6.000000 1.012500 -9.305996
v -7.450526 4.050000 -8.648400
v -8.552904 0.000000 -6.829669
v -7.348968 0.000000 -8.462973
v -7.501306 3.037500 -8.741115
v -7.399747 2.025000 -8.555687
v -7.501306 1.012500 -8.741115
v -6.000000 4.050000 -9.200000
v -7.035276 0.000000 -9.863704
v -7.035276 4.050000 -9.863704
v -8.000000 0.000000 -9.464102
v -8.000000 4.050000 -9.464102
v -9.464102 4.050000 -8.000000
v -8.828427 4.050000 -8.828427
v -9.863703 4.050000 -7.035276
v -10.000000 4.050000 -6.000000
v -6.000000 4.050000 -10.000000
v -8.828427 0.000000 -8.828427
v -9.863703 0.000000 -7.035276
v -9.464102 0.000000 -8.000000
v -10.000000 0.000000 -6.000000
v -6.000000 0.000000 -10.000000
v -9.500307 -0.000000 -7.164326
v -9.679016 -0.000000 -6.497374
v -8.833355 -0.000000 -7.343036
v -9.190773 -0.000000 -6.009130
v -8.345112 -0.000000 -6.854793
v -8.523821 -0.000000 -6.187840
v -9.124651 0.329635 -6.255903
v -9.432244 0.329635 -6.563496
v -8.704471 0.329635 -6.368490
v -8.591884 0.329635 -6.788670
v -8.899477 0.329635 -7.096263
v -9.319657 0.329635 -6.983676
v -9.165860 0.344619 -6.829880
v -8.955770 0.344619 -6.886173
v -9.222154 0.344619 -6.619790
v -9.068357 0.344619 -6.465993
v -8.801974 0.344619 -6.732377
v -8.858268 0.344619 -6.522286
v -8.497211 0.000000 6.747846
v -8.393683 0.000000 6.361475
v -8.435974 0.100000 6.712491
v -8.358328 0.100000 6.422713
v -8.524198 0.000000 6.248742
v -8.717383 0.000000 6.300506
v -8.554816 0.050000 6.231065
v -8.699705 0.050000 6.269887
v -8.007313 0.000000 6.465003
v -8.110841 0.000000 6.851374
v -8.068550 0.100000 6.500359
v -8.146196 0.100000 6.790136
v -8.738528 0.050000 6.124999
v -8.593639 0.050000 6.086176
v -8.769147 0.000000 6.107321
v -8.575962 0.000000 6.055557
v -7.181538 0.000000 8.271631
v -7.146182 0.050000 8.210394
v -6.795167 0.000000 8.168103
v -6.856404 0.050000 8.132748
v -6.898695 0.000000 7.781733
v -6.934050 0.050000 7.842970
v -6.498347 0.000000 7.582728
v -6.498347 0.000000 7.782728
v -6.523347 0.100000 7.607728
v -6.523347 0.100000 7.757729
v -6.673347 0.100000 7.757728
v -6.673347 0.100000 7.607728
v -7.223828 0.050000 7.920616
v -7.285065 0.000000 7.885261
v -6.698347 0.000000 7.782728
v -6.698347 0.000000 7.582728
v -6.369277 0.000000 8.398305
v -6.369277 0.050000 8.327595
v -6.086435 0.000000 8.115462
v -6.157146 0.050000 8.115462
v -6.581409 0.050000 8.115462
v -6.369277 0.050000 7.903330
v -6.652120 0.000000 8.115462
v -6.369277 0.000000 7.832620
v -8.722469 3.037500 7.571818
v -8.153872 2.025000 8.153872
v -8.303774 3.037500 8.303774
v -6.000000 0.000000 8.988008
v -6.000000 1.012500 9.305997
v -6.708997 0.000000 8.646012
v -8.630674 4.050000 7.518820
v -7.266362 2.025000 8.485767
v -7.362064 3.037500 8.673622
v -7.528671 3.037500 8.647736
v -6.000000 2.025000 9.094005
v -6.791298 1.012500 8.953166
v -6.736431 2.025000 8.748397
v -8.538878 2.025000 7.465822
v -9.036520 3.037500 6.813633
v -8.999845 3.037500 6.876678
v -8.934135 4.050000 6.786200
v -8.447083 0.000000 7.412824
v -8.078922 0.000000 8.078922
v -8.722469 1.012500 7.571818
v -7.362064 1.012500 8.673622
v -7.422675 2.025000 8.464146
v -8.303774 1.012500 8.303774
v -6.000000 3.037500 9.305997
v -6.763865 4.050000 8.850781
v -6.791298 3.037500 8.953166
v -8.898379 4.050000 6.847025
v -6.000000 4.050000 9.200001
v -9.036520 1.012500 6.813633
v -8.695448 0.000000 6.787721
v -8.999845 1.012500 6.876678
v -7.369677 0.000000 8.372350
v -7.218511 0.000000 8.391840
v -7.528671 1.012500 8.647736
v -7.314213 4.050000 8.579695
v -7.475673 4.050000 8.555941
v -8.796914 2.025000 6.817372
v -8.831751 2.025000 6.758765
v -8.729366 0.000000 6.731331
v -8.228823 4.050000 8.228823
v -6.927411 3.037500 8.853661
v -6.862249 2.025000 8.653156
v -6.927411 1.012500 8.853661
v -9.094004 2.025000 6.000000
v -9.305996 3.037500 6.000000
v -6.894831 4.050000 8.753408
v -8.988008 0.000000 6.000000
v -9.305996 1.012500 6.000000
v -8.648401 4.050000 7.450526
v -6.829668 0.000000 8.552904
v -8.462973 0.000000 7.348968
v -8.741116 3.037500 7.501306
v -8.555687 2.025000 7.399747
v -8.741116 1.012500 7.501306
v -9.200000 4.050000 6.000000
v -9.863704 0.000000 7.035276
v -9.863704 4.050000 7.035276
v -9.464102 0.000000 8.000000
v -9.464102 4.050000 8.000000
v -8.000000 4.050000 9.464102
v -8.828427 4.050000 8.828427
v -7.035276 4.050000 9.863704
v -6.000000 4.050000 10.000000
v -10.000000 4.050000 6.000000
v -8.828427 0.000000 8.828427
v -7.035276 0.000000 9.863704
v -8.000000 0.000000 9.464102
v -6.000000 0.000000 10.000000
v -10.000000 0.000000 6.000000
v -7.164326 -0.000000 9.500307
v -6.497374 -0.000000 9.679016
v -7.343036 -0.000000 8.833355
v -6.009130 -0.000000 9.190773
v -6.854793 -0.000000 8.345112
v -6.187840 -0.000000 8.523821
v -6.255903 0.329635 9.124651
v -6.563497 0.329635 9.432244
v -6.368490 0.329635 8.704471
v -6.788670 0.329635 8.591884
v -7.096263 0.329635 8.899477
v -6.983676 0.329635 9.319657
v -6.829880 0.344619 9.165860
v -6.886173 0.344619 8.955770
v -6.619790 0.344619 9.222154
v -6.465993 0.344619 9.068357
v -6.732377 0.344619 8.801974
v -6.522286 0.344619 8.858268
v -0.172104 0.000000 7.774421
v 0.138479 0.000000 6.615310
v 0.011608 0.050000 7.668355
v 0.244545 0.050000 6.799022
v 0.906262 0.050000 9.211001
v 0.800220 0.050000 8.930368
v 1.186896 0.050000 9.104959
v 1.080853 0.050000 8.824327
v 0.880941 0.050000 7.901292
v 1.113878 0.050000 7.031959
v -1.175115 0.100000 7.887543
v -1.297590 0.000000 7.816832
v -0.595560 0.100000 7.732251
v -0.524849 0.000000 7.609776
v -1.019824 0.100000 8.467098
v -0.440268 0.100000 8.311807
v -1.090535 0.000000 8.589573
v 0.987007 0.000000 8.085004
v 1.297590 0.000000 6.925893
v -1.335641 0.025000 6.772713
v -1.413287 0.025000 6.482935
v -1.045863 0.025000 6.695067
v -1.123509 0.025000 6.405289
v -1.474524 0.000000 6.447579
v -1.088153 0.000000 6.344052
v -1.370996 0.000000 6.833950
v -0.984626 0.000000 6.730422
v 0.735774 0.000000 8.901270
v 1.109952 0.000000 8.759880
v 1.251342 0.000000 9.134058
v 0.877164 0.000000 9.275448
v -1.345028 0.000000 9.578229
v -1.375647 0.025000 9.560552
v -1.396792 0.000000 9.385044
v -1.414470 0.025000 9.415662
v -1.520536 0.025000 9.599374
v -1.559359 0.025000 9.454485
v -0.317794 0.000000 8.382518
v -1.538214 0.000000 9.629992
v -1.589977 0.000000 9.436808
v 1.771971 0.000000 7.262668
v 1.741352 0.025000 7.244990
v 1.720207 0.000000 7.069483
v 1.702529 0.025000 7.100101
v 1.596463 0.025000 7.283813
v 1.557640 0.025000 7.138925
v 1.527022 0.000000 7.121247
v 1.578786 0.000000 7.314432
v -0.511062 0.050000 7.313485
v -0.811062 0.050000 7.313485
v -0.511062 0.050000 7.013484
v -0.811062 0.050000 7.013484
v -0.461062 0.000000 7.363484
v -0.861062 0.000000 7.363484
v -0.461062 0.000000 6.963485
v -0.861062 0.000000 6.963485
v 0.594766 0.000000 8.196238
v 0.569766 0.050000 8.221238
v 0.394766 0.000000 8.196238
v 0.419766 0.050000 8.221238
v 0.569766 0.050000 8.371238
v 0.419766 0.050000 8.371238
v 0.594766 0.000000 8.396238
v 0.394766 0.000000 8.396237
v -0.053069 0.025000 8.823903
v -0.130715 0.025000 8.534125
v 0.236708 0.025000 8.746258
v 0.159063 0.025000 8.456480
v -0.191952 0.000000 8.498770
v 0.194418 0.000000 8.395243
v -0.470176 0.050000 9.323453
v -0.759954 0.050000 9.245807
v -0.392530 0.050000 9.033675
v -0.682308 0.050000 8.956029
v -0.434821 0.000000 9.384690
v -0.821191 0.000000 9.281162
v -0.088425 0.000000 8.885140
v 0.297946 0.000000 8.781612
v -0.717663 0.000000 8.894792
v -0.331293 0.000000 8.998320
v -8.432192 0.000000 -5.296845
v -8.449869 0.050000 -5.266226
v -8.625377 0.000000 -5.245081
v -8.594758 0.050000 -5.227404
v -8.573613 0.000000 -5.051896
v -8.555935 0.050000 -5.082515
v -8.714653 0.000000 -5.547956
v -8.611125 0.000000 -5.934326
v -8.653416 0.100000 -5.583311
v -8.575769 0.100000 -5.873089
v -8.224755 0.000000 -5.830798
v -8.285992 0.100000 -5.795443
v -8.328282 0.000000 -5.444428
v -8.363638 0.100000 -5.505665
v -8.380427 0.000000 -5.103660
v -8.411046 0.050000 -5.121337
v -7.837993 -0.000000 -2.709411
v -7.862993 0.100000 -2.684411
v -8.037993 -0.000000 -2.709411
v -8.012993 0.100000 -2.684411
v -7.862993 0.100000 -2.534411
v -8.012993 0.100000 -2.534411
v -7.837993 -0.000000 -2.509411
v -8.037993 -0.000000 -2.509411
v -8.675164 -0.000000 -2.625903
v -8.575165 -0.000000 -2.799108
v -8.641014 0.100000 -2.635053
v -8.566013 0.100000 -2.764957
v -8.401959 -0.000000 -2.699108
v -8.501960 -0.000000 -2.525903
v -8.436110 0.100000 -2.689957
v -8.511110 0.100000 -2.560053
v -8.280169 0.050000 -2.848599
v -8.357815 0.050000 -3.138377
v -7.990392 0.050000 -2.926245
v -8.068037 0.050000 -3.216022
v -7.929154 -0.000000 -2.890889
v -8.032681 -0.000000 -3.277260
v -8.315525 -0.000000 -2.787362
v -8.419052 -0.000000 -3.173732
v -9.200000 4.050000 -2.000000
v -10.000000 4.050000 -2.000000
v -8.972754 4.050000 -2.800162
v -8.972754 4.050000 -3.199838
v -9.200000 4.050000 -4.000000
v -9.082795 4.050000 -4.724023
v -9.082795 4.050000 -5.275977
v -8.982795 2.025000 -5.275977
v -8.982795 2.025000 -4.724023
v -9.182795 3.037500 -5.275977
v -9.182795 3.037500 -4.724023
v -9.099999 2.025000 -4.000000
v -9.300000 3.037500 -4.000000
v -8.772754 0.000000 -3.199838
v -8.772754 0.000000 -2.800162
v -9.072754 1.012500 -3.199838
v -9.072754 1.012500 -2.800162
v -10.000000 0.000000 -2.000000
v -10.000000 0.000000 -6.000000
v -8.872754 2.025000 -3.199838
v -9.072754 3.037500 -3.199838
v -9.000000 0.000000 -6.000000
v -8.882794 0.000000 -5.275977
v -9.299999 1.012500 -6.000000
v -9.182795 1.012500 -5.275977
v -9.099999 2.025000 -6.000000
v -9.299999 3.037500 -6.000000
v -8.882795 0.000000 -4.724023
v -9.000000 0.000000 -4.000000
v -9.182795 1.012500 -4.724023
v -9.300000 1.012500 -4.000000
v -8.872754 2.025000 -2.800162
v -9.100000 2.025000 -2.000000
v -9.072754 3.037500 -2.800162
v -9.300000 3.037500 -2.000000
v -9.000000 0.000000 -2.000000
v -9.300000 1.012500 -2.000000
v -9.617163 0.000000 -2.951766
v -8.950210 0.000000 -2.773057
v -9.795872 0.000000 -3.618719
v -8.461967 0.000000 -3.261300
v -9.307629 0.000000 -4.106962
v -8.640676 0.000000 -3.928253
v -8.708739 1.127352 -3.327423
v -9.016333 1.127352 -3.019830
v -8.821326 1.127352 -3.747603
v -9.241506 1.127352 -3.860190
v -9.549099 1.127352 -3.552597
v -9.436512 1.127352 -3.132416
v -9.282716 1.178595 -3.286213
v -9.339009 1.178595 -3.496303
v -9.072626 1.178595 -3.229919
v -8.918829 1.178595 -3.383716
v -9.185212 1.178595 -3.650100
v -8.975122 1.178595 -3.593806
v -8.432192 0.000000 2.703155
v -8.449869 0.050000 2.733774
v -8.625377 0.000000 2.754919
v -8.594758 0.050000 2.772596
v -8.573613 0.000000 2.948104
v -8.555935 0.050000 2.917485
v -8.714653 0.000000 2.452044
v -8.611125 0.000000 2.065674
v -8.653416 0.100000 2.416689
v -8.575769 0.100000 2.126911
v -8.224755 0.000000 2.169202
v -8.285992 0.100000 2.204557
v -8.328282 0.000000 2.555572
v -8.363638 0.100000 2.494335
v -8.380427 0.000000 2.896340
v -8.411046 0.050000 2.878663
v -7.837993 -0.000000 5.290589
v -7.862993 0.100000 5.315589
v -8.037993 -0.000000 5.290589
v -8.012993 0.100000 5.315589
v -7.862993 0.100000 5.465590
v -8.012993 0.100000 5.465589
v -7.837993 -0.000000 5.490589
v -8.037993 -0.000000 5.490589
v -8.675164 -0.000000 5.374097
v -8.575165 -0.000000 5.200892
v -8.641014 0.100000 5.364946
v -8.566013 0.100000 5.235043
v -8.401959 -0.000000 5.300892
v -8.501960 -0.000000 5.474097
v -8.436110 0.100000 5.310043
v -8.511110 0.100000 5.439947
v -8.280169 0.050000 5.151401
v -8.357815 0.050000 4.861623
v -7.990392 0.050000 5.073755
v -8.068037 0.050000 4.783978
v -7.929154 -0.000000 5.109111
v -8.032681 -0.000000 4.722740
v -8.315525 -0.000000 5.212638
v -8.419052 -0.000000 4.826268
v -9.200000 4.050000 6.000000
v -10.000000 4.050000 6.000000
v -8.972754 4.050000 5.199838
v -10.000000 4.050000 2.000000
v -8.972754 4.050000 4.800162
v -9.200000 4.050000 4.000000
v -9.082795 4.050000 3.275977
v -9.082795 4.050000 2.724023
v -9.200000 4.050000 2.000000
v -8.982795 2.025000 2.724023
v -8.982795 2.025000 3.275977
v -9.182795 3.037500 2.724023
v -9.182795 3.037500 3.275977
v -9.099999 2.025000 4.000000
v -9.300000 3.037500 4.000000
v -8.772754 0.000000 4.800162
v -8.772754 0.000000 5.199838
v -9.072754 1.012500 4.800162
v -9.072754 1.012500 5.199838
v -10.000000 0.000000 6.000000
v -10.000000 0.000000 2.000000
v -8.872754 2.025000 4.800162
v -9.072754 3.037500 4.800162
v -9.000000 0.000000 2.000000
v -8.882794 0.000000 2.724023
v -9.299999 1.012500 2.000000
v -9.182795 1.012500 2.724023
v -9.099999 2.025000 2.000000
v -9.299999 3.037500 2.000000
v -8.882795 0.000000 3.275977
v -9.000000 0.000000 4.000000
v -9.182795 1.012500 3.275977
v -9.300000 1.012500 4.000000
v -8.872754 2.025000 5.199838
v -9.100000 2.025000 6.000000
v -9.072754 3.037500 5.199838
v -9.300000 3.037500 6.000000
v -9.000000 0.000000 6.000000
v -9.300000 1.012500 6.000000
v -9.617163 0.000000 5.048234
v -8.950210 0.000000 5.226943
v -9.795872 0.000000 4.381281
v -8.461967 0.000000 4.738700
v -9.307629 0.000000 3.893038
v -8.640676 0.000000 4.071747
v -8.708739 1.127352 4.672577
v -9.016333 1.127352 4.980170
v -8.821326 1.127352 4.252397
v -9.241506 1.127352 4.139811
v -9.549099 1.127352 4.447403
v -9.436512 1.127352 4.867584
v -9.282716 1.178595 4.713787
v -9.339009 1.178595 4.503697
v -9.072626 1.178595 4.770081
v -8.918829 1.178595 4.616284
v -9.185212 1.178595 4.349900
v -8.975122 1.178595 4.406194
v 8.432192 0.000000 5.296845
v 8.449870 0.050000 5.266227
v 8.625378 0.000000 5.245082
v 8.594759 0.050000 5.227404
v 8.573613 0.000000 5.051897
v 8.555936 0.050000 5.082515
v 8.714653 0.000000 5.547956
v 8.611126 0.000000 5.934327
v 8.653417 0.100000 5.583312
v 8.575770 0.100000 5.873089
v 8.224755 0.000000 5.830799
v 8.285993 0.100000 5.795444
v 8.328283 0.000000 5.444428
v 8.363639 0.100000 5.505666
v 8.380428 0.000000 5.103660
v 8.411047 0.050000 5.121338
v 7.837993 -0.000000 2.709412
v 7.862993 0.100000 2.684412
v 8.037993 -0.000000 2.709411
v 8.012993 0.100000 2.684412
v 7.862993 0.100000 2.534411
v 8.012993 0.100000 2.534411
v 7.837993 -0.000000 2.509411
v 8.037993 -0.000000 2.509411
v 8.675164 -0.000000 2.625903
v 8.575165 -0.000000 2.799109
v 8.641014 0.100000 2.635054
v 8.566013 0.100000 2.764958
v 8.401959 -0.000000 2.699108
v 8.501959 -0.000000 2.525903
v 8.436110 0.100000 2.689958
v 8.511110 0.100000 2.560054
v 8.280169 0.050000 2.848599
v 8.357815 0.050000 3.138377
v 7.990391 0.050000 2.926245
v 8.068037 0.050000 3.216023
v 7.929154 -0.000000 2.890890
v 8.032681 -0.000000 3.277260
v 8.315524 -0.000000 2.787362
v 8.419052 -0.000000 3.173733
v 9.200000 4.050000 2.000000
v 10.000000 4.050000 2.000000
v 8.972754 4.050000 2.800162
v 8.972754 4.050000 3.199838
v 9.200000 4.050000 4.000000
v 9.082795 4.050000 4.724023
v 9.082795 4.050000 5.275977
v 8.982795 2.025000 5.275977
v 8.982795 2.025000 4.724023
v 9.182796 3.037500 5.275977
v 9.182795 3.037500 4.724023
v 9.099999 2.025000 4.000000
v 9.300000 3.037500 4.000000
v 8.772754 0.000000 3.199838
v 8.772754 0.000000 2.800162
v 9.072754 1.012500 3.199838
v 9.072754 1.012500 2.800162
v 10.000000 0.000000 2.000000
v 10.000000 0.000000 6.000000
v 8.872753 2.025000 3.199838
v 9.072754 3.037500 3.199838
v 9.000000 0.000000 6.000000
v 8.882795 0.000000 5.275977
v 9.300000 1.012500 6.000000
v 9.182796 1.012500 5.275977
v 9.100000 2.025000 6.000000
v 9.300000 3.037500 6.000000
v 8.882795 0.000000 4.724023
v 9.000000 0.000000 4.000000
v 9.182795 1.012500 4.724023
v 9.300000 1.012500 4.000000
v 8.872753 2.025000 2.800162
v 9.099999 2.025000 2.000000
v 9.072754 3.037500 2.800162
v 9.299999 3.037500 2.000000
v 9.000000 0.000000 2.000000
v 9.299999 1.012500 2.000000
v 9.617162 0.000000 2.951767
v 8.950210 0.000000 2.773057
v 9.795872 0.000000 3.618719
v 8.461967 0.000000 3.261301
v 9.307629 0.000000 4.106963
v 8.640676 0.000000 3.928253
v 8.708739 1.127352 3.327423
v 9.016333 1.127352 3.019830
v 8.821326 1.127352 3.747603
v 9.241507 1.127352 3.860190
v 9.549099 1.127352 3.552597
v 9.436512 1.127352 3.132417
v 9.282716 1.178595 3.286213
v 9.339009 1.178595 3.496304
v 9.072626 1.178595 3.229920
v 8.918829 1.178595 3.383717
v 9.185213 1.178595 3.650100
v 8.975122 1.178595 3.593807
v -2.703155 0.000000 -8.432192
v -2.733773 0.050000 -8.449869
v -2.754919 0.000000 -8.625377
v -2.772596 0.050000 -8.594759
v -2.948104 0.000000 -8.573613
v -2.917485 0.050000 -8.555936
v -2.452044 0.000000 -8.714653
v -2.065674 0.000000 -8.611126
v -2.416689 0.100000 -8.653416
v -2.126911 0.100000 -8.575770
v -2.169202 0.000000 -8.224755
v -2.204557 0.100000 -8.285993
v -2.555572 0.000000 -8.328283
v -2.494335 0.100000 -8.363638
v -2.896340 0.000000 -8.380428
v -2.878663 0.050000 -8.411047
v -4.890410 -0.000000 -8.097594
v -4.855055 0.050000 -8.158832
v -4.504040 -0.000000 -8.201122
v -4.565277 0.050000 -8.236477
v -4.993937 -0.000000 -8.483965
v -4.607567 -0.000000 -8.587492
v -4.932700 0.050000 -8.448609
v -4.642922 0.050000 -8.526255
v -5.354456 0.000000 -8.180433
v -5.354456 0.000000 -8.380433
v -5.329456 0.100000 -8.205433
v -5.329456 0.100000 -8.355433
v -5.154457 0.000000 -8.180433
v -5.179457 0.100000 -8.205433
v -5.154457 0.000000 -8.380433
v -5.179457 0.100000 -8.355433
v -5.199838 4.050000 -8.972754
v -2.000000 4.050000 -10.000000
v -4.800162 4.050000 -8.972754
v -4.000000 4.050000 -9.200000
v -3.275977 4.050000 -9.082795
v -2.724023 4.050000 -9.082795
v -2.000000 4.050000 -9.200000
v -2.724023 2.025000 -8.982795
v -3.275977 2.025000 -8.982795
v -2.724023 3.037500 -9.182795
v -3.275977 3.037500 -9.182795
v -4.000000 2.025000 -9.100000
v -4.000000 3.037500 -9.300000
v -4.800162 0.000000 -8.772754
v -5.199838 0.000000 -8.772754
v -4.800162 1.012500 -9.072754
v -5.199838 1.012500 -9.072754
v -6.000000 0.000000 -10.000000
v -2.000000 0.000000 -10.000000
v -4.800162 2.025000 -8.872754
v -4.800162 3.037500 -9.072754
v -2.000000 0.000000 -9.000000
v -2.724023 0.000000 -8.882795
v -2.000000 1.012500 -9.300000
v -2.724023 1.012500 -9.182795
v -2.000000 2.025000 -9.100000
v -2.000000 3.037500 -9.300000
v -3.275977 0.000000 -8.882795
v -4.000000 0.000000 -9.000000
v -3.275977 1.012500 -9.182795
v -4.000000 1.012500 -9.300000
v -5.199838 2.025000 -8.872754
v -6.000000 2.025000 -9.100000
v -5.199838 3.037500 -9.072754
v -6.000000 3.037500 -9.300000
v -6.000000 0.000000 -9.000000
v -6.000000 1.012500 -9.300000
v -3.862033 4.400535 -9.119654
v -3.724067 4.400535 -9.358620
v -3.724067 4.209207 -8.880690
v -3.448134 4.209207 -9.358620
v -4.275933 4.209207 -9.836550
v -3.724067 4.209207 -9.836550
v -4.137967 4.400535 -9.597584
v -3.862033 4.400535 -9.597584
v -4.275933 4.209207 -8.880690
v -4.137967 4.400535 -9.119654
v -4.437989 -0.000000 -8.600000
v -4.875978 -0.000000 -9.358620
v -4.551866 4.209207 -9.358620
v -4.437989 -0.000000 -10.117240
v -4.275933 4.400535 -9.358620
v -3.124022 -0.000000 -9.358620
v -3.562011 -0.000000 -10.117240
v -3.562011 -0.000000 -8.600000
v -3.532991 -0.000000 -9.755196
v -3.711700 -0.000000 -9.088243
v -2.866039 -0.000000 -9.933905
v -3.223457 -0.000000 -8.600000
v -2.377796 -0.000000 -9.445662
v -2.556505 -0.000000 -8.778709
v -3.157335 1.127352 -8.846772
v -3.464928 1.127352 -9.154366
v -2.737155 1.127352 -8.959359
v -2.624568 1.127352 -9.379539
v -2.932161 1.127352 -9.687133
v -3.352341 1.127352 -9.574546
v -3.198545 1.178595 -9.420749
v -2.988455 1.178595 -9.477042
v -3.254838 1.178595 -9.210659
v -3.101042 1.178595 -9.056863
v -2.834658 1.178595 -9.323246
v -2.890952 1.178595 -9.113156
v 5.296845 0.000000 -8.432192
v 5.266227 0.050000 -8.449869
v 5.245081 0.000000 -8.625377
v 5.227404 0.050000 -8.594759
v 5.051896 0.000000 -8.573613
v 5.082515 0.050000 -8.555936
v 5.547956 0.000000 -8.714653
v 5.934326 0.000000 -8.611126
v 5.583311 0.100000 -8.653416
v 5.873089 0.100000 -8.575770
v 5.830798 0.000000 -8.224755
v 5.795443 0.100000 -8.285993
v 5.444428 0.000000 -8.328283
v 5.505665 0.100000 -8.363638
v 5.103660 0.000000 -8.380428
v 5.121337 0.050000 -8.411047
v 3.109590 -0.000000 -8.097594
v 3.144945 0.050000 -8.158832
v 3.495960 -0.000000 -8.201122
v 3.434723 0.050000 -8.236477
v 3.006063 -0.000000 -8.483965
v 3.392433 -0.000000 -8.587492
v 3.067300 0.050000 -8.448609
v 3.357077 0.050000 -8.526255
v 2.645544 0.000000 -8.180433
v 2.645544 0.000000 -8.380433
v 2.670544 0.100000 -8.205433
v 2.670544 0.100000 -8.355433
v 2.845543 0.000000 -8.180433
v 2.820543 0.100000 -8.205433
v 2.845543 0.000000 -8.380433
v 2.820543 0.100000 -8.355433
v 2.000000 4.050000 -9.200000
v 2.000000 4.050000 -10.000000
v 2.800162 4.050000 -8.972754
v 6.000000 4.050000 -10.000000
v 3.199838 4.050000 -8.972754
v 4.000000 4.050000 -9.200000
v 4.724023 4.050000 -9.082795
v 5.275977 4.050000 -9.082795
v 6.000000 4.050000 -9.200000
v 5.275977 2.025000 -8.982795
v 4.724023 2.025000 -8.982795
v 5.275977 3.037500 -9.182795
v 4.724023 3.037500 -9.182795
v 4.000000 2.025000 -9.100000
v 4.000000 3.037500 -9.300000
v 3.199838 0.000000 -8.772754
v 2.800162 0.000000 -8.772754
v 3.199838 1.012500 -9.072754
v 2.800162 1.012500 -9.072754
v 2.000000 0.000000 -10.000000
v 6.000000 0.000000 -10.000000
v 3.199838 2.025000 -8.872754
v 3.199838 3.037500 -9.072754
v 6.000000 0.000000 -9.000000
v 5.275977 0.000000 -8.882795
v 6.000000 1.012500 -9.300000
v 5.275977 1.012500 -9.182795
v 6.000000 2.025000 -9.100000
v 6.000000 3.037500 -9.300000
v 4.724023 0.000000 -8.882795
v 4.000000 0.000000 -9.000000
v 4.724023 1.012500 -9.182795
v 4.000000 1.012500 -9.300000
v 2.800162 2.025000 -8.872754
v 2.000000 2.025000 -9.100000
v 2.800162 3.037500 -9.072754
v 2.000000 3.037500 -9.300000
v 2.000000 0.000000 -9.000000
v 2.000000 1.012500 -9.300000
v 4.137967 4.400535 -9.119654
v 4.275933 4.400535 -9.358620
v 4.275933 4.209207 -8.880690
v 4.551866 4.209207 -9.358620
v 3.724067 4.209207 -9.836550
v 4.275933 4.209207 -9.836550
v 3.862033 4.400535 -9.597584
v 4.137967 4.400535 -9.597584
v 3.724067 4.209207 -8.880690
v 3.862033 4.400535 -9.119654
v 3.562011 0.000000 -8.600000
v 3.124022 0.000000 -9.358620
v 3.448134 4.209207 -9.358620
v 3.562011 0.000000 -10.117240
v 3.724067 4.400535 -9.358620
v 4.875978 0.000000 -9.358620
v 4.437989 0.000000 -10.117240
v 4.437989 0.000000 -8.600000
v 4.467009 0.000000 -9.755196
v 4.288300 0.000000 -9.088243
v 5.133961 0.000000 -9.933905
v 4.776543 0.000000 -8.600000
v 5.622204 0.000000 -9.445662
v 5.443495 0.000000 -8.778709
v 4.842665 1.127352 -8.846772
v 4.535072 1.127352 -9.154366
v 5.262845 1.127352 -8.959359
v 5.375432 1.127352 -9.379539
v 5.067839 1.127352 -9.687133
v 4.647659 1.127352 -9.574546
v 4.801455 1.178595 -9.420749
v 5.011545 1.178595 -9.477042
v 4.745162 1.178595 -9.210659
v 4.898959 1.178595 -9.056863
v 5.165342 1.178595 -9.323246
v 5.109048 1.178595 -9.113156
v 2.703155 0.000000 8.432192
v 2.733773 0.050000 8.449869
v 2.754919 0.000000 8.625377
v 2.772596 0.050000 8.594759
v 2.948104 0.000000 8.573613
v 2.917485 0.050000 8.555936
v 2.452044 0.000000 8.714653
v 2.065674 0.000000 8.611126
v 2.416689 0.100000 8.653416
v 2.126911 0.100000 8.575770
v 2.169202 0.000000 8.224755
v 2.204557 0.100000 8.285993
v 2.555572 0.000000 8.328283
v 2.494335 0.100000 8.363638
v 2.896340 0.000000 8.380428
v 2.878663 0.050000 8.411047
v 4.890410 -0.000000 8.097594
v 4.855055 0.050000 8.158832
v 4.504040 -0.000000 8.201122
v 4.565277 0.050000 8.236477
v 4.993937 -0.000000 8.483965
v 4.607567 -0.000000 8.587492
v 4.932700 0.050000 8.448609
v 4.642922 0.050000 8.526255
v 5.354456 0.000000 8.180433
v 5.354456 0.000000 8.380433
v 5.329456 0.100000 8.205433
v 5.329456 0.100000 8.355433
v 5.154457 0.000000 8.180433
v 5.179457 0.100000 8.205433
v 5.154457 0.000000 8.380433
v 5.179457 0.100000 8.355433
v 5.199838 4.050000 8.972754
v 2.000000 4.050000 10.000000
v 4.800162 4.050000 8.972754
v 4.000000 4.050000 9.200000
v 3.275977 4.050000 9.082795
v 2.724023 4.050000 9.082795
v 2.000000 4.050000 9.200000
v 2.724023 2.025000 8.982795
v 3.275977 2.025000 8.982795
v 2.724023 3.037500 9.182795
v 3.275977 3.037500 9.182795
v 4.000000 2.025000 9.100000
v 4.000000 3.037500 9.300000
v 4.800162 0.000000 8.772754
v 5.199838 0.000000 8.772754
v 4.800162 1.012500 9.072754
v 5.199838 1.012500 9.072754
v 6.000000 0.000000 10.000000
v 2.000000 0.000000 10.000000
v 4.800162 2.025000 8.872754
v 4.800162 3.037500 9.072754
v 2.000000 0.000000 9.000000
v 2.724023 0.000000 8.882795
v 2.000000 1.012500 9.300000
v 2.724023 1.012500 9.182795
v 2.000000 2.025000 9.100000
v 2.000000 3.037500 9.300000
v 3.275977 0.000000 8.882795
v 4.000000 0.000000 9.000000
v 3.275977 1.012500 9.182795
v 4.000000 1.012500 9.300000
v 5.199838 2.025000 8.872754
v 6.000000 2.025000 9.100000
v 5.199838 3.037500 9.072754
v 6.000000 3.037500 9.300000
v 6.000000 0.000000 9.000000
v 6.000000 1.012500 9.300000
v 3.862033 4.400535 9.119654
v 3.724067 4.400535 9.358620
v 3.724067 4.209207 8.880690
v 3.448134 4.209207 9.358620
v 4.275933 4.209207 9.836550
v 3.724067 4.209207 9.836550
v 4.137967 4.400535 9.597584
v 3.862033 4.400535 9.597584
v 4.275933 4.209207 8.880690
v 4.137967 4.400535 9.119654
v 4.437989 -0.000000 8.600000
v 4.875978 -0.000000 9.358620
v 4.551866 4.209207 9.358620
v 4.437989 -0.000000 10.117240
v 4.275933 4.400535 9.358620
v 3.124022 -0.000000 9.358620
v 3.562011 -0.000000 10.117240
v 3.562011 -0.000000 8.600000
v 3.532991 -0.000000 9.755196
v 3.711701 -0.000000 9.088243
v 2.866039 -0.000000 9.933905
v 3.223458 -0.000000 8.600000
v 2.377796 -0.000000 9.445662
v 2.556505 -0.000000 8.778709
v 3.157335 1.127352 8.846772
v 3.464928 1.127352 9.154366
v 2.737155 1.127352 8.959359
v 2.624568 1.127352 9.379539
v 2.932161 1.127352 9.687133
v 3.352341 1.127352 9.574546
v 3.198545 1.178595 9.420749
v 2.988455 1.178595 9.477042
v 3.254838 1.178595 9.210659
v 3.101042 1.178595 9.056863
v 2.834658 1.178595 9.323246
v 2.890952 1.178595 9.113156
v -5.296845 0.000000 8.432192
v -5.266227 0.050000 8.449869
v -5.245081 0.000000 8.625377
v -5.227404 0.050000 8.594759
v -5.051896 0.000000 8.573613
v -5.082515 0.050000 8.555936
v -5.547956 0.000000 8.714653
v -5.934326 0.000000 8.611126
v -5.583311 0.100000 8.653416
v -5.873089 0.100000 8.575770
v -5.830798 0.000000 8.224755
v -5.795443 0.100000 8.285993
v -5.444428 0.000000 8.328283
v -5.505665 0.100000 8.363638
v -5.103660 0.000000 8.380428
v -5.121337 0.050000 8.411047
v -3.109590 -0.000000 8.097594
v -3.144945 0.050000 8.158832
v -3.495960 -0.000000 8.201122
v -3.434723 0.050000 8.236477
v -3.006063 -0.000000 8.483965
v -3.392433 -0.000000 8.587492
v -3.067300 0.050000 8.448609
v -3.357077 0.050000 8.526255
v -2.645544 0.000000 8.180433
v -2.645544 0.000000 8.380433
v -2.670544 0.100000 8.205433
v -2.670544 0.100000 8.355433
v -2.845543 0.000000 8.180433
v -2.820543 0.100000 8.205433
v -2.845543 0.000000 8.380433
v -2.820543 0.100000 8.355433
v -2.000000 4.050000 9.200000
v -2.000000 4.050000 10.000000
v -2.800162 4.050000 8.972754
v -3.199838 4.050000 8.972754
v -4.000000 4.050000 9.200000
v -4.724023 4.050000 9.082795
v -5.275977 4.050000 9.082795
v -6.000000 4.050000 9.200000
v -5.275977 2.025000 8.982795
v -4.724023 2.025000 8.982795
v -5.275977 3.037500 9.182795
v -4.724023 3.037500 9.182795
v -4.000000 2.025000 9.100000
v -4.000000 3.037500 9.300000
v -3.199838 0.000000 8.772754
v -2.800162 0.000000 8.772754
v -3.199838 1.012500 9.072754
v -2.800162 1.012500 9.072754
v -2.000000 0.000000 10.000000
v -6.000000 0.000000 10.000000
v -3.199838 2.025000 8.872754
v -3.199838 3.037500 9.072754
v -6.000000 0.000000 9.000000
v -5.275977 0.000000 8.882795
v -6.000000 1.012500 9.300000
v -5.275977 1.012500 9.182795
v -6.000000 2.025000 9.100000
v -6.000000 3.037500 9.300000
v -4.724023 0.000000 8.882795
v -4.000000 0.000000 9.000000
v -4.724023 1.012500 9.182795
v -4.000000 1.012500 9.300000
v -2.800162 2.025000 8.872754
v -2.000000 2.025000 9.100000
v -2.800162 3.037500 9.072754
v -2.000000 3.037500 9.300000
v -2.000000 0.000000 9.000000
v -2.000000 1.012500 9.300000
v -4.137967 4.400535 9.119654
v -4.275933 4.400535 9.358620
v -4.275933 4.209207 8.880690
v -4.551866 4.209207 9.358620
v -3.724067 4.209207 9.836550
v -4.275933 4.209207 9.836550
v -3.862033 4.400535 9.597584
v -4.137967 4.400535 9.597584
v -3.724067 4.209207 8.880690
v -3.862033 4.400535 9.119654
v -3.562011 0.000000 8.600000
v -3.124022 0.000000 9.358620
v -3.448134 4.209207 9.358620
v -3.562011 0.000000 10.117240
v -3.724067 4.400535 9.358620
v -4.875978 0.000000 9.358620
v -4.437989 0.000000 10.117240
v -4.437989 0.000000 8.600000
v -4.467009 0.000000 9.755196
v -4.288299 0.000000 9.088243
v -5.133961 0.000000 9.933905
v -4.776542 0.000000 8.600000
v -5.622204 0.000000 9.445662
v -5.443495 0.000000 8.778709
v -4.842665 1.127352 8.846772
v -4.535071 1.127352 9.154366
v -5.262845 1.127352 8.959359
v -5.375432 1.127352 9.379539
v -5.067839 1.127352 9.687133
v -4.647658 1.127352 9.574546
v -4.801455 1.178595 9.420749
v -5.011545 1.178595 9.477042
v -4.745162 1.178595 9.210659
v -4.898958 1.178595 9.056863
v -5.165342 1.178595 9.323246
v -5.109048 1.178595 9.113156
v 9.325000 2.025000 -1.325000
v 9.100000 2.025000 -2.000000
v 9.475000 3.037500 -1.475000
v 9.300000 3.037500 -2.000000
v 9.400000 4.050000 -1.400000
v 10.000000 4.050000 -1.200000
v 10.000000 3.037500 -1.300000
v 9.250000 -0.000000 -1.250000
v 9.475000 1.012500 -1.475000
v 10.000000 -0.000000 -1.000000
v 10.000000 1.012500 -1.300000
v 9.000000 -0.000000 -2.000000
v 9.300000 1.012500 -2.000000
v 9.200000 4.050000 -2.000000
v 10.000000 4.050000 -2.000000
v 10.000000 -0.000000 -2.000000
v 10.000000 2.025000 -1.100000
v -9.325000 2.025000 -1.325000
v -10.000000 2.025000 -1.100000
v -9.475000 3.037500 -1.475000
v -10.000000 3.037500 -1.300000
v -9.400000 4.050000 -1.400000
v -9.200000 4.050000 -2.000000
v -9.300000 3.037500 -2.000000
v -9.250000 -0.000000 -1.250000
v -9.475000 1.012500 -1.475000
v -9.000000 -0.000000 -2.000000
v -9.300000 1.012500 -2.000000
v -10.000000 -0.000000 -1.000000
v -10.000000 1.012500 -1.300000
v -10.000000 4.050000 -1.200000
v -10.000000 4.050000 -2.000000
v -10.000000 -0.000000 -2.000000
v -9.100000 2.025000 -2.000000
v -1.325000 2.025000 -9.325000
v -1.475000 3.037500 -9.475000
v -1.400000 4.050000 -9.400000
v -1.200000 4.050000 -10.000000
v -1.300000 3.037500 -10.000000
v -1.250000 -0.000000 -9.250000
v -1.475000 1.012500 -9.475000
v -1.000000 -0.000000 -10.000000
v -1.300000 1.012500 -10.000000
v -2.000000 -0.000000 -9.000000
v -2.000000 -0.000000 -10.000000
v -1.100000 2.025000 -10.000000
v 9.325000 2.025000 1.325000
v 10.000000 2.025000 1.100000
v 9.475000 3.037500 1.475000
v 10.000000 3.037500 1.300000
v 9.400000 4.050000 1.400000
v 9.200000 4.050000 2.000000
v 9.300000 3.037500 2.000000
v 9.250000 -0.000000 1.250000
v 9.475000 1.012500 1.475000
v 9.000000 -0.000000 2.000000
v 9.300000 1.012500 2.000000
v 10.000000 -0.000000 1.000000
v 10.000000 1.012500 1.300000
v 10.000000 4.050000 1.200000
v 10.000000 4.050000 2.000000
v 10.000000 -0.000000 2.000000
v 9.100000 2.025000 2.000000
v 1.325000 2.025000 -9.325000
v 1.100000 2.025000 -10.000000
v 1.475000 3.037500 -9.475000
v 1.300000 3.037500 -10.000000
v 1.400000 4.050000 -9.400000
v 1.250000 -0.000000 -9.250000
v 1.475000 1.012500 -9.475000
v 2.000000 -0.000000 -9.000000
v 1.000000 -0.000000 -10.000000
v 1.300000 1.012500 -10.000000
v 1.200000 4.050000 -10.000000
v 2.000000 -0.000000 -10.000000
v 1.325000 2.025000 9.325000
v 1.475000 3.037500 9.475000
v 1.400000 4.050000 9.400000
v 1.200000 4.050000 10.000000
v 1.300000 3.037500 10.000000
v 1.250000 -0.000000 9.250000
v 1.475000 1.012500 9.475000
v 1.000000 -0.000000 10.000000
v 1.300000 1.012500 10.000000
v 2.000000 -0.000000 9.000000
v 2.000000 -0.000000 10.000000
v 1.100000 2.025000 10.000000
v -1.325000 2.025000 9.325000
v -1.100000 2.025000 10.000000
v -1.475000 3.037500 9.475000
v -1.300000 3.037500 10.000000
v -1.400000 4.050000 9.400000
v -1.250000 -0.000000 9.250000
v -1.475000 1.012500 9.475000
v -2.000000 -0.000000 9.000000
v -1.000000 -0.000000 10.000000
v -1.300000 1.012500 10.000000
v -1.200000 4.050000 10.000000
v -2.000000 -0.000000 10.000000
v -9.325000 2.025000 1.325000
v -9.100000 2.025000 2.000000
v -9.475000 3.037500 1.475000
v -9.300000 3.037500 2.000000
v -9.400000 4.050000 1.400000
v -10.000000 4.050000 1.200000
v -10.000000 3.037500 1.300000
v -9.250000 -0.000000 1.250000
v -9.475000 1.012500 1.475000
v -10.000000 -0.000000 1.000000
v -10.000000 1.012500 1.300000
v -9.000000 -0.000000 2.000000
v -9.300000 1.012500 2.000000
v -9.200000 4.050000 2.000000
v -10.000000 4.050000 2.000000
v -10.000000 -0.000000 2.000000
v -10.000000 2.025000 1.100000
v 8.432192 0.000000 -2.703155
v 8.449870 0.050000 -2.733773
v 8.625378 0.000000 -2.754918
v 8.594759 0.050000 -2.772596
v 8.573613 0.000000 -2.948103
v 8.555936 0.050000 -2.917485
v 8.714653 0.000000 -2.452044
v 8.611126 0.000000 -2.065673
v 8.653417 0.100000 -2.416688
v 8.575770 0.100000 -2.126911
v 8.224755 0.000000 -2.169201
v 8.285993 0.100000 -2.204556
v 8.328283 0.000000 -2.555572
v 8.363639 0.100000 -2.494334
v 8.380428 0.000000 -2.896340
v 8.411047 0.050000 -2.878662
v 7.837993 -0.000000 -5.290588
v 7.862993 0.100000 -5.315588
v 8.037993 -0.000000 -5.290588
v 8.012993 0.100000 -5.315588
v 7.862993 0.100000 -5.465589
v 8.012993 0.100000 -5.465589
v 7.837993 -0.000000 -5.490589
v 8.037993 -0.000000 -5.490589
v 8.675164 -0.000000 -5.374097
v 8.575165 -0.000000 -5.200891
v 8.641014 0.100000 -5.364946
v 8.566013 0.100000 -5.235043
v 8.401959 -0.000000 -5.300892
v 8.501959 -0.000000 -5.474097
v 8.436110 0.100000 -5.310042
v 8.511110 0.100000 -5.439946
v 8.280169 0.050000 -5.151401
v 8.357815 0.050000 -4.861623
v 7.990391 0.050000 -5.073755
v 8.068037 0.050000 -4.783977
v 7.929154 -0.000000 -5.109110
v 8.032681 -0.000000 -4.722740
v 8.315524 -0.000000 -5.212638
v 8.419052 -0.000000 -4.826267
v 9.200000 4.050000 -6.000000
v 8.972754 4.050000 -5.199838
v 10.000000 4.050000 -2.000000
v 8.972754 4.050000 -4.800162
v 9.200000 4.050000 -4.000000
v 9.082795 4.050000 -3.275977
v 9.082795 4.050000 -2.724023
v 9.200000 4.050000 -2.000000
v 8.982795 2.025000 -2.724023
v 8.982795 2.025000 -3.275977
v 9.182796 3.037500 -2.724023
v 9.182795 3.037500 -3.275977
v 9.099999 2.025000 -4.000000
v 9.300000 3.037500 -4.000000
v 8.772754 0.000000 -4.800162
v 8.772754 0.000000 -5.199838
v 9.072754 1.012500 -4.800162
v 9.072754 1.012500 -5.199838
v 10.000000 0.000000 -6.000000
v 10.000000 0.000000 -2.000000
v 8.872753 2.025000 -4.800162
v 9.072754 3.037500 -4.800162
v 9.000000 0.000000 -2.000000
v 8.882795 0.000000 -2.724023
v 9.300000 1.012500 -2.000000
v 9.182796 1.012500 -2.724023
v 9.100000 2.025000 -2.000000
v 9.300000 3.037500 -2.000000
v 8.882795 0.000000 -3.275977
v 9.000000 0.000000 -4.000000
v 9.182795 1.012500 -3.275977
v 9.300000 1.012500 -4.000000
v 8.872753 2.025000 -5.199838
v 9.099999 2.025000 -6.000000
v 9.072754 3.037500 -5.199838
v 9.299999 3.037500 -6.000000
v 9.000000 0.000000 -6.000000
v 9.299999 1.012500 -6.000000
v 9.617162 0.000000 -5.048233
v 8.950210 0.000000 -5.226943
v 9.795872 0.000000 -4.381281
v 8.461967 0.000000 -4.738699
v 9.307629 0.000000 -3.893037
v 8.640676 0.000000 -4.071747
v 8.708739 1.127352 -4.672577
v 9.016333 1.127352 -4.980170
v 8.821326 1.127352 -4.252397
v 9.241507 1.127352 -4.139810
v 9.549099 1.127352 -4.447403
v 9.436512 1.127352 -4.867583
v 9.282716 1.178595 -4.713787
v 9.339009 1.178595 -4.503696
v 9.072626 1.178595 -4.770080
v 8.918829 1.178595 -4.616283
v 9.185213 1.178595 -4.349900
v 8.975122 1.178595 -4.406193
v 2.023444 1.336936 -2.297613
v 2.116364 1.336936 -2.554880
v 2.199784 1.278809 -2.088508
v 2.385624 1.278809 -2.603043
v 1.494423 1.278809 -2.924927
v 2.032944 1.278809 -3.021253
v 1.670763 1.336936 -2.715823
v 1.940024 1.336936 -2.763985
v 1.661263 1.278809 -1.992183
v 1.754184 1.336936 -2.249450
v 1.552119 0.000000 -1.689996
v 0.992309 0.000000 -2.353821
v 1.308583 1.278809 -2.410393
v 1.287294 0.000000 -3.170543
v 1.577843 1.336936 -2.458555
v 2.701898 0.000000 -2.659615
v 2.142088 0.000000 -3.323440
v 2.406914 0.000000 -1.842893
v 1.936259 4.348355 -2.029377
v 1.742977 4.348355 -2.171552
v 2.156028 4.159296 -2.125676
v 1.769463 4.159296 -2.410028
v 1.276952 4.159296 -1.740477
v 1.329925 4.159296 -2.217428
v 1.496721 4.348355 -1.836777
v 1.523208 4.348355 -2.075253
v 2.103055 4.159296 -1.648725
v 1.909773 4.348355 -1.790901
v 2.330086 0.000000 -1.481725
v 1.632406 0.000000 -1.176012
v 1.663517 4.159296 -1.456126
v 1.018811 0.000000 -1.627364
v 1.690004 4.348355 -1.694601
v 1.800575 0.000000 -2.690142
v 1.102895 0.000000 -2.384428
v 2.414170 0.000000 -2.238790
v 7.586055 4.400535 8.519654
v 7.448089 4.400535 8.758619
v 7.448089 4.209207 8.280689
v 7.172156 4.209207 8.758619
v 7.999955 4.209207 9.236549
v 7.448089 4.209207 9.236549
v 7.861989 4.400535 8.997584
v 7.586055 4.400535 8.997584
v 7.999955 4.209207 8.280689
v 7.861989 4.400535 8.519654
v 8.162011 0.000000 8.000000
v 8.599999 0.000000 8.758619
v 8.275888 4.209207 8.758619
v 8.162011 0.000000 9.517239
v 7.999955 4.400535 8.758619
v 6.848044 0.000000 8.758619
v 7.286033 0.000000 9.517239
v 7.286033 0.000000 8.000000
v 8.486055 3.344407 7.826834
v 8.348089 3.344407 8.065799
v 8.348089 3.198997 7.587869
v 8.072156 3.198997 8.065799
v 8.899955 3.198997 8.543729
v 8.348089 3.198997 8.543729
v 8.761989 3.344407 8.304764
v 8.486055 3.344407 8.304764
v 8.899955 3.198997 7.587869
v 8.761989 3.344407 7.826834
v 9.062011 -0.000000 7.307179
v 9.500000 -0.000000 8.065799
v 9.175888 3.198997 8.065799
v 9.062011 -0.000000 8.824418
v 8.899955 3.344407 8.065799
v 7.748044 -0.000000 8.065799
v 8.186033 -0.000000 8.824418
v 8.186033 -0.000000 7.307179
v 8.519654 4.400535 -7.586055
v 8.758619 4.400535 -7.448089
v 8.280689 4.209207 -7.448089
v 8.758619 4.209207 -7.172156
v 9.236549 4.209207 -7.999955
v 9.236549 4.209207 -7.448089
v 8.997584 4.400535 -7.861989
v 8.997584 4.400535 -7.586055
v 8.280689 4.209207 -7.999955
v 8.519654 4.400535 -7.861989
v 8.000000 0.000000 -8.162011
v 8.758619 0.000000 -8.600000
v 8.758619 4.209207 -8.275888
v 9.517239 0.000000 -8.162011
v 8.758619 4.400535 -7.999955
v 8.758619 0.000000 -6.848044
v 9.517239 0.000000 -7.286033
v 8.000000 0.000000 -7.286033
v 7.826834 3.344407 -8.486055
v 8.065799 3.344407 -8.348089
v 7.587869 3.198997 -8.348089
v 8.065799 3.198997 -8.072156
v 8.543729 3.198997 -8.899955
v 8.543729 3.198997 -8.348089
v 8.304764 3.344407 -8.761989
v 8.304764 3.344407 -8.486055
v 7.587869 3.198997 -8.899955
v 7.826834 3.344407 -8.761989
v 7.307179 -0.000000 -9.062011
v 8.065799 -0.000000 -9.500000
v 8.065799 3.198997 -9.175888
v 8.824418 -0.000000 -9.062011
v 8.065799 3.344407 -8.899955
v 8.065799 -0.000000 -7.748044
v 8.824418 -0.000000 -8.186033
v 7.307179 -0.000000 -8.186033
v -7.586055 4.400535 -8.519654
v -7.448089 4.400535 -8.758619
v -7.448089 4.209207 -8.280689
v -7.172156 4.209207 -8.758619
v -7.999955 4.209207 -9.236549
v -7.448089 4.209207 -9.236549
v -7.861989 4.400535 -8.997584
v -7.586055 4.400535 -8.997584
v -7.999955 4.209207 -8.280689
v -7.861989 4.400535 -8.519654
v -8.162011 0.000000 -8.000000
v -8.599999 0.000000 -8.758619
v -8.275888 4.209207 -8.758619
v -8.162011 0.000000 -9.517239
v -7.999955 4.400535 -8.758619
v -6.848044 0.000000 -8.758619
v -7.286033 0.000000 -9.517239
v -7.286033 0.000000 -8.000000
v -8.486055 3.344407 -7.826834
v -8.348089 3.344407 -8.065799
v -8.348089 3.198997 -7.587869
v -8.072156 3.198997 -8.065799
v -8.899955 3.198997 -8.543729
v -8.348089 3.198997 -8.543729
v -8.761989 3.344407 -8.304764
v -8.486055 3.344407 -8.304764
v -8.899955 3.198997 -7.587869
v -8.761989 3.344407 -7.826834
v -9.062011 -0.000000 -7.307179
v -9.500000 -0.000000 -8.065799
v -9.175888 3.198997 -8.065799
v -9.062011 -0.000000 -8.824418
v -8.899955 3.344407 -8.065799
v -7.748044 -0.000000 -8.065799
v -8.186033 -0.000000 -8.824418
v -8.186033 -0.000000 -7.307179
v -8.519654 4.400535 7.586055
v -8.758619 4.400535 7.448089
v -8.280689 4.209207 7.448089
v -8.758619 4.209207 7.172156
v -9.236549 4.209207 7.999955
v -9.236549 4.209207 7.448089
v -8.997584 4.400535 7.861989
v -8.997584 4.400535 7.586055
v -8.280689 4.209207 7.999955
v -8.519654 4.400535 7.861989
v -8.000000 0.000000 8.162011
v -8.758619 0.000000 8.600000
v -8.758619 4.209207 8.275888
v -9.517239 0.000000 8.162011
v -8.758619 4.400535 7.999955
v -8.758619 0.000000 6.848044
v -9.517239 0.000000 7.286033
v -8.000000 0.000000 7.286033
v -7.826834 3.344407 8.486055
v -8.065799 3.344407 8.348089
v -7.587869 3.198997 8.348089
v -8.065799 3.198997 8.072156
v -8.543729 3.198997 8.899955
v -8.543729 3.198997 8.348089
v -8.304764 3.344407 8.761989
v -8.304764 3.344407 8.486055
v -7.587869 3.198997 8.899955
v -7.826834 3.344407 8.761989
v -7.307180 -0.000000 9.062011
v -8.065799 -0.000000 9.500000
v -8.065799 3.198997 9.175888
v -8.824418 -0.000000 9.062011
v -8.065799 3.344407 8.899955
v -8.065799 -0.000000 7.748044
v -8.824418 -0.000000 8.186033
v -7.307179 -0.000000 8.186033
v -9.617163 0.000000 -3.651767
v -8.950210 0.000000 -3.473057
v -9.795872 0.000000 -4.318719
v -8.461967 0.000000 -3.961300
v -9.307629 0.000000 -4.806962
v -8.640676 0.000000 -4.628253
v -8.708739 0.329635 -4.027423
v -9.016333 0.329635 -3.719830
v -8.821326 0.329635 -4.447603
v -9.241506 0.329635 -4.560190
v -9.549099 0.329635 -4.252597
v -9.436512 0.329635 -3.832417
v -9.282716 0.344619 -3.986213
v -9.339009 0.344619 -4.196303
v -9.072626 0.344619 -3.929920
v -8.918829 0.344619 -4.083716
v -9.185212 0.344619 -4.350100
v -8.975122 0.344619 -4.293807
v -9.189875 0.000000 -4.504010
v -8.762751 0.000000 -4.841031
v -9.616999 0.000000 -4.841031
v -8.762751 0.000000 -5.515070
v -9.616999 0.000000 -5.515071
v -9.189875 0.000000 -5.852091
v -8.920787 3.014000 -5.390373
v -8.920787 3.014000 -4.965728
v -9.189875 3.014000 -5.602695
v -9.458962 3.014000 -5.390373
v -9.458963 3.014000 -4.965728
v -9.189875 3.014000 -4.753405
v -9.189875 3.151000 -4.965728
v -9.324419 3.151000 -5.071889
v -9.055331 3.151000 -5.071889
v -9.055331 3.151000 -5.284212
v -9.324419 3.151000 -5.284212
v -9.189875 3.151000 -5.390373
v -9.617163 0.000000 4.348233
v -8.950210 0.000000 4.526943
v -9.795872 0.000000 3.681281
v -8.461967 0.000000 4.038700
v -9.307629 0.000000 3.193038
v -8.640676 0.000000 3.371747
v -8.708739 0.329635 3.972577
v -9.016333 0.329635 4.280170
v -8.821326 0.329635 3.552397
v -9.241506 0.329635 3.439810
v -9.549099 0.329635 3.747403
v -9.436512 0.329635 4.167583
v -9.282716 0.344619 4.013787
v -9.339009 0.344619 3.803697
v -9.072626 0.344619 4.070080
v -8.918829 0.344619 3.916284
v -9.185212 0.344619 3.649900
v -8.975122 0.344619 3.706193
v -9.189875 0.000000 3.495990
v -8.762751 0.000000 3.158970
v -9.616999 0.000000 3.158969
v -8.762751 0.000000 2.484930
v -9.616999 0.000000 2.484929
v -9.189875 0.000000 2.147909
v -8.920787 3.014000 2.609627
v -8.920787 3.014000 3.034272
v -9.189875 3.014000 2.397304
v -9.458962 3.014000 2.609627
v -9.458963 3.014000 3.034272
v -9.189875 3.014000 3.246595
v -9.189875 3.151000 3.034272
v -9.324419 3.151000 2.928111
v -9.055331 3.151000 2.928111
v -9.055331 3.151000 2.715788
v -9.324419 3.151000 2.715788
v -9.189875 3.151000 2.609627
v 9.617162 0.000000 3.651767
v 8.950210 0.000000 3.473057
v 9.795872 0.000000 4.318719
v 8.461967 0.000000 3.961301
v 9.307629 0.000000 4.806962
v 8.640676 0.000000 4.628253
v 8.708739 0.329635 4.027423
v 9.016333 0.329635 3.719830
v 8.821326 0.329635 4.447603
v 9.241507 0.329635 4.560190
v 9.549099 0.329635 4.252597
v 9.436512 0.329635 3.832417
v 9.282716 0.344619 3.986213
v 9.339009 0.344619 4.196303
v 9.072626 0.344619 3.929920
v 8.918829 0.344619 4.083716
v 9.185213 0.344619 4.350100
v 8.975122 0.344619 4.293807
v 9.189875 0.000000 4.504010
v 8.762752 0.000000 4.841031
v 9.616999 0.000000 4.841031
v 8.762752 0.000000 5.515071
v 9.616999 0.000000 5.515070
v 9.189876 0.000000 5.852091
v 8.920787 3.014000 5.390373
v 8.920787 3.014000 4.965728
v 9.189876 3.014000 5.602695
v 9.458963 3.014000 5.390373
v 9.458963 3.014000 4.965728
v 9.189875 3.014000 4.753405
v 9.189875 3.151000 4.965728
v 9.324419 3.151000 5.071889
v 9.055331 3.151000 5.071889
v 9.055331 3.151000 5.284212
v 9.324419 3.151000 5.284212
v 9.189875 3.151000 5.390373
v -5.821290 0.000000 -9.710504
v -6.000000 0.000000 -9.043551
v -5.154338 0.000000 -9.889214
v -5.511757 0.000000 -8.555308
v -4.666095 0.000000 -9.400970
v -4.844804 0.000000 -8.734018
v -5.445634 0.329635 -8.802081
v -5.753227 0.329635 -9.109674
v -5.025455 0.329635 -8.914668
v -4.912868 0.329635 -9.334847
v -5.220460 0.329635 -9.642441
v -5.640640 0.329635 -9.529854
v -5.486844 0.344619 -9.376058
v -5.276754 0.344619 -9.432351
v -5.543138 0.344619 -9.165968
v -5.389341 0.344619 -9.012171
v -5.122957 0.344619 -9.278554
v -5.179251 0.344619 -9.068464
v 2.178710 0.000000 -9.710504
v 2.000000 0.000000 -9.043551
v 2.845662 0.000000 -9.889214
v 2.488243 0.000000 -8.555308
v 3.333905 0.000000 -9.400970
v 3.155196 0.000000 -8.734018
v 2.554366 0.329635 -8.802081
v 2.246773 0.329635 -9.109674
v 2.974546 0.329635 -8.914668
v 3.087133 0.329635 -9.334847
v 2.779540 0.329635 -9.642441
v 2.359360 0.329635 -9.529854
v 2.513156 0.344619 -9.376058
v 2.723246 0.344619 -9.432351
v 2.456862 0.344619 -9.165968
v 2.610659 0.344619 -9.012171
v 2.877043 0.344619 -9.278554
v 2.820749 0.344619 -9.068464
v 5.821290 0.000000 9.710504
v 6.000000 0.000000 9.043551
v 5.154338 0.000000 9.889214
v 5.511757 0.000000 8.555308
v 4.666095 0.000000 9.400970
v 4.844804 0.000000 8.734018
v 5.445634 0.329635 8.802081
v 5.753228 0.329635 9.109674
v 5.025455 0.329635 8.914668
v 4.912868 0.329635 9.334847
v 5.220461 0.329635 9.642441
v 5.640641 0.329635 9.529854
v 5.486844 0.344619 9.376058
v 5.276754 0.344619 9.432351
v 5.543138 0.344619 9.165968
v 5.389341 0.344619 9.012171
v 5.122957 0.344619 9.278554
v 5.179251 0.344619 9.068464
v -2.178710 0.000000 9.710504
v -2.000000 0.000000 9.043551
v -2.845662 0.000000 9.889214
v -2.488243 0.000000 8.555308
v -3.333905 0.000000 9.400970
v -3.155196 0.000000 8.734018
v -2.554366 0.329635 8.802081
v -2.246772 0.329635 9.109674
v -2.974546 0.329635 8.914668
v -3.087132 0.329635 9.334847
v -2.779539 0.329635 9.642441
v -2.359359 0.329635 9.529854
v -2.513156 0.344619 9.376058
v -2.723246 0.344619 9.432351
v -2.456862 0.344619 9.165968
v -2.610659 0.344619 9.012171
v -2.877043 0.344619 9.278554
v -2.820749 0.344619 9.068464
v 9.617162 0.000000 -4.348233
v 8.950210 0.000000 -4.526943
v 9.795872 0.000000 -3.681281
v 8.461967 0.000000 -4.038700
v 9.307629 0.000000 -3.193038
v 8.640676 0.000000 -3.371747
v 8.708739 0.329635 -3.972577
v 9.016333 0.329635 -4.280170
v 8.821326 0.329635 -3.552397
v 9.241507 0.329635 -3.439810
v 9.549099 0.329635 -3.747403
v 9.436512 0.329635 -4.167583
v 9.282716 0.344619 -4.013787
v 9.339009 0.344619 -3.803697
v 9.072626 0.344619 -4.070080
v 8.918829 0.344619 -3.916284
v 9.185213 0.344619 -3.649900
v 8.975122 0.344619 -3.706193
v 9.189875 0.000000 -3.495990
v 8.762752 0.000000 -3.158969
v 9.616999 0.000000 -3.158970
v 8.762752 0.000000 -2.484929
v 9.616999 0.000000 -2.484930
v 9.189876 0.000000 -2.147909
v 8.920787 3.014000 -2.609627
v 8.920787 3.014000 -3.034272
v 9.189876 3.014000 -2.397304
v 9.458963 3.014000 -2.609627
v 9.458963 3.014000 -3.034272
v 9.189875 3.014000 -3.246595
v 9.189875 3.151000 -3.034272
v 9.324419 3.151000 -2.928111
v 9.055331 3.151000 -2.928111
v 9.055331 3.151000 -2.715788
v 9.324419 3.151000 -2.715788
v 9.189875 3.151000 -2.609627
vn 0.000000 1.000000 0.000000
vn 0.000000 -1.000000 0.000000
vn -0.707107 0.577350 -0.408248
vn 0.408248 0.577350 -0.707107
vn -0.520267 0.799435 -0.300376
vn 0.300376 0.799435 -0.520267
vn 0.520267 -0.799435 0.300376
vn -0.408248 -0.577350 0.707107
vn 0.707107 -0.577350 0.408248
vn -0.300376 -0.799435 0.520267
vn -0.408248 0.577350 0.707107
vn -0.300376 0.799435 0.520267
vn 0.408248 -0.577350 -0.707107
vn 0.300376 -0.799435 -0.520267
vn 0.707107 0.577350 0.408248
vn 0.520267 0.799435 0.300376
vn -0.520267 -0.799435 -0.300376
vn -0.707107 -0.577350 -0.408248
vn 0.707107 0.577350 -0.408248
vn 0.408248 0.577350 0.707107
vn 0.520267 0.799435 -0.300376
vn 0.300376 0.799435 0.520267
vn -0.520267 -0.799435 0.300376
vn -0.408248 -0.577350 -0.707107
vn -0.707107 -0.577350 0.408248
vn -0.300376 -0.799435 -0.520267
vn -0.408248 0.577350 -0.707107
vn -0.300376 0.799435 -0.520267
vn 0.300376 -0.799435 0.520267
vn 0.408248 -0.577350 0.707107
vn -0.707107 0.577350 0.408248
vn -0.520267 0.799435 0.300376
vn 0.707107 -0.577350 -0.408248
vn 0.520267 -0.799435 -0.300376
vn 0.666667 0.333333 -0.666667
vn 0.666667 0.333333 0.666667
vn 0.503377 0.702299 -0.503377
vn 0.503377 0.702299 0.503377
vn -0.503377 -0.702299 0.503377
vn -0.666667 -0.333333 -0.666667
vn -0.666667 -0.333333 0.666667
vn -0.503377 -0.702299 -0.503377
vn -0.212269 0.905410 0.367661
vn -0.288675 0.816497 0.500000
vn -0.367661 0.905410 -0.212269
vn -0.500000 0.816497 -0.288675
vn 0.367661 -0.905410 0.212269
vn 0.288675 -0.816497 -0.500000
vn 0.212269 -0.905410 -0.367661
vn 0.500000 -0.816497 0.288675
vn -0.666667 0.333333 0.666667
vn -0.503377 0.702299 0.503377
vn 0.666667 -0.333333 -0.666667
vn 0.503377 -0.702299 -0.503377
vn -0.666667 0.333333 -0.666667
vn -0.503377 0.702299 -0.503377
vn 0.503377 -0.702299 0.503377
vn 0.666667 -0.333333 0.666667
vn 0.367661 0.905410 0.212269
vn 0.212269 0.905410 -0.367661
vn -0.212269 -0.905410 0.367661
vn -0.367661 -0.905410 -0.212269
vn 0.288675 0.816497 -0.500000
vn -0.288675 -0.816497 0.500000
vn 0.500000 0.816497 0.288675
vn -0.500000 -0.816497 -0.288675
vn 0.577350 0.577350 -0.577350
vn 0.577350 0.577350 0.577350
vn 0.424796 0.799435 -0.424796
vn 0.424796 0.799435 0.424796
vn -0.424796 -0.799435 0.424796
vn -0.577350 -0.577350 -0.577350
vn -0.577350 -0.577350 0.577350
vn -0.424796 -0.799435 -0.424796
vn 0.166667 0.942809 -0.288675
vn 0.123948 0.968786 -0.214685
vn -0.288675 0.942809 -0.166667
vn -0.214685 0.968786 -0.123948
vn 0.288675 -0.942809 0.166667
vn -0.123948 -0.968786 0.214685
vn -0.166667 -0.942809 0.288675
vn 0.214685 -0.968786 0.123948
vn 0.288675 0.816497 0.500000
vn -0.500000 0.816497 0.288675
vn 0.212269 0.905410 0.367661
vn -0.367661 0.905410 0.212269
vn -0.212269 -0.905410 -0.367661
vn 0.500000 -0.816497 -0.288675
vn -0.288675 -0.816497 -0.500000
vn 0.367661 -0.905410 -0.212269
vn -0.577350 0.577350 -0.577350
vn -0.424796 0.799435 -0.424796
vn 0.424796 -0.799435 0.424796
vn 0.577350 -0.577350 0.577350
vn 0.288675 0.942809 0.166667
vn -0.166667 0.942809 0.288675
vn 0.214685 0.968786 0.123948
vn -0.123948 0.968786 0.214685
vn -0.214685 -0.968786 -0.123948
vn 0.166667 -0.942809 -0.288675
vn -0.288675 -0.942809 -0.166667
vn 0.123948 -0.968786 -0.214685
vn 0.386925 0.905410 0.174704
vn -0.174704 0.905410 0.386925
vn 0.174704 0.905410 -0.386925
vn -0.386925 0.905410 -0.174704
vn -0.174704 -0.905410 0.386925
vn 0.174704 -0.905410 -0.386925
vn -0.386925 -0.905410 -0.174704
vn 0.386925 -0.905410 0.174704
vn -0.577350 0.577350 0.577350
vn -0.424796 0.799435 0.424796
vn 0.577350 -0.577350 -0.577350
vn 0.424796 -0.799435 -0.424796
vn 0.367661 0.905410 -0.212269
vn -0.212269 0.905410 -0.367661
vn 0.212269 -0.905410 0.367661
vn -0.367661 -0.905410 0.212269
vn -0.288675 0.816497 -0.500000
vn 0.288675 -0.816497 0.500000
vn 0.500000 0.816497 -0.288675
vn -0.500000 -0.816497 0.288675
vn 0.237588 0.816497 -0.526199
vn -0.526199 0.816497 -0.237588
vn 0.526199 -0.816497 0.237588
vn -0.237588 -0.816497 0.526199
vn -0.237588 0.816497 0.526199
vn 0.237588 -0.816497 -0.526199
vn 0.526199 0.816497 0.237588
vn -0.526199 -0.816497 -0.237588
vn 0.114708 0.973329 0.198680
vn -0.198680 0.973329 0.114708
vn 0.085668 0.985213 0.148381
vn -0.148381 0.985213 0.085668
vn -0.085668 -0.985213 -0.148381
vn 0.198680 -0.973329 -0.114708
vn -0.114708 -0.973329 -0.198680
vn 0.148381 -0.985213 -0.085668
vn 0.300194 0.905410 -0.300194
vn 0.300194 0.905410 0.300194
vn -0.300194 0.905410 -0.300194
vn -0.300194 0.905410 0.300194
vn 0.300194 -0.905410 0.300194
vn -0.300194 -0.905410 -0.300194
vn -0.300194 -0.905410 0.300194
vn 0.300194 -0.905410 -0.300194
vn 0.408248 0.816497 -0.408248
vn 0.408248 0.816497 0.408248
vn -0.408248 -0.816497 -0.408248
vn -0.408248 -0.816497 0.408248
vn -0.408248 0.816497 -0.408248
vn 0.408248 -0.816497 0.408248
vn 0.198680 0.973329 -0.114708
vn 0.148381 0.985213 -0.085668
vn -0.148381 -0.985213 0.085668
vn -0.198680 -0.973329 0.114708
vn -0.085668 0.985213 -0.148381
vn -0.114708 0.973329 -0.198680
vn 0.114708 -0.973329 0.198680
vn 0.085668 -0.985213 0.148381
vn -0.408248 0.816497 0.408248
vn 0.408248 -0.816497 -0.408248
vn -0.069381 0.992428 0.101351
vn 0.053082 0.992428 0.110762
vn -0.284308 0.864109 0.415312
vn 0.217517 0.864109 0.453874
vn 0.284308 -0.864109 -0.415312
vn -0.053082 -0.992428 -0.110762
vn 0.069381 -0.992428 -0.101351
vn -0.217517 -0.864109 -0.453874
vn 0.284308 0.864109 -0.415312
vn 0.501825 0.864109 0.038562
vn 0.069381 0.992428 -0.101351
vn 0.122464 0.992428 0.009410
vn -0.069381 -0.992428 0.101351
vn -0.501825 -0.864109 -0.038562
vn -0.284308 -0.864109 0.415312
vn -0.122464 -0.992428 -0.009410
vn -0.501825 0.864109 -0.038562
vn -0.122464 0.992428 -0.009410
vn 0.122464 -0.992428 0.009410
vn 0.501825 -0.864109 0.038562
vn -0.967007 0.243671 -0.074308
vn -0.419151 0.243671 -0.874606
vn -0.217517 0.864109 -0.453874
vn 0.419151 -0.243671 0.874606
vn 0.967007 -0.243671 0.074308
vn 0.217517 -0.864109 0.453874
vn 0.547856 0.243671 -0.800299
vn -0.547856 -0.243671 0.800299
vn -0.053082 0.992428 -0.110762
vn 0.053082 -0.992428 0.110762
vn 0.419151 0.243671 0.874606
vn 0.967007 0.243671 0.074308
vn -0.967007 -0.243671 -0.074308
vn -0.419151 -0.243671 -0.874606
vn -0.547856 0.243671 0.800299
vn 0.547856 -0.243671 -0.800299
vn 0.117737 0.945566 -0.303386
vn -0.203872 0.945566 -0.253656
vn 0.307843 0.525333 -0.793257
vn -0.533059 0.525333 -0.663229
vn -0.307843 -0.525333 0.793257
vn 0.203872 -0.945566 0.253656
vn -0.117737 -0.945566 0.303386
vn 0.533059 -0.525333 0.663229
vn -0.307843 0.525333 0.793257
vn -0.840903 0.525333 0.130028
vn -0.117737 0.945566 0.303386
vn -0.321608 0.945566 0.049730
vn 0.117737 -0.945566 -0.303386
vn 0.840903 -0.525333 -0.130028
vn 0.307843 -0.525333 -0.793257
vn 0.321608 -0.945566 -0.049730
vn 0.840903 0.525333 -0.130028
vn 0.321608 0.945566 -0.049730
vn -0.321608 -0.945566 0.049730
vn -0.840903 -0.525333 0.130028
vn 0.984246 0.089981 -0.152194
vn 0.623927 0.089981 0.776285
vn 0.533059 0.525333 0.663229
vn -0.623927 -0.089981 -0.776285
vn -0.984246 -0.089981 0.152194
vn -0.533059 -0.525333 -0.663229
vn -0.360320 0.089981 0.928479
vn 0.360320 -0.089981 -0.928479
vn 0.203872 0.945566 0.253656
vn -0.203872 -0.945566 -0.253656
vn -0.623927 0.089981 -0.776285
vn -0.984246 0.089981 0.152194
vn 0.984246 -0.089981 -0.152194
vn 0.623927 -0.089981 0.776285
vn 0.360320 0.089981 -0.928479
vn -0.360320 -0.089981 0.928479
vn 0.034181 0.980653 -0.192746
vn -0.149833 0.980653 -0.125975
vn 0.119557 0.728831 -0.674175
vn -0.524074 0.728831 -0.440627
vn -0.119557 -0.728831 0.674175
vn 0.149833 -0.980653 0.125975
vn -0.034181 -0.980653 0.192746
vn 0.524074 -0.728831 0.440627
vn -0.119557 0.728831 0.674175
vn -0.643631 0.728831 0.233548
vn -0.034181 0.980653 0.192746
vn -0.184014 0.980653 0.066771
vn 0.034181 -0.980653 -0.192746
vn 0.643631 -0.728831 -0.233548
vn 0.119557 -0.728831 -0.674175
vn 0.184014 -0.980653 -0.066771
vn 0.643631 0.728831 -0.233548
vn 0.184014 0.980653 -0.066771
vn -0.184014 -0.980653 0.066771
vn -0.643631 -0.728831 0.233548
vn 0.928826 0.153915 -0.337034
vn 0.756293 0.153915 0.635870
vn 0.524074 0.728831 0.440627
vn -0.756293 -0.153915 -0.635870
vn -0.928826 -0.153915 0.337034
vn -0.524074 -0.728831 -0.440627
vn -0.172533 0.153915 0.972904
vn 0.172533 -0.153915 -0.972904
vn 0.149833 0.980653 0.125975
vn -0.149833 -0.980653 -0.125975
vn -0.756293 0.153915 -0.635870
vn -0.928826 0.153915 0.337034
vn 0.928826 -0.153915 -0.337034
vn 0.756293 -0.153915 0.635870
vn 0.172533 0.153915 -0.972904
vn -0.172533 -0.153915 0.972904
vn 0.237588 0.816497 -0.526199
vn 0.526199 0.816497 0.237588
vn -0.237588 -0.816497 0.526199
vn -0.526199 -0.816497 -0.237588
vn -0.237588 0.816497 0.526199
vn 0.237588 -0.816497 -0.526199
vn -0.526199 0.816497 -0.237588
vn 0.526199 -0.816497 0.237588
vn 0.577350 0.816497 0.000000
vn 0.424538 0.905410 0.000000
vn 0.000000 0.816497 -0.577350
vn 0.000000 0.905410 -0.424538
vn 0.000000 -0.816497 0.577350
vn -0.424538 -0.905410 0.000000
vn -0.577350 -0.816497 0.000000
vn 0.000000 -0.905410 0.424538
vn 0.000000 0.905410 0.424538
vn -0.424538 0.905410 0.000000
vn 0.000000 -0.905410 -0.424538
vn 0.424538 -0.905410 0.000000
vn 0.000000 0.816497 0.577350
vn 0.000000 -0.816497 -0.577350
vn -0.577350 0.816497 0.000000
vn 0.577350 -0.816497 0.000000
vn -0.379348 0.049109 -0.923950
vn -0.745533 -0.000968 -0.666468
vn -0.741008 0.050952 -0.669560
vn 0.741008 -0.050952 0.669560
vn 0.745533 0.000968 0.666468
vn 0.379348 -0.049109 0.923950
vn -0.866683 0.272192 -0.418058
vn -0.909896 0.048240 -0.412023
vn -0.816774 0.283796 -0.502334
vn 0.816774 -0.283796 0.502334
vn 0.909896 -0.048240 0.412023
vn 0.866683 -0.272192 0.418058
vn -0.372975 -0.102041 -0.922213
vn 0.372975 0.102041 0.922213
vn -0.964144 -0.000567 -0.265380
vn -0.962256 0.050745 -0.267374
vn -0.957715 0.050750 -0.283206
vn 0.957715 -0.050750 0.283206
vn 0.962256 -0.050745 0.267374
vn 0.964144 0.000567 0.265380
vn -0.906990 -0.004967 -0.421122
vn -0.864961 0.048982 -0.499444
vn 0.864961 -0.048982 0.499444
vn 0.906990 0.004967 0.421122
vn -0.855356 -0.001487 -0.518038
vn 0.855356 0.001487 0.518038
vn -0.369399 0.000922 -0.929270
vn 0.369399 -0.000922 0.929270
vn -0.410210 0.048680 -0.910691
vn -0.444213 0.050643 -0.894489
vn -0.413277 -0.101363 -0.904946
vn 0.413277 0.101363 0.904946
vn 0.444213 -0.050643 0.894489
vn 0.410210 -0.048680 0.910691
vn -0.346049 0.296449 -0.890151
vn -0.715299 0.302367 -0.630017
vn -0.379911 0.046556 -0.923851
vn 0.379911 -0.046556 0.923851
vn 0.715299 -0.302367 0.630017
vn 0.346049 -0.296449 0.890151
vn -0.962745 0.049616 -0.265819
vn -0.964477 -0.002493 -0.264156
vn 0.964477 0.002493 0.264156
vn 0.962745 -0.049616 0.265819
vn -0.740677 0.048583 -0.670102
vn 0.740677 -0.048583 0.670102
vn -0.909898 0.046940 -0.412169
vn -0.856706 -0.098106 -0.506389
vn -0.865282 0.048785 -0.498906
vn 0.865282 -0.048785 0.498906
vn 0.856706 0.098106 0.506389
vn 0.909898 -0.046940 0.412169
vn -0.442787 -0.102235 -0.890779
vn 0.442787 0.102235 0.890779
vn -0.905370 -0.094781 -0.413911
vn 0.905370 0.094781 0.413911
vn -0.409999 0.045915 -0.910930
vn -0.428105 0.294055 -0.854551
vn -0.444921 0.049115 -0.894222
vn 0.444921 -0.049115 0.894222
vn 0.428105 -0.294055 0.854551
vn 0.409999 -0.045915 0.910930
vn -0.926595 0.284836 -0.245539
vn -0.923024 0.290791 -0.251928
vn -0.957541 0.049929 -0.283942
vn 0.957541 -0.049929 0.283942
vn 0.923024 -0.290791 0.251928
vn 0.926595 -0.284836 0.245539
vn -0.958553 -0.101504 -0.266220
vn -0.957096 -0.101595 -0.271377
vn 0.957096 0.101595 0.271377
vn 0.958553 0.101504 0.266220
vn -0.446493 -0.000149 -0.894787
vn 0.446493 0.000149 0.894787
vn -0.421649 0.001312 -0.906758
vn 0.421649 -0.001312 0.906758
vn -0.410474 0.295105 -0.862800
vn 0.410474 -0.295105 0.862800
vn -0.738710 -0.105965 -0.665642
vn 0.738710 0.105965 0.665642
vn -0.869425 0.049828 -0.491547
vn 0.869425 -0.049828 0.491547
vn -0.869405 0.000567 -0.494100
vn -0.868701 0.048086 -0.492997
vn 0.868701 -0.048086 0.492997
vn 0.869405 -0.000567 0.494100
vn -0.324091 0.003241 -0.946020
vn -0.315338 0.045757 -0.947875
vn 0.315338 -0.045757 0.947875
vn 0.324091 -0.003241 0.946020
vn -0.866289 -0.100920 -0.489243
vn 0.866289 0.100920 0.489243
vn -0.311256 0.293430 -0.903891
vn 0.311256 -0.293430 0.903891
vn -0.316663 0.041892 -0.947613
vn 0.316663 -0.041892 0.947613
vn -0.316875 -0.102084 -0.942958
vn 0.316875 0.102084 0.942958
vn -0.829834 0.292379 -0.475280
vn 0.829834 -0.292379 0.475280
vn -0.301543 0.294055 -0.906975
vn 0.301543 -0.294055 0.906975
vn -0.318439 0.050565 -0.946594
vn -0.316992 -0.000149 -0.948428
vn 0.316992 0.000149 0.948428
vn 0.318439 -0.050565 0.946594
vn -0.317704 0.049115 -0.946917
vn 0.317704 -0.049115 0.946917
vn -0.318780 -0.098686 -0.942677
vn 0.318780 0.098686 0.942677
vn 0.258819 0.000000 0.965926
vn 0.500000 0.000000 0.866025
vn -0.500000 0.000000 -0.866025
vn -0.258819 0.000000 -0.965926
vn 0.707107 0.000000 0.707107
vn -0.707107 0.000000 -0.707107
vn 0.965926 0.000000 0.258819
vn 0.866025 0.000000 0.500000
vn -0.965926 0.000000 -0.258819
vn -0.866025 0.000000 -0.500000
vn 0.991445 0.000000 0.130526
vn -0.991445 0.000000 -0.130526
vn 0.000000 0.000000 -1.000000
vn 0.000000 0.000000 1.000000
vn -1.000000 0.000000 0.000000
vn 1.000000 0.000000 0.000000
vn 0.130526 0.000000 0.991445
vn -0.130526 0.000000 -0.991445
vn 0.204571 0.612587 -0.763471
vn 0.763471 0.612587 -0.204571
vn 0.047886 0.982735 -0.178713
vn 0.178713 0.982735 -0.047886
vn -0.047886 -0.982735 0.178713
vn -0.763471 -0.612587 0.204571
vn -0.204571 -0.612587 0.763471
vn -0.178713 -0.982735 0.047886
vn -0.558899 0.612587 -0.558899
vn -0.130827 0.982735 -0.130827
vn -0.763471 0.612587 0.204571
vn -0.178713 0.982735 0.047886
vn 0.763471 -0.612587 -0.204571
vn 0.130827 -0.982735 0.130827
vn 0.558899 -0.612587 0.558899
vn 0.178713 -0.982735 -0.047886
vn -0.204571 0.612587 0.763471
vn -0.047886 0.982735 0.178713
vn 0.047886 -0.982735 -0.178713
vn 0.204571 -0.612587 -0.763471
vn 0.558899 0.612587 0.558899
vn 0.130827 0.982735 0.130827
vn -0.558899 -0.612587 -0.558899
vn -0.130827 -0.982735 -0.130827
vn 0.028301 0.999199 0.028301
vn -0.010359 0.999199 0.038659
vn 0.038659 0.999199 -0.010359
vn 0.010359 0.999199 -0.038659
vn -0.038659 0.999199 0.010359
vn -0.028301 0.999199 -0.028301
vn -0.038659 -0.999199 0.010359
vn 0.010359 -0.999199 -0.038659
vn -0.028301 -0.999199 -0.028301
vn -0.010359 -0.999199 0.038659
vn 0.038659 -0.999199 -0.010359
vn 0.028301 -0.999199 0.028301
vn 0.707107 0.577350 -0.408248
vn 0.408248 0.577350 0.707107
vn 0.520267 0.799435 -0.300376
vn 0.300376 0.799435 0.520267
vn -0.520267 -0.799435 0.300376
vn -0.408248 -0.577350 -0.707107
vn -0.707107 -0.577350 0.408248
vn -0.300376 -0.799435 -0.520267
vn -0.707107 0.577350 -0.408248
vn 0.408248 0.577350 -0.707107
vn -0.520267 0.799435 -0.300376
vn 0.300376 0.799435 -0.520267
vn 0.520267 -0.799435 0.300376
vn -0.408248 -0.577350 0.707107
vn 0.707107 -0.577350 0.408248
vn -0.300376 -0.799435 0.520267
vn -0.707107 0.577350 0.408248
vn -0.408248 0.577350 -0.707107
vn -0.520267 0.799435 0.300376
vn -0.300376 0.799435 -0.520267
vn 0.520267 -0.799435 -0.300376
vn 0.408248 -0.577350 0.707107
vn 0.707107 -0.577350 -0.408248
vn 0.300376 -0.799435 0.520267
vn 0.520267 0.799435 0.300376
vn -0.300376 0.799435 0.520267
vn -0.520267 -0.799435 -0.300376
vn 0.300376 -0.799435 -0.520267
vn 0.707107 0.577350 0.408248
vn -0.707107 -0.577350 -0.408248
vn -0.408248 0.577350 0.707107
vn 0.408248 -0.577350 -0.707107
vn 0.288675 0.816497 -0.500000
vn 0.212269 0.905410 -0.367661
vn -0.500000 0.816497 -0.288675
vn -0.367661 0.905410 -0.212269
vn 0.500000 -0.816497 0.288675
vn -0.212269 -0.905410 0.367661
vn -0.288675 -0.816497 0.500000
vn 0.367661 -0.905410 0.212269
vn -0.288675 0.816497 0.500000
vn -0.212269 0.905410 0.367661
vn 0.288675 -0.816497 -0.500000
vn 0.212269 -0.905410 -0.367661
vn -0.666667 0.333333 0.666667
vn -0.666667 0.333333 -0.666667
vn -0.503377 0.702299 0.503377
vn -0.503377 0.702299 -0.503377
vn 0.503377 -0.702299 -0.503377
vn 0.666667 -0.333333 0.666667
vn 0.666667 -0.333333 -0.666667
vn 0.503377 -0.702299 0.503377
vn 0.503377 0.702299 -0.503377
vn 0.503377 0.702299 0.503377
vn -0.503377 -0.702299 0.503377
vn -0.503377 -0.702299 -0.503377
vn 0.367661 0.905410 0.212269
vn 0.500000 0.816497 0.288675
vn -0.500000 -0.816497 -0.288675
vn -0.367661 -0.905410 -0.212269
vn 0.666667 0.333333 -0.666667
vn -0.666667 -0.333333 0.666667
vn 0.666667 0.333333 0.666667
vn -0.666667 -0.333333 -0.666667
vn -0.000000 0.816497 -0.577350
vn -0.000000 0.905410 -0.424538
vn -0.577350 0.816497 0.000000
vn -0.424538 0.905410 0.000000
vn 0.577350 -0.816497 -0.000000
vn 0.000000 -0.905410 0.424538
vn 0.000000 -0.816497 0.577350
vn 0.424538 -0.905410 -0.000000
vn 0.424538 0.905410 -0.000000
vn 0.000000 0.905410 0.424538
vn -0.424538 -0.905410 0.000000
vn -0.000000 -0.905410 -0.424538
vn 0.577350 0.816497 -0.000000
vn -0.577350 -0.816497 0.000000
vn 0.000000 0.816497 0.577350
vn -0.000000 -0.816497 -0.577350
vn -0.923950 0.049109 0.379348
vn -0.666467 -0.000968 0.745533
vn -0.669560 0.050952 0.741008
vn 0.669560 -0.050952 -0.741008
vn 0.666467 0.000968 -0.745533
vn 0.923950 -0.049109 -0.379348
vn -0.418058 0.272192 0.866683
vn -0.412022 0.048240 0.909896
vn -0.502334 0.283796 0.816774
vn 0.502334 -0.283796 -0.816774
vn 0.412022 -0.048240 -0.909896
vn 0.418058 -0.272192 -0.866683
vn -0.922213 -0.102041 0.372975
vn 0.922213 0.102041 -0.372975
vn -0.265380 -0.000567 0.964144
vn -0.267373 0.050745 0.962256
vn -0.283206 0.050750 0.957716
vn 0.283206 -0.050750 -0.957716
vn 0.267373 -0.050745 -0.962256
vn 0.265380 0.000567 -0.964144
vn -0.421122 -0.004967 0.906990
vn -0.499443 0.048982 0.864961
vn 0.499443 -0.048982 -0.864961
vn 0.421122 0.004967 -0.906990
vn -0.518038 -0.001487 0.855356
vn 0.518038 0.001487 -0.855356
vn -0.929270 0.000922 0.369399
vn 0.929270 -0.000922 -0.369399
vn -0.910691 0.048680 0.410210
vn -0.894489 0.050643 0.444213
vn -0.904946 -0.101363 0.413278
vn 0.904946 0.101363 -0.413278
vn 0.894489 -0.050643 -0.444213
vn 0.910691 -0.048680 -0.410210
vn -0.890151 0.296449 0.346049
vn -0.630017 0.302367 0.715299
vn -0.923851 0.046556 0.379912
vn 0.923851 -0.046556 -0.379912
vn 0.630017 -0.302367 -0.715299
vn 0.890151 -0.296449 -0.346049
vn -0.265819 0.049616 0.962745
vn -0.264156 -0.002493 0.964477
vn 0.264156 0.002493 -0.964477
vn 0.265819 -0.049616 -0.962745
vn -0.670102 0.048583 0.740677
vn 0.670102 -0.048583 -0.740677
vn -0.412168 0.046940 0.909898
vn -0.506389 -0.098106 0.856706
vn -0.498906 0.048785 0.865282
vn 0.498906 -0.048785 -0.865282
vn 0.506389 0.098106 -0.856706
vn 0.412168 -0.046940 -0.909898
vn -0.890779 -0.102235 0.442787
vn 0.890779 0.102235 -0.442787
vn -0.413911 -0.094781 0.905370
vn 0.413911 0.094781 -0.905370
vn -0.910930 0.045915 0.409999
vn -0.854551 0.294055 0.428106
vn -0.894222 0.049115 0.444921
vn 0.894222 -0.049115 -0.444921
vn 0.854551 -0.294055 -0.428106
vn 0.910930 -0.045915 -0.409999
vn -0.245539 0.284836 0.926596
vn -0.251928 0.290791 0.923024
vn -0.283942 0.049929 0.957541
vn 0.283942 -0.049929 -0.957541
vn 0.251928 -0.290791 -0.923024
vn 0.245539 -0.284836 -0.926596
vn -0.266219 -0.101504 0.958553
vn -0.271377 -0.101595 0.957096
vn 0.271377 0.101595 -0.957096
vn 0.266219 0.101504 -0.958553
vn -0.894787 -0.000149 0.446493
vn 0.894787 0.000149 -0.446493
vn -0.906758 0.001312 0.421649
vn 0.906758 -0.001312 -0.421649
vn -0.862800 0.295105 0.410474
vn 0.862800 -0.295105 -0.410474
vn -0.665642 -0.105965 0.738710
vn 0.665642 0.105965 -0.738710
vn -0.491547 0.049828 0.869425
vn 0.491547 -0.049828 -0.869425
vn -0.494100 0.000567 0.869405
vn -0.492997 0.048086 0.868701
vn 0.492997 -0.048086 -0.868701
vn 0.494100 -0.000567 -0.869405
vn -0.946020 0.003241 0.324091
vn -0.947875 0.045757 0.315339
vn 0.947875 -0.045757 -0.315339
vn 0.946020 -0.003241 -0.324091
vn -0.489243 -0.100920 0.866289
vn 0.489243 0.100920 -0.866289
vn -0.903891 0.293430 0.311256
vn 0.903891 -0.293430 -0.311256
vn -0.947613 0.041892 0.316663
vn 0.947613 -0.041892 -0.316663
vn -0.942958 -0.102084 0.316875
vn 0.942958 0.102084 -0.316875
vn -0.475280 0.292379 0.829834
vn 0.475280 -0.292379 -0.829834
vn -0.906975 0.294055 0.301543
vn 0.906975 -0.294055 -0.301543
vn -0.946594 0.050565 0.318440
vn -0.948428 -0.000149 0.316992
vn 0.948428 0.000149 -0.316992
vn 0.946594 -0.050565 -0.318440
vn -0.946917 0.049115 0.317704
vn 0.946917 -0.049115 -0.317704
vn -0.942677 -0.098687 0.318780
vn 0.942677 0.098687 -0.318780
vn 0.965926 0.000000 -0.258819
vn 0.866025 0.000000 -0.500000
vn -0.866025 0.000000 0.500000
vn -0.965926 0.000000 0.258819
vn 0.707107 0.000000 -0.707107
vn -0.707107 0.000000 0.707107
vn 0.258819 0.000000 -0.965926
vn 0.500000 0.000000 -0.866025
vn -0.258819 0.000000 0.965926
vn -0.500000 0.000000 0.866025
vn 0.130526 0.000000 -0.991445
vn -0.130526 0.000000 0.991445
vn -1.000000 0.000000 0.000000
vn 1.000000 0.000000 -0.000000
vn 0.000000 0.000000 1.000000
vn -0.000000 0.000000 -1.000000
vn 0.991445 0.000000 -0.130526
vn -0.991445 0.000000 0.130526
vn -0.763471 0.612587 -0.204571
vn -0.204571 0.612587 -0.763471
vn -0.178713 0.982735 -0.047886
vn -0.047886 0.982735 -0.178713
vn 0.178713 -0.982735 0.047886
vn 0.204571 -0.612587 0.763471
vn 0.763471 -0.612587 0.204571
vn 0.047886 -0.982735 0.178713
vn -0.558899 0.612587 0.558899
vn -0.130827 0.982735 0.130827
vn 0.204571 0.612587 0.763471
vn 0.047886 0.982735 0.178713
vn -0.204571 -0.612587 -0.763471
vn 0.130827 -0.982735 -0.130827
vn 0.558899 -0.612587 -0.558899
vn -0.047886 -0.982735 -0.178713
vn 0.763471 0.612587 0.204571
vn 0.178713 0.982735 0.047886
vn -0.178713 -0.982735 -0.047886
vn -0.763471 -0.612587 -0.204571
vn 0.558899 0.612587 -0.558899
vn 0.130827 0.982735 -0.130827
vn -0.558899 -0.612587 0.558899
vn -0.130827 -0.982735 0.130827
vn 0.028301 0.999199 -0.028301
vn 0.038659 0.999199 0.010359
vn -0.010359 0.999199 -0.038659
vn -0.038659 0.999199 -0.010359
vn 0.010359 0.999199 0.038659
vn -0.028301 0.999199 0.028301
vn 0.010359 -0.999199 0.038659
vn -0.038659 -0.999199 -0.010359
vn -0.028301 -0.999199 0.028301
vn 0.038659 -0.999199 0.010359
vn -0.010359 -0.999199 -0.038659
vn 0.028301 -0.999199 -0.028301
vn -0.577350 0.816497 0.000000
vn -0.424538 0.905410 0.000000
vn 0.000000 0.816497 0.577350
vn 0.000000 0.905410 0.424538
vn -0.000000 -0.816497 -0.577350
vn 0.424538 -0.905410 -0.000000
vn 0.577350 -0.816497 -0.000000
vn -0.000000 -0.905410 -0.424538
vn -0.000000 0.905410 -0.424538
vn 0.424538 0.905410 -0.000000
vn 0.000000 -0.905410 0.424538
vn -0.424538 -0.905410 0.000000
vn -0.000000 0.816497 -0.577350
vn 0.000000 -0.816497 0.577350
vn 0.577350 0.816497 -0.000000
vn -0.577350 -0.816497 0.000000
vn 0.379348 0.049109 0.923950
vn 0.745533 -0.000968 0.666468
vn 0.741008 0.050952 0.669560
vn -0.741008 -0.050952 -0.669560
vn -0.745533 0.000968 -0.666468
vn -0.379348 -0.049109 -0.923950
vn 0.866683 0.272192 0.418058
vn 0.909896 0.048240 0.412023
vn 0.816774 0.283796 0.502334
vn -0.816774 -0.283796 -0.502334
vn -0.909896 -0.048240 -0.412023
vn -0.866683 -0.272192 -0.418058
vn 0.372975 -0.102041 0.922213
vn -0.372975 0.102041 -0.922213
vn 0.964144 -0.000567 0.265380
vn 0.962256 0.050745 0.267374
vn 0.957715 0.050750 0.283206
vn -0.957715 -0.050750 -0.283206
vn -0.962256 -0.050745 -0.267374
vn -0.964144 0.000567 -0.265380
vn 0.906990 -0.004967 0.421122
vn 0.864961 0.048982 0.499444
vn -0.864961 -0.048982 -0.499444
vn -0.906990 0.004967 -0.421122
vn 0.855356 -0.001487 0.518038
vn -0.855356 0.001487 -0.518038
vn 0.369399 0.000922 0.929270
vn -0.369399 -0.000922 -0.929270
vn 0.410210 0.048680 0.910691
vn 0.444213 0.050643 0.894489
vn 0.413277 -0.101363 0.904946
vn -0.413277 0.101363 -0.904946
vn -0.444213 -0.050643 -0.894489
vn -0.410210 -0.048680 -0.910691
vn 0.346049 0.296449 0.890151
vn 0.715299 0.302367 0.630017
vn 0.379911 0.046556 0.923851
vn -0.379911 -0.046556 -0.923851
vn -0.715299 -0.302367 -0.630017
vn -0.346049 -0.296449 -0.890151
vn 0.962745 0.049616 0.265819
vn 0.964477 -0.002493 0.264156
vn -0.964477 0.002493 -0.264156
vn -0.962745 -0.049616 -0.265819
vn 0.740677 0.048583 0.670102
vn -0.740677 -0.048583 -0.670102
vn 0.909898 0.046940 0.412169
vn 0.856706 -0.098106 0.506389
vn 0.865282 0.048785 0.498906
vn -0.865282 -0.048785 -0.498906
vn -0.856706 0.098106 -0.506389
vn -0.909898 -0.046940 -0.412169
vn 0.442787 -0.102235 0.890779
vn -0.442787 0.102235 -0.890779
vn 0.905370 -0.094781 0.413911
vn -0.905370 0.094781 -0.413911
vn 0.409999 0.045915 0.910930
vn 0.428105 0.294055 0.854551
vn 0.444921 0.049115 0.894222
vn -0.444921 -0.049115 -0.894222
vn -0.428105 -0.294055 -0.854551
vn -0.409999 -0.045915 -0.910930
vn 0.926595 0.284836 0.245539
vn 0.923024 0.290791 0.251928
vn 0.957541 0.049929 0.283942
vn -0.957541 -0.049929 -0.283942
vn -0.923024 -0.290791 -0.251928
vn -0.926595 -0.284836 -0.245539
vn 0.958553 -0.101504 0.266220
vn 0.957096 -0.101595 0.271377
vn -0.957096 0.101595 -0.271377
vn -0.958553 0.101504 -0.266220
vn 0.446493 -0.000149 0.894787
vn -0.446493 0.000149 -0.894787
vn 0.421649 0.001312 0.906758
vn -0.421649 -0.001312 -0.906758
vn 0.410474 0.295105 0.862800
vn -0.410474 -0.295105 -0.862800
vn 0.738710 -0.105965 0.665642
vn -0.738710 0.105965 -0.665642
vn 0.869425 0.049828 0.491547
vn -0.869425 -0.049828 -0.491547
vn 0.869405 0.000567 0.494100
vn 0.868701 0.048086 0.492997
vn -0.868701 -0.048086 -0.492997
vn -0.869405 -0.000567 -0.494100
vn 0.324091 0.003241 0.946020
vn 0.315338 0.045757 0.947875
vn -0.315338 -0.045757 -0.947875
vn -0.324091 -0.003241 -0.946020
vn 0.866289 -0.100920 0.489243
vn -0.866289 0.100920 -0.489243
vn 0.311256 0.293430 0.903891
vn -0.311256 -0.293430 -0.903891
vn 0.316663 0.041892 0.947613
vn -0.316663 -0.041892 -0.947613
vn 0.316875 -0.102084 0.942958
vn -0.316875 0.102084 -0.942958
vn 0.829834 0.292379 0.475280
vn -0.829834 -0.292379 -0.475280
vn 0.301543 0.294055 0.906975
vn -0.301543 -0.294055 -0.906975
vn 0.318439 0.050565 0.946594
vn 0.316992 -0.000149 0.948428
vn -0.316992 0.000149 -0.948428
vn -0.318439 -0.050565 -0.946594
vn 0.317704 0.049115 0.946917
vn -0.317704 -0.049115 -0.946917
vn 0.318780 -0.098686 0.942677
vn -0.318780 0.098686 -0.942677
vn 0.000000 0.000000 1.000000
vn -0.000000 0.000000 -1.000000
vn 1.000000 0.000000 -0.000000
vn -1.000000 0.000000 0.000000
vn -0.707107 0.577350 0.408248
vn -0.408248 0.577350 -0.707107
vn -0.520267 0.799435 0.300376
vn -0.300376 0.799435 -0.520267
vn 0.520267 -0.799435 -0.300376
vn 0.408248 -0.577350 0.707107
vn 0.707107 -0.577350 -0.408248
vn 0.300376 -0.799435 0.520267
vn 0.707107 0.577350 0.408248
vn -0.408248 0.577350 0.707107
vn 0.520267 0.799435 0.300376
vn -0.300376 0.799435 0.520267
vn -0.520267 -0.799435 -0.300376
vn 0.408248 -0.577350 -0.707107
vn -0.707107 -0.577350 -0.408248
vn 0.300376 -0.799435 -0.520267
vn 0.707107 0.577350 -0.408248
vn 0.408248 0.577350 0.707107
vn 0.520267 0.799435 -0.300376
vn 0.300376 0.799435 0.520267
vn -0.520267 -0.799435 0.300376
vn -0.408248 -0.577350 -0.707107
vn -0.707107 -0.577350 0.408248
vn -0.300376 -0.799435 -0.520267
vn -0.520267 0.799435 -0.300376
vn 0.300376 0.799435 -0.520267
vn 0.520267 -0.799435 0.300376
vn -0.300376 -0.799435 0.520267
vn -0.707107 0.577350 -0.408248
vn 0.707107 -0.577350 0.408248
vn 0.408248 0.577350 -0.707107
vn -0.408248 -0.577350 0.707107
vn -0.288675 0.816497 0.500000
vn -0.212269 0.905410 0.367661
vn 0.500000 0.816497 0.288675
vn 0.367661 0.905410 0.212269
vn -0.500000 -0.816497 -0.288675
vn 0.212269 -0.905410 -0.367661
vn 0.288675 -0.816497 -0.500000
vn -0.367661 -0.905410 -0.212269
vn 0.288675 0.816497 -0.500000
vn 0.212269 0.905410 -0.367661
vn -0.288675 -0.816497 0.500000
vn -0.212269 -0.905410 0.367661
vn 0.666667 0.333333 -0.666667
vn 0.666667 0.333333 0.666667
vn 0.503377 0.702299 -0.503377
vn 0.503377 0.702299 0.503377
vn -0.503377 -0.702299 0.503377
vn -0.666667 -0.333333 -0.666667
vn -0.666667 -0.333333 0.666667
vn -0.503377 -0.702299 -0.503377
vn -0.503377 0.702299 0.503377
vn -0.503377 0.702299 -0.503377
vn 0.503377 -0.702299 -0.503377
vn 0.503377 -0.702299 0.503377
vn -0.367661 0.905410 -0.212269
vn -0.500000 0.816497 -0.288675
vn 0.500000 -0.816497 0.288675
vn 0.367661 -0.905410 0.212269
vn -0.666667 0.333333 0.666667
vn 0.666667 -0.333333 -0.666667
vn -0.666667 0.333333 -0.666667
vn 0.666667 -0.333333 0.666667
vn -0.000000 0.816497 0.577350
vn -0.000000 0.905410 0.424538
vn 0.577350 0.816497 0.000000
vn 0.424538 0.905410 0.000000
vn -0.577350 -0.816497 -0.000000
vn 0.000000 -0.905410 -0.424538
vn 0.000000 -0.816497 -0.577350
vn -0.424538 -0.905410 -0.000000
vn -0.424538 0.905410 -0.000000
vn 0.000000 0.905410 -0.424538
vn 0.424538 -0.905410 0.000000
vn -0.000000 -0.905410 0.424538
vn -0.577350 0.816497 -0.000000
vn 0.577350 -0.816497 0.000000
vn 0.000000 0.816497 -0.577350
vn -0.000000 -0.816497 0.577350
vn 0.923950 0.049109 -0.379348
vn 0.666468 -0.000968 -0.745533
vn 0.669560 0.050952 -0.741008
vn -0.669560 -0.050952 0.741008
vn -0.666468 0.000968 0.745533
vn -0.923950 -0.049109 0.379348
vn 0.418058 0.272192 -0.866683
vn 0.412023 0.048240 -0.909896
vn 0.502334 0.283796 -0.816774
vn -0.502334 -0.283796 0.816774
vn -0.412023 -0.048240 0.909896
vn -0.418058 -0.272192 0.866683
vn 0.922213 -0.102041 -0.372975
vn -0.922213 0.102041 0.372975
vn 0.265380 -0.000567 -0.964144
vn 0.267374 0.050745 -0.962256
vn 0.283206 0.050750 -0.957715
vn -0.283206 -0.050750 0.957715
vn -0.267374 -0.050745 0.962256
vn -0.265380 0.000567 0.964144
vn 0.421122 -0.004967 -0.906990
vn 0.499444 0.048982 -0.864961
vn -0.499444 -0.048982 0.864961
vn -0.421122 0.004967 0.906990
vn 0.518038 -0.001487 -0.855356
vn -0.518038 0.001487 0.855356
vn 0.929270 0.000922 -0.369399
vn -0.929270 -0.000922 0.369399
vn 0.910691 0.048680 -0.410210
vn 0.894489 0.050643 -0.444213
vn 0.904946 -0.101363 -0.413277
vn -0.904946 0.101363 0.413277
vn -0.894489 -0.050643 0.444213
vn -0.910691 -0.048680 0.410210
vn 0.890151 0.296449 -0.346048
vn 0.630017 0.302367 -0.715299
vn 0.923851 0.046556 -0.379911
vn -0.923851 -0.046556 0.379911
vn -0.630017 -0.302367 0.715299
vn -0.890151 -0.296449 0.346048
vn 0.265819 0.049616 -0.962745
vn 0.264156 -0.002493 -0.964477
vn -0.264156 0.002493 0.964477
vn -0.265819 -0.049616 0.962745
vn 0.670102 0.048583 -0.740677
vn -0.670102 -0.048583 0.740677
vn 0.412169 0.046940 -0.909898
vn 0.506389 -0.098106 -0.856706
vn 0.498906 0.048785 -0.865282
vn -0.498906 -0.048785 0.865282
vn -0.506389 0.098106 0.856706
vn -0.412169 -0.046940 0.909898
vn 0.890779 -0.102235 -0.442787
vn -0.890779 0.102235 0.442787
vn 0.413911 -0.094781 -0.905369
vn -0.413911 0.094781 0.905369
vn 0.910930 0.045915 -0.409998
vn 0.854551 0.294055 -0.428105
vn 0.894222 0.049115 -0.444921
vn -0.894222 -0.049115 0.444921
vn -0.854551 -0.294055 0.428105
vn -0.910930 -0.045915 0.409998
vn 0.245539 0.284836 -0.926595
vn 0.251928 0.290791 -0.923024
vn 0.283942 0.049929 -0.957541
vn -0.283942 -0.049929 0.957541
vn -0.251928 -0.290791 0.923024
vn -0.245539 -0.284836 0.926595
vn 0.266220 -0.101504 -0.958553
vn 0.271377 -0.101595 -0.957096
vn -0.271377 0.101595 0.957096
vn -0.266220 0.101504 0.958553
vn 0.894787 -0.000149 -0.446492
vn -0.894787 0.000149 0.446492
vn 0.906758 0.001312 -0.421649
vn -0.906758 -0.001312 0.421649
vn 0.862800 0.295105 -0.410474
vn -0.862800 -0.295105 0.410474
vn 0.665642 -0.105965 -0.738710
vn -0.665642 0.105965 0.738710
vn 0.491547 0.049828 -0.869424
vn -0.491547 -0.049828 0.869424
vn 0.494101 0.000567 -0.869405
vn 0.492997 0.048086 -0.868701
vn -0.492997 -0.048086 0.868701
vn -0.494101 -0.000567 0.869405
vn 0.946020 0.003241 -0.324091
vn 0.947876 0.045757 -0.315338
vn -0.947876 -0.045757 0.315338
vn -0.946020 -0.003241 0.324091
vn 0.489243 -0.100920 -0.866289
vn -0.489243 0.100920 0.866289
vn 0.903891 0.293430 -0.311256
vn -0.903891 -0.293430 0.311256
vn 0.947613 0.041892 -0.316663
vn -0.947613 -0.041892 0.316663
vn 0.942958 -0.102084 -0.316875
vn -0.942958 0.102084 0.316875
vn 0.475280 0.292379 -0.829834
vn -0.475280 -0.292379 0.829834
vn 0.906975 0.294055 -0.301542
vn -0.906975 -0.294055 0.301542
vn 0.946594 0.050565 -0.318439
vn 0.948428 -0.000149 -0.316992
vn -0.948428 0.000149 0.316992
vn -0.946594 -0.050565 0.318439
vn 0.946917 0.049115 -0.317704
vn -0.946917 -0.049115 0.317704
vn 0.942677 -0.098686 -0.318780
vn -0.942677 0.098686 0.318780
vn -0.965926 0.000000 0.258819
vn -0.866025 0.000000 0.500000
vn 0.866025 0.000000 -0.500000
vn 0.965926 0.000000 -0.258819
vn -0.707107 0.000000 0.707107
vn 0.707107 0.000000 -0.707107
vn -0.258819 0.000000 0.965926
vn -0.500000 0.000000 0.866025
vn 0.258819 0.000000 -0.965926
vn 0.500000 0.000000 -0.866025
vn -0.130526 0.000000 0.991445
vn 0.130526 0.000000 -0.991445
vn 1.000000 0.000000 0.000000
vn -1.000000 0.000000 -0.000000
vn 0.000000 0.000000 -1.000000
vn -0.000000 0.000000 1.000000
vn -0.991445 0.000000 0.130526
vn 0.991445 0.000000 -0.130526
vn 0.763471 0.612587 0.204571
vn 0.204571 0.612587 0.763471
vn 0.178713 0.982735 0.047886
vn 0.047886 0.982735 0.178713
vn -0.178713 -0.982735 -0.047886
vn -0.204571 -0.612587 -0.763471
vn -0.763471 -0.612587 -0.204571
vn -0.047886 -0.982735 -0.178713
vn 0.558899 0.612587 -0.558899
vn 0.130827 0.982735 -0.130827
vn -0.204571 0.612587 -0.763471
vn -0.047886 0.982735 -0.178713
vn 0.204571 -0.612587 0.763471
vn -0.130827 -0.982735 0.130827
vn -0.558899 -0.612587 0.558899
vn 0.047886 -0.982735 0.178713
vn -0.763471 0.612587 -0.204571
vn -0.178713 0.982735 -0.047886
vn 0.178713 -0.982735 0.047886
vn 0.763471 -0.612587 0.204571
vn -0.558899 0.612587 0.558899
vn -0.130827 0.982735 0.130827
vn 0.558899 -0.612587 -0.558899
vn 0.130827 -0.982735 -0.130827
vn -0.028301 0.999199 0.028301
vn -0.038659 0.999199 -0.010359
vn 0.010359 0.999199 0.038659
vn 0.038659 0.999199 0.010359
vn -0.010359 0.999199 -0.038659
vn 0.028301 0.999199 -0.028301
vn -0.010359 -0.999199 -0.038659
vn 0.038659 -0.999199 0.010359
vn 0.028301 -0.999199 -0.028301
vn -0.038659 -0.999199 -0.010359
vn 0.010359 -0.999199 0.038659
vn -0.028301 -0.999199 0.028301
vn -0.198680 0.973329 0.114708
vn -0.114708 0.973329 -0.198680
vn -0.148381 0.985213 0.085668
vn -0.085668 0.985213 -0.148381
vn 0.148381 -0.985213 -0.085668
vn 0.114708 -0.973329 0.198680
vn 0.198680 -0.973329 -0.114708
vn 0.085668 -0.985213 0.148381
vn -0.174704 0.905410 0.386925
vn -0.386925 0.905410 -0.174704
vn 0.386925 0.905410 0.174704
vn 0.174704 0.905410 -0.386925
vn -0.386925 -0.905410 -0.174704
vn 0.386925 -0.905410 0.174704
vn 0.174704 -0.905410 -0.386925
vn -0.174704 -0.905410 0.386925
vn 0.085668 0.985213 0.148381
vn 0.148381 0.985213 -0.085668
vn -0.148381 -0.985213 0.085668
vn -0.085668 -0.985213 -0.148381
vn 0.114708 0.973329 0.198680
vn -0.114708 -0.973329 -0.198680
vn 0.198680 0.973329 -0.114708
vn -0.198680 -0.973329 0.114708
vn -0.123948 0.968786 0.214685
vn -0.214685 0.968786 -0.123948
vn 0.214685 0.968786 0.123948
vn 0.123948 0.968786 -0.214685
vn -0.214685 -0.968786 -0.123948
vn 0.214685 -0.968786 0.123948
vn 0.123948 -0.968786 -0.214685
vn -0.123948 -0.968786 0.214685
vn -0.288675 0.942809 -0.166667
vn 0.166667 0.942809 -0.288675
vn 0.288675 -0.942809 0.166667
vn -0.166667 -0.942809 0.288675
vn -0.166667 0.942809 0.288675
vn 0.288675 0.942809 0.166667
vn -0.288675 -0.942809 -0.166667
vn 0.166667 -0.942809 -0.288675
vn -0.526199 0.816497 -0.237588
vn 0.237588 0.816497 -0.526199
vn 0.526199 -0.816497 0.237588
vn -0.237588 -0.816497 0.526199
vn 0.526199 0.816497 0.237588
vn -0.526199 -0.816497 -0.237588
vn -0.237588 0.816497 0.526199
vn 0.237588 -0.816497 -0.526199
vn 0.300194 0.905410 0.300194
vn -0.300194 0.905410 0.300194
vn 0.300194 0.905410 -0.300194
vn -0.300194 0.905410 -0.300194
vn -0.300194 -0.905410 0.300194
vn 0.300194 -0.905410 -0.300194
vn -0.300194 -0.905410 -0.300194
vn 0.300194 -0.905410 0.300194
vn 0.408248 0.816497 0.408248
vn -0.408248 0.816497 0.408248
vn 0.408248 -0.816497 -0.408248
vn -0.408248 -0.816497 -0.408248
vn 0.408248 0.816497 -0.408248
vn -0.408248 -0.816497 0.408248
vn -0.408248 0.816497 -0.408248
vn 0.408248 -0.816497 0.408248
vn 0.577350 0.577350 -0.577350
vn 0.424797 0.799435 -0.424796
vn -0.577350 0.577350 -0.577350
vn -0.424796 0.799435 -0.424797
vn 0.577350 -0.577350 0.577350
vn -0.424797 -0.799435 0.424796
vn -0.577350 -0.577350 0.577350
vn 0.424796 -0.799435 0.424797
vn 0.424796 0.799435 0.424797
vn -0.424797 0.799435 0.424796
vn 0.424797 -0.799435 -0.424796
vn -0.424796 -0.799435 -0.424797
vn 0.577350 0.577350 0.577350
vn -0.577350 -0.577350 -0.577350
vn -0.577350 0.577350 0.577350
vn 0.577350 -0.577350 -0.577350
vn 0.212269 0.905410 0.367661
vn -0.367661 0.905410 0.212269
vn 0.367661 0.905410 -0.212269
vn -0.212269 0.905410 -0.367661
vn -0.367661 -0.905410 0.212269
vn 0.367661 -0.905410 -0.212269
vn -0.212269 -0.905410 -0.367661
vn 0.212269 -0.905410 0.367661
vn 0.288675 0.816497 0.500000
vn -0.500000 0.816497 0.288675
vn 0.500000 -0.816497 -0.288675
vn -0.288675 -0.816497 -0.500000
vn -0.288675 0.816497 -0.500000
vn 0.288675 -0.816497 0.500000
vn 0.500000 0.816497 -0.288675
vn -0.500000 -0.816497 0.288675
vn -0.910684 0.333333 0.244017
vn -0.244017 0.333333 -0.910684
vn -0.687625 0.702299 0.184249
vn -0.184249 0.702299 -0.687625
vn 0.687625 -0.702299 -0.184249
vn 0.244017 -0.333333 0.910684
vn 0.910684 -0.333333 -0.244017
vn 0.184249 -0.702299 0.687625
vn 0.910684 0.333333 -0.244017
vn 0.244017 0.333333 0.910684
vn 0.687625 0.702299 -0.184249
vn 0.184249 0.702299 0.687625
vn -0.687625 -0.702299 0.184249
vn -0.244017 -0.333333 -0.910684
vn -0.910684 -0.333333 0.244017
vn -0.184249 -0.702299 -0.687625
vn 0.996845 0.000000 -0.079379
vn 0.996845 0.000000 0.079379
vn 0.995562 0.048477 -0.080665
vn 0.995562 0.048477 0.080665
vn -0.995562 -0.048477 0.080665
vn -0.996845 0.000000 -0.079379
vn -0.996845 0.000000 0.079379
vn -0.995562 -0.048477 -0.080665
vn 0.992018 -0.097977 -0.079376
vn 0.992018 -0.097977 0.079376
vn -0.992018 0.097977 0.079376
vn -0.992018 0.097977 -0.079376
vn 0.998217 0.000000 -0.059695
vn 0.997262 0.047254 -0.056889
vn -0.998217 0.000000 0.059695
vn -0.997262 -0.047254 0.056889
vn 0.950765 0.281708 -0.129174
vn 0.950765 0.281708 0.129174
vn 0.988931 0.047059 -0.140715
vn 0.988931 0.047059 0.140715
vn -0.988931 -0.047059 0.140715
vn -0.950765 -0.281708 -0.129174
vn -0.950765 -0.281708 0.129174
vn -0.988931 -0.047059 -0.140715
vn -1.000000 0.000000 -0.000000
vn 1.000000 0.000000 0.000000
vn 0.990757 0.000000 -0.135647
vn 0.989032 0.048423 -0.139539
vn -0.990757 0.000000 0.135647
vn -0.989032 -0.048423 0.139539
vn 0.947454 0.280727 -0.153374
vn 0.956041 0.283271 -0.075786
vn 0.986157 0.044827 -0.159639
vn 0.995604 0.046935 -0.081059
vn -0.986157 -0.044827 0.159639
vn -0.956041 -0.283271 0.075786
vn -0.947454 -0.280727 0.153374
vn -0.995604 -0.046935 0.081059
vn 0.987150 0.000000 -0.159800
vn 0.986061 0.046957 -0.159623
vn -0.986061 -0.046957 0.159623
vn -0.987150 0.000000 0.159800
vn 0.956041 0.283271 0.075787
vn 0.957184 0.283610 -0.058009
vn 0.995604 0.046935 0.081059
vn 0.997405 0.044981 -0.056207
vn -0.995604 -0.046935 -0.081059
vn -0.957184 -0.283610 0.058009
vn -0.956041 -0.283271 -0.075787
vn -0.997405 -0.044981 0.056207
vn 0.990757 0.000000 0.135648
vn 0.961958 0.000000 0.273196
vn 0.989032 0.048423 0.139539
vn 0.960971 0.045299 0.272916
vn -0.989032 -0.048423 -0.139539
vn -0.961958 0.000000 -0.273196
vn -0.990757 0.000000 -0.135648
vn -0.960971 -0.045299 -0.272916
vn 0.925114 0.274108 0.262733
vn 0.961069 0.042983 0.272944
vn -0.925114 -0.274108 -0.262733
vn -0.961069 -0.042983 -0.272944
vn 0.985898 -0.097373 0.136102
vn 0.957646 -0.094582 0.271972
vn -0.985898 0.097373 -0.136102
vn -0.957646 0.094582 -0.271972
vn 0.982491 -0.097036 -0.159046
vn -0.982491 0.097036 0.159046
vn -0.000000 0.000000 1.000000
vn 0.000000 0.000000 -1.000000
vn 0.985898 -0.097373 -0.136102
vn -0.985898 0.097373 0.136102
vn 0.993448 -0.098118 -0.058599
vn -0.993448 0.098118 0.058599
vn 0.942039 0.221013 0.252419
vn 0.252418 0.221013 0.942039
vn 0.522916 0.840789 0.140115
vn 0.140115 0.840789 0.522916
vn -0.522916 -0.840789 -0.140115
vn -0.252418 -0.221013 -0.942039
vn -0.942039 -0.221013 -0.252419
vn -0.140115 -0.840789 -0.522916
vn 0.689621 0.221013 -0.689620
vn 0.382801 0.840789 -0.382801
vn -0.252418 0.221013 -0.942039
vn -0.140115 0.840789 -0.522916
vn 0.252418 -0.221013 0.942039
vn -0.382801 -0.840789 0.382801
vn -0.689621 -0.221013 0.689620
vn 0.140115 -0.840789 0.522916
vn -0.942039 0.221013 -0.252419
vn -0.522916 0.840789 -0.140115
vn 0.522916 -0.840789 0.140115
vn 0.942039 -0.221013 0.252419
vn -0.689621 0.221013 0.689620
vn -0.382801 0.840789 0.382801
vn 0.689621 -0.221013 -0.689620
vn 0.382801 -0.840789 -0.382801
vn -0.095969 0.990747 0.095969
vn -0.131096 0.990747 -0.035127
vn 0.035127 0.990747 0.131096
vn 0.131096 0.990747 0.035127
vn -0.035127 0.990747 -0.131096
vn 0.095969 0.990747 -0.095969
vn -0.035127 -0.990747 -0.131096
vn 0.131096 -0.990747 0.035127
vn 0.095969 -0.990747 -0.095969
vn -0.131096 -0.990747 -0.035127
vn 0.035127 -0.990747 0.131096
vn -0.095969 -0.990747 0.095969
vn 0.910684 0.333333 -0.244017
vn 0.244017 0.333333 0.910684
vn 0.687625 0.702299 -0.184249
vn 0.184249 0.702299 0.687625
vn -0.687625 -0.702299 0.184249
vn -0.244017 -0.333333 -0.910684
vn -0.910684 -0.333333 0.244017
vn -0.184249 -0.702299 -0.687625
vn -0.910684 0.333333 0.244017
vn -0.244017 0.333333 -0.910684
vn -0.687625 0.702299 0.184249
vn -0.184249 0.702299 -0.687625
vn 0.687625 -0.702299 -0.184249
vn 0.244017 -0.333333 0.910684
vn 0.910684 -0.333333 -0.244017
vn 0.184249 -0.702299 0.687625
vn -0.996845 0.000000 0.079379
vn -0.996845 0.000000 -0.079379
vn -0.995562 0.048477 0.080665
vn -0.995562 0.048477 -0.080665
vn 0.995562 -0.048477 -0.080665
vn 0.996845 0.000000 0.079379
vn 0.996845 0.000000 -0.079379
vn 0.995562 -0.048477 0.080665
vn -0.992018 -0.097977 0.079376
vn -0.992018 -0.097977 -0.079376
vn 0.992018 0.097977 -0.079376
vn 0.992018 0.097977 0.079376
vn -0.998217 0.000000 0.059695
vn -0.997262 0.047254 0.056890
vn 0.998217 0.000000 -0.059695
vn 0.997262 -0.047254 -0.056890
vn -0.950765 0.281708 0.129174
vn -0.950765 0.281708 -0.129174
vn -0.988931 0.047059 0.140715
vn -0.988931 0.047059 -0.140715
vn 0.988931 -0.047059 -0.140715
vn 0.950765 -0.281708 0.129174
vn 0.950765 -0.281708 -0.129174
vn 0.988931 -0.047059 0.140715
vn 1.000000 0.000000 -0.000000
vn -1.000000 0.000000 0.000000
vn -0.990757 0.000000 0.135648
vn -0.989032 0.048423 0.139539
vn 0.990757 0.000000 -0.135648
vn 0.989032 -0.048423 -0.139539
vn -0.947454 0.280727 0.153374
vn -0.956041 0.283271 0.075787
vn -0.986157 0.044827 0.159639
vn -0.995604 0.046935 0.081059
vn 0.986157 -0.044827 -0.159639
vn 0.956041 -0.283271 -0.075787
vn 0.947454 -0.280727 -0.153374
vn 0.995604 -0.046935 -0.081059
vn -0.987150 0.000000 0.159800
vn -0.986061 0.046957 0.159624
vn 0.986061 -0.046957 -0.159624
vn 0.987150 0.000000 -0.159800
vn -0.956041 0.283271 -0.075786
vn -0.957184 0.283610 0.058010
vn -0.995604 0.046935 -0.081059
vn -0.997405 0.044981 0.056207
vn 0.995604 -0.046935 0.081059
vn 0.957184 -0.283610 -0.058010
vn 0.956041 -0.283271 0.075786
vn 0.997405 -0.044981 -0.056207
vn -0.990757 0.000000 -0.135647
vn -0.961959 0.000000 -0.273196
vn -0.989032 0.048423 -0.139539
vn -0.960971 0.045299 -0.272916
vn 0.989032 -0.048423 0.139539
vn 0.961959 0.000000 0.273196
vn 0.990757 0.000000 0.135647
vn 0.960971 -0.045299 0.272916
vn -0.925114 0.274108 -0.262732
vn -0.961070 0.042983 -0.272944
vn 0.925114 -0.274108 0.262732
vn 0.961070 -0.042983 0.272944
vn -0.985898 -0.097373 -0.136102
vn -0.957646 -0.094582 -0.271971
vn 0.985898 0.097373 0.136102
vn 0.957646 0.094582 0.271971
vn -0.982491 -0.097036 0.159046
vn 0.982491 0.097036 -0.159046
vn -0.000000 0.000000 -1.000000
vn 0.000000 0.000000 1.000000
vn -0.985898 -0.097373 0.136102
vn 0.985898 0.097373 -0.136102
vn -0.993448 -0.098118 0.058599
vn 0.993448 0.098118 -0.058599
vn -0.942039 0.221013 -0.252418
vn -0.252419 0.221013 -0.942039
vn -0.522916 0.840789 -0.140115
vn -0.140115 0.840789 -0.522916
vn 0.522916 -0.840789 0.140115
vn 0.252419 -0.221013 0.942039
vn 0.942039 -0.221013 0.252418
vn 0.140115 -0.840789 0.522916
vn -0.689621 0.221013 0.689621
vn -0.382801 0.840789 0.382801
vn 0.252419 0.221013 0.942039
vn 0.140115 0.840789 0.522916
vn -0.252419 -0.221013 -0.942039
vn 0.382801 -0.840789 -0.382801
vn 0.689621 -0.221013 -0.689621
vn -0.140115 -0.840789 -0.522916
vn 0.942039 0.221013 0.252418
vn 0.522916 0.840789 0.140115
vn -0.522916 -0.840789 -0.140115
vn -0.942039 -0.221013 -0.252418
vn 0.689621 0.221013 -0.689621
vn 0.382801 0.840789 -0.382801
vn -0.689621 -0.221013 0.689621
vn -0.382801 -0.840789 0.382801
vn 0.095969 0.990747 -0.095969
vn 0.131096 0.990747 0.035127
vn -0.035127 0.990747 -0.131096
vn -0.131096 0.990747 -0.035127
vn 0.035127 0.990747 0.131096
vn -0.095969 0.990747 0.095969
vn 0.035127 -0.990747 0.131096
vn -0.131096 -0.990747 -0.035127
vn -0.095969 -0.990747 0.095969
vn 0.131096 -0.990747 0.035127
vn -0.035127 -0.990747 -0.131096
vn 0.095969 -0.990747 -0.095969
vn 0.079379 0.000000 0.996845
vn -0.079379 0.000000 0.996845
vn 0.080665 0.048477 0.995562
vn -0.080665 0.048477 0.995562
vn -0.080665 -0.048477 -0.995562
vn 0.079379 0.000000 -0.996845
vn -0.079379 0.000000 -0.996845
vn 0.080665 -0.048477 -0.995562
vn 0.079376 -0.097977 0.992018
vn -0.079376 -0.097977 0.992018
vn -0.079376 0.097977 -0.992018
vn 0.079376 0.097977 -0.992018
vn 0.059695 0.000000 0.998217
vn 0.056889 0.047254 0.997262
vn -0.059695 0.000000 -0.998217
vn -0.056889 -0.047254 -0.997262
vn 0.129174 0.281708 0.950765
vn -0.129174 0.281708 0.950765
vn 0.140715 0.047059 0.988931
vn -0.140715 0.047059 0.988931
vn -0.140715 -0.047059 -0.988931
vn 0.129174 -0.281708 -0.950765
vn -0.129174 -0.281708 -0.950765
vn 0.140715 -0.047059 -0.988931
vn 0.000000 0.000000 -1.000000
vn -0.000000 0.000000 1.000000
vn 0.135647 0.000000 0.990757
vn 0.139539 0.048423 0.989032
vn -0.135647 0.000000 -0.990757
vn -0.139539 -0.048423 -0.989032
vn 0.153374 0.280727 0.947454
vn 0.075787 0.283271 0.956041
vn 0.159639 0.044827 0.986157
vn 0.081059 0.046935 0.995604
vn -0.159639 -0.044827 -0.986157
vn -0.075787 -0.283271 -0.956041
vn -0.153374 -0.280727 -0.947454
vn -0.081059 -0.046935 -0.995604
vn 0.159800 0.000000 0.987149
vn 0.159624 0.046957 0.986061
vn -0.159624 -0.046957 -0.986061
vn -0.159800 0.000000 -0.987149
vn -0.075787 0.283271 0.956041
vn 0.058010 0.283610 0.957183
vn -0.081059 0.046935 0.995604
vn 0.056207 0.044981 0.997405
vn 0.081059 -0.046935 -0.995604
vn -0.058010 -0.283610 -0.957183
vn 0.075787 -0.283271 -0.956041
vn -0.056207 -0.044981 -0.997405
vn -0.135647 0.000000 0.990757
vn -0.273196 0.000000 0.961958
vn -0.139539 0.048423 0.989032
vn -0.272916 0.045299 0.960971
vn 0.139539 -0.048423 -0.989032
vn 0.273196 0.000000 -0.961958
vn 0.135647 0.000000 -0.990757
vn 0.272916 -0.045299 -0.960971
vn -0.262732 0.274108 0.925114
vn -0.272944 0.042983 0.961069
vn 0.262732 -0.274108 -0.925114
vn 0.272944 -0.042983 -0.961069
vn -0.136102 -0.097373 0.985898
vn -0.271971 -0.094582 0.957646
vn 0.136102 0.097373 -0.985898
vn 0.271971 0.094582 -0.957646
vn 0.159046 -0.097036 0.982491
vn -0.159046 0.097036 -0.982491
vn -1.000000 0.000000 -0.000000
vn 1.000000 0.000000 0.000000
vn 0.136102 -0.097373 0.985898
vn -0.136102 0.097373 -0.985898
vn 0.058599 -0.098118 0.993448
vn -0.058599 0.098118 -0.993448
vn 0.187221 0.927250 0.324277
vn 0.374442 0.927250 -0.000000
vn 0.442483 0.465654 0.766404
vn 0.884967 0.465654 -0.000000
vn -0.442483 -0.465654 -0.766404
vn -0.374442 -0.927250 0.000000
vn -0.187221 -0.927250 -0.324277
vn -0.884967 -0.465654 0.000000
vn -0.442483 0.465654 -0.766404
vn 0.442483 0.465654 -0.766404
vn -0.187221 0.927250 -0.324277
vn 0.187221 0.927250 -0.324277
vn 0.187221 -0.927250 0.324277
vn -0.442483 -0.465654 0.766404
vn 0.442483 -0.465654 0.766404
vn -0.187221 -0.927250 0.324277
vn -0.442483 0.465654 0.766404
vn -0.187221 0.927250 0.324277
vn 0.187221 -0.927250 -0.324277
vn 0.442483 -0.465654 -0.766404
vn -0.498524 0.076773 0.863469
vn -0.997049 0.076773 0.000000
vn -0.884967 0.465654 0.000000
vn 0.997049 -0.076773 -0.000000
vn 0.498524 -0.076773 -0.863469
vn 0.884967 -0.465654 -0.000000
vn -0.498524 0.076773 -0.863469
vn 0.498524 -0.076773 0.863469
vn -0.374442 0.927250 0.000000
vn 0.374442 -0.927250 -0.000000
vn 0.997049 0.076773 -0.000000
vn 0.498524 0.076773 -0.863469
vn -0.498524 -0.076773 0.863469
vn -0.997049 -0.076773 0.000000
vn 0.498524 0.076773 0.863469
vn -0.498524 -0.076773 -0.863469
vn -0.252418 0.221013 0.942039
vn -0.942039 0.221013 0.252419
vn -0.140115 0.840789 0.522916
vn -0.522916 0.840789 0.140115
vn 0.140115 -0.840789 -0.522916
vn 0.942039 -0.221013 -0.252419
vn 0.252418 -0.221013 -0.942039
vn 0.522916 -0.840789 -0.140115
vn 0.689621 0.221013 0.689621
vn 0.382801 0.840789 0.382801
vn 0.942039 0.221013 -0.252419
vn 0.522916 0.840789 -0.140115
vn -0.942039 -0.221013 0.252419
vn -0.382801 -0.840789 -0.382801
vn -0.689621 -0.221013 -0.689621
vn -0.522916 -0.840789 0.140115
vn 0.252418 0.221013 -0.942039
vn 0.140115 0.840789 -0.522916
vn -0.140115 -0.840789 0.522916
vn -0.252418 -0.221013 0.942039
vn -0.689621 0.221013 -0.689621
vn -0.382801 0.840789 -0.382801
vn 0.689621 -0.221013 0.689621
vn 0.382801 -0.840789 0.382801
vn -0.095969 0.990747 -0.095969
vn 0.035127 0.990747 -0.131096
vn -0.131096 0.990747 0.035127
vn -0.035127 0.990747 0.131096
vn 0.131096 0.990747 -0.035127
vn 0.095969 0.990747 0.095969
vn 0.131096 -0.990747 -0.035127
vn -0.035127 -0.990747 0.131096
vn 0.095969 -0.990747 0.095969
vn 0.035127 -0.990747 -0.131096
vn -0.131096 -0.990747 0.035127
vn -0.095969 -0.990747 -0.095969
vn -0.080665 0.048477 -0.995562
vn 0.080665 0.048477 -0.995562
vn 0.080665 -0.048477 0.995562
vn -0.080665 -0.048477 0.995562
vn -0.079376 -0.097977 -0.992018
vn 0.079376 -0.097977 -0.992018
vn 0.079376 0.097977 0.992018
vn -0.079376 0.097977 0.992018
vn -0.056889 0.047254 -0.997262
vn 0.056889 -0.047254 0.997262
vn -0.129174 0.281708 -0.950765
vn 0.129174 0.281708 -0.950765
vn -0.140715 0.047059 -0.988931
vn 0.140715 0.047059 -0.988931
vn 0.140715 -0.047059 0.988931
vn -0.129174 -0.281708 0.950765
vn 0.129174 -0.281708 0.950765
vn -0.140715 -0.047059 0.988931
vn -0.139539 0.048423 -0.989032
vn 0.139539 -0.048423 0.989032
vn -0.153374 0.280727 -0.947454
vn -0.075787 0.283271 -0.956041
vn -0.159639 0.044827 -0.986157
vn -0.081059 0.046935 -0.995604
vn 0.159639 -0.044827 0.986157
vn 0.075787 -0.283271 0.956041
vn 0.153374 -0.280727 0.947454
vn 0.081059 -0.046935 0.995604
vn -0.159624 0.046957 -0.986061
vn 0.159624 -0.046957 0.986061
vn 0.075787 0.283271 -0.956041
vn -0.058010 0.283610 -0.957183
vn 0.081059 0.046935 -0.995604
vn -0.056207 0.044981 -0.997405
vn -0.081059 -0.046935 0.995604
vn 0.058010 -0.283610 0.957183
vn -0.075787 -0.283271 0.956041
vn 0.056207 -0.044981 0.997405
vn 0.139539 0.048423 -0.989032
vn 0.272916 0.045299 -0.960971
vn -0.139539 -0.048423 0.989032
vn -0.272916 -0.045299 0.960971
vn 0.262732 0.274108 -0.925114
vn 0.272944 0.042983 -0.961069
vn -0.262732 -0.274108 0.925114
vn -0.272944 -0.042983 0.961069
vn 0.136102 -0.097373 -0.985898
vn 0.271971 -0.094582 -0.957646
vn -0.136102 0.097373 0.985898
vn -0.271971 0.094582 0.957646
vn -0.159046 -0.097036 -0.982491
vn 0.159046 0.097036 0.982491
vn -0.136102 -0.097373 -0.985898
vn 0.136102 0.097373 0.985898
vn -0.058599 -0.098118 -0.993448
vn 0.058599 0.098118 0.993448
vn -0.374442 0.927250 0.000000
vn -0.884967 0.465654 0.000000
vn 0.374442 -0.927250 -0.000000
vn 0.884967 -0.465654 -0.000000
vn 0.997049 0.076773 -0.000000
vn 0.884967 0.465654 -0.000000
vn -0.997049 -0.076773 0.000000
vn -0.884967 -0.465654 0.000000
vn 0.374442 0.927250 -0.000000
vn -0.374442 -0.927250 0.000000
vn -0.997049 0.076773 0.000000
vn 0.997049 -0.076773 -0.000000
vn -0.707107 0.000000 0.707107
vn -0.948683 0.000000 0.316228
vn -0.706096 0.053456 0.706096
vn -0.947626 0.047204 0.315875
vn 0.706096 -0.053456 -0.706096
vn 0.948683 0.000000 -0.316228
vn 0.707107 0.000000 -0.707107
vn 0.947626 -0.047204 -0.315875
vn -0.703259 -0.104187 0.703259
vn -0.314849 -0.093288 0.944546
vn -0.315875 0.047204 0.947626
vn 0.314849 0.093288 -0.944546
vn 0.703259 0.104187 -0.703259
vn 0.315875 -0.047204 -0.947626
vn -0.674578 0.299813 0.674579
vn -0.706117 0.052902 0.706117
vn -0.304429 0.270604 0.913289
vn -0.315887 0.046404 0.947662
vn 0.304429 -0.270604 -0.913289
vn 0.706117 -0.052902 -0.706117
vn 0.674578 -0.299813 -0.674579
vn 0.315887 -0.046404 -0.947662
vn -0.913289 0.270604 0.304430
vn -0.947661 0.046404 0.315887
vn 0.947661 -0.046404 -0.315887
vn 0.913289 -0.270604 -0.304430
vn -0.316228 0.000000 0.948684
vn 0.316228 0.000000 -0.948684
vn -0.944546 -0.093288 0.314849
vn 0.944546 0.093288 -0.314849
vn 0.316228 0.000000 0.948683
vn 0.706096 0.053456 0.706096
vn 0.315875 0.047204 0.947626
vn -0.706096 -0.053456 -0.706096
vn -0.316228 0.000000 -0.948683
vn -0.315875 -0.047204 -0.947626
vn 0.703259 -0.104187 0.703259
vn 0.944546 -0.093288 0.314849
vn 0.947626 0.047204 0.315875
vn -0.944546 0.093288 -0.314849
vn -0.703259 0.104187 -0.703259
vn -0.947626 -0.047204 -0.315875
vn 0.674578 0.299813 0.674578
vn 0.706117 0.052902 0.706117
vn 0.913289 0.270604 0.304430
vn 0.947661 0.046404 0.315887
vn -0.913289 -0.270604 -0.304430
vn -0.706117 -0.052902 -0.706117
vn -0.674578 -0.299813 -0.674578
vn -0.947661 -0.046404 -0.315887
vn 0.304430 0.270604 0.913289
vn 0.315887 0.046404 0.947661
vn -0.315887 -0.046404 -0.947661
vn -0.304430 -0.270604 -0.913289
vn 0.000000 0.000000 -1.000000
vn -0.000000 0.000000 1.000000
vn 0.948683 0.000000 0.316228
vn -0.948683 0.000000 -0.316228
vn 0.314849 -0.093288 0.944546
vn -0.314849 0.093288 -0.944546
vn -1.000000 0.000000 -0.000000
vn 1.000000 0.000000 0.000000
vn 0.000000 0.000000 -1.000000
vn -0.000000 0.000000 1.000000
vn -1.000000 0.000000 -0.000000
vn 1.000000 0.000000 0.000000
vn -0.706096 0.053456 -0.706096
vn -0.315875 0.047204 -0.947626
vn 0.706096 -0.053456 0.706096
vn 0.315875 -0.047204 0.947626
vn -0.703259 -0.104187 -0.703259
vn -0.944546 -0.093288 -0.314849
vn -0.947626 0.047204 -0.315875
vn 0.944546 0.093288 0.314849
vn 0.703259 0.104187 0.703259
vn 0.947626 -0.047204 0.315875
vn -0.674578 0.299813 -0.674578
vn -0.706117 0.052902 -0.706117
vn -0.913289 0.270604 -0.304430
vn -0.947661 0.046404 -0.315887
vn 0.913289 -0.270604 0.304430
vn 0.706117 -0.052902 0.706117
vn 0.674578 -0.299813 0.674578
vn 0.947661 -0.046404 0.315887
vn -0.304430 0.270604 -0.913289
vn -0.315887 0.046404 -0.947661
vn 0.315887 -0.046404 0.947661
vn 0.304430 -0.270604 0.913289
vn -0.314849 -0.093288 -0.944546
vn 0.314849 0.093288 0.944546
vn 0.707107 0.000000 -0.707107
vn 0.948684 0.000000 -0.316228
vn 0.706096 0.053456 -0.706096
vn 0.947626 0.047204 -0.315875
vn -0.706096 -0.053456 0.706096
vn -0.948684 0.000000 0.316228
vn -0.707107 0.000000 0.707107
vn -0.947626 -0.047204 0.315875
vn 0.703259 -0.104187 -0.703259
vn 0.314849 -0.093288 -0.944546
vn 0.315875 0.047204 -0.947626
vn -0.314849 0.093288 0.944546
vn -0.703259 0.104187 0.703259
vn -0.315875 -0.047204 0.947626
vn 0.674579 0.299813 -0.674578
vn 0.706117 0.052902 -0.706117
vn 0.304430 0.270604 -0.913289
vn 0.315887 0.046404 -0.947661
vn -0.304430 -0.270604 0.913289
vn -0.706117 -0.052902 0.706117
vn -0.674579 -0.299813 0.674578
vn -0.315887 -0.046404 0.947661
vn 0.913289 0.270604 -0.304429
vn 0.947662 0.046404 -0.315887
vn -0.947662 -0.046404 0.315887
vn -0.913289 -0.270604 0.304429
vn 0.316228 0.000000 -0.948683
vn -0.316228 0.000000 0.948683
vn 0.944546 -0.093288 -0.314849
vn -0.944546 0.093288 0.314849
vn 0.079182 0.992428 0.093894
vn 0.120906 0.992428 -0.021626
vn 0.324467 0.864109 0.384754
vn 0.495441 0.864109 -0.088620
vn -0.324467 -0.864109 -0.384754
vn -0.120906 -0.992428 0.021626
vn -0.079182 -0.992428 -0.093894
vn -0.495441 -0.864109 0.088620
vn -0.324467 0.864109 -0.384754
vn 0.170974 0.864110 -0.473374
vn -0.079182 0.992428 -0.093894
vn 0.041724 0.992428 -0.115521
vn 0.079182 -0.992428 0.093894
vn -0.170974 -0.864110 0.473374
vn 0.324467 -0.864109 0.384754
vn -0.041724 -0.992428 0.115521
vn -0.170974 0.864110 0.473374
vn -0.041724 0.992428 0.115521
vn 0.041724 -0.992428 -0.115521
vn 0.170974 -0.864110 -0.473374
vn -0.329463 0.243671 0.912183
vn -0.954705 0.243671 0.170768
vn -0.495441 0.864109 0.088620
vn 0.954705 -0.243671 -0.170768
vn 0.329463 -0.243671 -0.912183
vn 0.495441 -0.864109 -0.088620
vn -0.625242 0.243671 -0.741415
vn 0.625242 -0.243671 0.741415
vn -0.120906 0.992428 0.021626
vn 0.120906 -0.992428 -0.021626
vn 0.954705 0.243671 -0.170768
vn 0.329463 0.243671 -0.912183
vn -0.329463 -0.243671 0.912183
vn -0.954705 -0.243671 0.170768
vn 0.625242 0.243671 0.741415
vn -0.625242 -0.243671 -0.741415
vn 0.382005 0.908874 -0.167389
vn 0.046039 0.908874 -0.414521
vn 0.831148 0.420182 -0.364198
vn 0.100170 0.420182 -0.901894
vn -0.831148 -0.420182 0.364198
vn -0.046039 -0.908874 0.414521
vn -0.382005 -0.908874 0.167389
vn -0.100170 -0.420182 0.901894
vn -0.831148 0.420182 0.364198
vn -0.730978 0.420182 -0.537697
vn -0.382005 0.908874 0.167389
vn -0.335966 0.908874 -0.247132
vn 0.382005 -0.908874 -0.167389
vn 0.730978 -0.420182 0.537697
vn 0.831148 -0.420182 -0.364198
vn 0.335966 -0.908874 0.247132
vn 0.730978 0.420182 0.537697
vn 0.335966 0.908874 0.247132
vn -0.335966 -0.908874 -0.247132
vn -0.730978 -0.420182 -0.537697
vn 0.803696 0.067606 0.591187
vn -0.110135 0.067606 0.991615
vn -0.100170 0.420182 0.901894
vn 0.110135 -0.067606 -0.991615
vn -0.803696 -0.067606 -0.591187
vn 0.100170 -0.420182 -0.901894
vn -0.913831 0.067606 0.400428
vn 0.913831 -0.067606 -0.400428
vn -0.046039 0.908874 0.414521
vn 0.046039 -0.908874 -0.414521
vn 0.110135 0.067606 -0.991615
vn -0.803696 0.067606 -0.591187
vn 0.803696 -0.067606 0.591187
vn -0.110135 -0.067606 0.991615
vn 0.913831 0.067606 -0.400428
vn -0.913831 -0.067606 0.400428
vn -0.146698 0.955991 -0.254089
vn -0.293397 0.955991 0.000000
vn -0.411089 0.569231 -0.712027
vn -0.822178 0.569231 0.000000
vn 0.411089 -0.569231 0.712027
vn 0.293397 -0.955991 -0.000000
vn 0.146698 -0.955991 0.254089
vn 0.822178 -0.569231 -0.000000
vn 0.411089 0.569231 0.712027
vn -0.411089 0.569231 0.712027
vn 0.146698 0.955991 0.254089
vn -0.146698 0.955991 0.254089
vn -0.146698 -0.955991 -0.254089
vn 0.411089 -0.569231 -0.712027
vn -0.411089 -0.569231 -0.712027
vn 0.146698 -0.955991 -0.254089
vn 0.411089 0.569231 -0.712027
vn 0.146698 0.955991 -0.254089
vn -0.146698 -0.955991 0.254089
vn -0.411089 -0.569231 0.712027
vn 0.497453 0.100801 -0.861614
vn 0.994907 0.100801 -0.000000
vn 0.822178 0.569231 -0.000000
vn -0.994907 -0.100801 0.000000
vn -0.497453 -0.100801 0.861614
vn -0.822178 -0.569231 0.000000
vn 0.497453 0.100801 0.861614
vn -0.497453 -0.100801 -0.861614
vn 0.293397 0.955991 -0.000000
vn -0.293397 -0.955991 0.000000
vn -0.994907 0.100801 0.000000
vn -0.497453 0.100801 0.861614
vn 0.497453 -0.100801 -0.861614
vn 0.994907 -0.100801 -0.000000
vn -0.497453 0.100801 -0.861614
vn 0.497453 -0.100801 0.861614
vn -0.324276 0.927250 0.187221
vn 0.000000 0.927250 0.374442
vn -0.766404 0.465654 0.442483
vn 0.000000 0.465654 0.884967
vn 0.766404 -0.465654 -0.442483
vn -0.000000 -0.927250 -0.374442
vn 0.324276 -0.927250 -0.187221
vn -0.000000 -0.465654 -0.884967
vn 0.766404 0.465654 -0.442483
vn 0.766404 0.465654 0.442483
vn 0.324276 0.927250 -0.187221
vn 0.324277 0.927250 0.187221
vn -0.324276 -0.927250 0.187221
vn -0.766404 -0.465654 -0.442483
vn -0.766404 -0.465654 0.442483
vn -0.324277 -0.927250 -0.187221
vn -0.766404 0.465654 -0.442483
vn -0.324277 0.927250 -0.187221
vn 0.324277 -0.927250 0.187221
vn 0.766404 -0.465654 0.442483
vn -0.863469 0.076773 -0.498524
vn -0.000000 0.076773 -0.997049
vn -0.000000 0.465654 -0.884967
vn 0.000000 -0.076773 0.997049
vn 0.863469 -0.076773 0.498524
vn 0.000000 -0.465654 0.884967
vn 0.863469 0.076773 -0.498524
vn -0.863469 -0.076773 0.498524
vn -0.000000 0.927250 -0.374442
vn 0.000000 -0.927250 0.374442
vn 0.000000 0.076773 0.997049
vn 0.863469 0.076773 0.498524
vn -0.863469 -0.076773 -0.498524
vn -0.000000 -0.076773 -0.997049
vn -0.863469 0.076773 0.498524
vn 0.863469 -0.076773 -0.498524
vn -0.254089 0.955991 0.146698
vn 0.000000 0.955991 0.293397
vn -0.712027 0.569231 0.411089
vn 0.000000 0.569231 0.822178
vn 0.712027 -0.569231 -0.411089
vn -0.000000 -0.955991 -0.293397
vn 0.254089 -0.955991 -0.146698
vn -0.000000 -0.569231 -0.822178
vn 0.712027 0.569231 -0.411089
vn 0.712027 0.569231 0.411089
vn 0.254089 0.955991 -0.146698
vn 0.254089 0.955991 0.146698
vn -0.254089 -0.955991 0.146698
vn -0.712027 -0.569231 -0.411089
vn -0.712027 -0.569231 0.411089
vn -0.254089 -0.955991 -0.146698
vn -0.712027 0.569231 -0.411089
vn -0.254089 0.955991 -0.146698
vn 0.254089 -0.955991 0.146698
vn 0.712027 -0.569231 0.411089
vn -0.861614 0.100801 -0.497453
vn -0.000000 0.100801 -0.994907
vn -0.000000 0.569231 -0.822178
vn 0.000000 -0.100801 0.994907
vn 0.861614 -0.100801 0.497453
vn 0.000000 -0.569231 0.822178
vn 0.861614 0.100801 -0.497453
vn -0.861614 -0.100801 0.497453
vn -0.000000 0.955991 -0.293397
vn 0.000000 -0.955991 0.293397
vn 0.000000 0.100801 0.994907
vn 0.861614 0.100801 0.497453
vn -0.861614 -0.100801 -0.497453
vn -0.000000 -0.100801 -0.994907
vn -0.861614 0.100801 0.497453
vn 0.861614 -0.100801 -0.497453
vn 0.374442 0.927250 -0.000000
vn 0.884967 0.465654 -0.000000
vn -0.374442 -0.927250 0.000000
vn -0.884967 -0.465654 0.000000
vn -0.997049 0.076773 0.000000
vn -0.884967 0.465654 0.000000
vn 0.997049 -0.076773 -0.000000
vn 0.884967 -0.465654 -0.000000
vn -0.374442 0.927250 0.000000
vn 0.374442 -0.927250 -0.000000
vn 0.997049 0.076773 -0.000000
vn -0.997049 -0.076773 0.000000
vn 0.293397 0.955991 -0.000000
vn 0.822178 0.569231 -0.000000
vn -0.293397 -0.955991 0.000000
vn -0.822178 -0.569231 0.000000
vn -0.994907 0.100801 0.000000
vn -0.822178 0.569231 0.000000
vn 0.994907 -0.100801 -0.000000
vn 0.822178 -0.569231 -0.000000
vn -0.293397 0.955991 0.000000
vn 0.293397 -0.955991 -0.000000
vn 0.994907 0.100801 -0.000000
vn -0.994907 -0.100801 0.000000
vn 0.324277 0.927250 -0.187221
vn 0.000000 0.927250 -0.374442
vn 0.766404 0.465654 -0.442483
vn 0.000000 0.465654 -0.884967
vn -0.766404 -0.465654 0.442483
vn -0.000000 -0.927250 0.374442
vn -0.324277 -0.927250 0.187221
vn -0.000000 -0.465654 0.884967
vn -0.766404 0.465654 0.442483
vn -0.766404 0.465654 -0.442483
vn -0.324277 0.927250 0.187221
vn -0.324276 0.927250 -0.187221
vn 0.324277 -0.927250 -0.187221
vn 0.766404 -0.465654 0.442483
vn 0.766404 -0.465654 -0.442483
vn 0.324276 -0.927250 0.187221
vn 0.766404 0.465654 0.442483
vn 0.324276 0.927250 0.187221
vn -0.324276 -0.927250 -0.187221
vn -0.766404 -0.465654 -0.442483
vn 0.863469 0.076773 0.498524
vn -0.000000 0.076773 0.997049
vn -0.000000 0.465654 0.884967
vn 0.000000 -0.076773 -0.997049
vn -0.863469 -0.076773 -0.498524
vn 0.000000 -0.465654 -0.884967
vn -0.863469 0.076773 0.498524
vn 0.863469 -0.076773 -0.498524
vn -0.000000 0.927250 0.374442
vn 0.000000 -0.927250 -0.374442
vn 0.000000 0.076773 -0.997049
vn -0.863469 0.076773 -0.498524
vn 0.863469 -0.076773 0.498524
vn -0.000000 -0.076773 0.997049
vn 0.863469 0.076773 -0.498524
vn -0.863469 -0.076773 0.498524
vn 0.254089 0.955991 -0.146698
vn 0.000000 0.955991 -0.293397
vn 0.712027 0.569231 -0.411089
vn 0.000000 0.569231 -0.822178
vn -0.712027 -0.569231 0.411089
vn -0.000000 -0.955991 0.293397
vn -0.254089 -0.955991 0.146698
vn -0.000000 -0.569231 0.822178
vn -0.712027 0.569231 0.411089
vn -0.712027 0.569231 -0.411089
vn -0.254089 0.955991 0.146698
vn -0.254089 0.955991 -0.146698
vn 0.254089 -0.955991 -0.146698
vn 0.712027 -0.569231 0.411089
vn 0.712027 -0.569231 -0.411089
vn 0.254089 -0.955991 0.146698
vn 0.712027 0.569231 0.411089
vn 0.254089 0.955991 0.146698
vn -0.254089 -0.955991 -0.146698
vn -0.712027 -0.569231 -0.411089
vn 0.861614 0.100801 0.497453
vn -0.000000 0.100801 0.994907
vn -0.000000 0.569231 0.822178
vn 0.000000 -0.100801 -0.994907
vn -0.861614 -0.100801 -0.497453
vn 0.000000 -0.569231 -0.822178
vn -0.861614 0.100801 0.497453
vn 0.861614 -0.100801 -0.497453
vn -0.000000 0.955991 0.293397
vn 0.000000 -0.955991 -0.293397
vn 0.000000 0.100801 -0.994907
vn -0.861614 0.100801 -0.497453
vn 0.861614 -0.100801 0.497453
vn -0.000000 -0.100801 0.994907
vn 0.861614 0.100801 -0.497453
vn -0.861614 -0.100801 0.497453
vn 0.919270 0.064268 -0.388347
vn 0.919269 0.064268 0.388347
vn 0.842740 0.403785 -0.356016
vn 0.842739 0.403785 0.356017
vn -0.842740 -0.403785 0.356016
vn -0.919269 -0.064268 -0.388347
vn -0.919270 -0.064268 0.388347
vn -0.842739 -0.403785 -0.356017
vn 0.000000 0.082464 -0.996594
vn 0.000000 0.493289 -0.869865
vn -0.919269 0.064268 -0.388347
vn -0.842739 0.403785 -0.356017
vn 0.919269 -0.064268 0.388347
vn -0.000000 -0.493289 0.869865
vn -0.000000 -0.082464 0.996594
vn 0.842739 -0.403785 0.356017
vn -0.919270 0.064268 0.388347
vn -0.842740 0.403785 0.356016
vn 0.842740 -0.403785 -0.356016
vn 0.919270 -0.064268 -0.388347
vn -0.000000 0.082464 0.996594
vn -0.000000 0.493289 0.869865
vn 0.000000 -0.082464 -0.996594
vn 0.000000 -0.493289 -0.869865
vn -0.000000 0.936276 0.351266
vn -0.399997 0.900805 0.168979
vn 0.399997 0.900805 0.168979
vn 0.399997 0.900805 -0.168979
vn -0.399997 0.900805 -0.168979
vn 0.000000 0.936276 -0.351266
vn -0.399997 -0.900805 -0.168979
vn 0.399997 -0.900805 -0.168979
vn 0.000000 -0.936276 -0.351266
vn -0.399997 -0.900805 0.168979
vn 0.399997 -0.900805 0.168979
vn -0.000000 -0.936276 0.351266
vn -0.919269 0.064268 0.388347
vn -0.919270 0.064268 -0.388347
vn -0.842739 0.403785 0.356017
vn -0.842740 0.403785 -0.356016
vn 0.842739 -0.403785 -0.356017
vn 0.919270 -0.064268 0.388347
vn 0.919269 -0.064268 -0.388347
vn 0.842740 -0.403785 0.356016
vn 0.000000 0.082464 0.996594
vn 0.000000 0.493289 0.869865
vn 0.919270 0.064268 0.388347
vn 0.842740 0.403785 0.356016
vn -0.919270 -0.064268 -0.388347
vn -0.000000 -0.493289 -0.869865
vn -0.000000 -0.082464 -0.996594
vn -0.842740 -0.403785 -0.356016
vn 0.919269 0.064268 -0.388347
vn 0.842739 0.403785 -0.356017
vn -0.842739 -0.403785 0.356017
vn -0.919269 -0.064268 0.388347
vn -0.000000 0.082464 -0.996594
vn -0.000000 0.493289 -0.869865
vn 0.000000 -0.082464 0.996594
vn 0.000000 -0.493289 0.869865
vn -0.000000 0.936276 -0.351266
vn 0.399997 0.900805 -0.168979
vn -0.399997 0.900805 -0.168979
vn -0.399997 0.900805 0.168979
vn 0.399997 0.900805 0.168979
vn 0.000000 0.936276 0.351266
vn 0.399997 -0.900805 0.168979
vn -0.399997 -0.900805 0.168979
vn 0.000000 -0.936276 0.351266
vn 0.399997 -0.900805 -0.168979
vn -0.399997 -0.900805 -0.168979
vn -0.000000 -0.936276 -0.351266
usemtl colormap
f 3/3/1 2/2/1 1/1/1
f 2/2/1 3/3/1 4/4/1
f 1/1/2 2/2/2 3/3/2
f 4/4/2 3/3/2 2/2/2
f 2/3/1 6/2/1 5/1/1
f 6/2/1 2/3/1 7/4/1
f 5/1/2 6/2/2 2/3/2
f 7/4/2 2/3/2 6/2/2
f 10/3/1 9/2/1 8/1/1
f 9/2/1 10/3/1 5/4/1
f 8/1/2 9/2/2 10/3/2
f 5/4/2 10/3/2 9/2/2
f 13/3/1 12/2/1 11/1/1
f 12/2/1 13/3/1 14/4/1
f 11/1/2 12/2/2 13/3/2
f 14/4/2 13/3/2 12/2/2
f 17/3/1 16/2/1 15/1/1
f 16/2/1 17/3/1 18/4/1
f 15/1/2 16/2/2 17/3/2
f 18/4/2 17/3/2 16/2/2
f 9/3/1 19/2/1 18/1/1
f 19/2/1 9/3/1 20/4/1
f 18/1/2 19/2/2 9/3/2
f 20/4/2 9/3/2 19/2/2
f 23/3/1 22/2/1 21/1/1
f 22/2/1 23/3/1 24/4/1
f 21/1/2 22/2/2 23/3/2
f 24/4/2 23/3/2 22/2/2
f 26/3/1 13/2/1 25/1/1
f 13/2/1 26/3/1 27/4/1
f 25/1/2 13/2/2 26/3/2
f 27/4/2 26/3/2 13/2/2
f 21/3/1 29/2/1 28/1/1
f 29/2/1 21/3/1 22/4/1
f 28/1/2 29/2/2 21/3/2
f 22/4/2 21/3/2 29/2/2
f 30/3/1 17/2/1 14/1/1
f 17/2/1 30/3/1 8/4/1
f 14/1/2 17/2/2 30/3/2
f 8/4/2 30/3/2 17/2/2
f 29/3/1 8/2/1 30/1/1
f 8/2/1 29/3/1 10/4/1
f 30/1/2 8/2/2 29/3/2
f 10/4/2 29/3/2 8/2/2
f 27/3/1 14/2/1 13/1/1
f 14/2/1 27/3/1 30/4/1
f 13/1/2 14/2/2 27/3/2
f 30/4/2 27/3/2 14/2/2
f 28/3/1 30/2/1 27/1/1
f 30/2/1 28/3/1 29/4/1
f 27/1/2 30/2/2 28/3/2
f 29/4/2 28/3/2 30/2/2
f 8/3/1 18/2/1 17/1/1
f 18/2/1 8/3/1 9/4/1
f 17/1/2 18/2/2 8/3/2
f 9/4/2 8/3/2 18/2/2
f 31/3/1 27/2/1 26/1/1
f 27/2/1 31/3/1 28/4/1
f 26/1/2 27/2/2 31/3/2
f 28/4/2 31/3/2 27/2/2
f 22/3/1 10/2/1 29/1/1
f 10/2/1 22/3/1 1/4/1
f 29/1/2 10/2/2 22/3/2
f 1/4/2 22/3/2 10/2/2
f 34/3/1 33/2/1 32/1/1
f 33/2/1 34/3/1 35/4/1
f 32/1/2 33/2/2 34/3/2
f 35/4/2 34/3/2 33/2/2
f 14/3/1 15/2/1 12/1/1
f 15/2/1 14/3/1 17/4/1
f 12/1/2 15/2/2 14/3/2
f 17/4/2 14/3/2 15/2/2
f 36/3/1 28/2/1 31/1/1
f 28/2/1 36/3/1 21/4/1
f 31/1/2 28/2/2 36/3/2
f 21/4/2 36/3/2 28/2/2
f 1/3/1 5/2/1 10/1/1
f 5/2/1 1/3/1 2/4/1
f 10/1/2 5/2/2 1/3/2
f 2/4/2 1/3/2 5/2/2
f 18/3/1 37/5/1 16/1/1
f 37/5/1 18/3/1 19/4/1
f 16/1/2 37/5/2 18/3/2
f 19/4/2 18/3/2 37/5/2
f 40/3/1 39/5/1 38/1/1
f 39/5/1 40/3/1 11/4/1
f 38/1/2 39/5/2 40/3/2
f 11/4/2 40/3/2 39/5/2
f 21/3/1 41/5/1 23/1/1
f 41/5/1 21/3/1 36/4/1
f 23/1/2 41/5/2 21/3/2
f 36/4/2 21/3/2 41/5/2
f 43/3/1 42/5/1 7/1/1
f 42/5/1 43/3/1 44/4/1
f 7/1/2 42/5/2 43/3/2
f 44/4/2 43/3/2 42/5/2
f 46/3/1 45/2/1 20/1/1
f 45/2/1 46/3/1 47/4/1
f 20/1/2 45/2/2 46/3/2
f 47/4/2 46/3/2 45/2/2
f 50/7/5 49/6/4 48/6/3
f 49/6/4 50/7/5 51/7/6
f 48/6/9 49/6/8 50/7/7
f 51/7/10 50/7/7 49/6/8
f 52/6/11 50/7/5 48/6/3
f 50/7/5 52/6/11 53/7/12
f 48/6/9 50/7/7 52/6/13
f 53/7/14 52/6/13 50/7/7
f 55/7/16 52/6/11 54/6/15
f 52/6/11 55/7/16 53/7/12
f 54/6/18 52/6/13 55/7/17
f 53/7/14 55/7/17 52/6/13
f 51/7/6 54/6/15 49/6/4
f 54/6/15 51/7/6 55/7/16
f 49/6/8 54/6/18 51/7/10
f 55/7/17 51/7/10 54/6/18
f 51/7/6 53/7/12 55/7/16
f 53/7/12 51/7/6 50/7/5
f 55/7/17 53/7/14 51/7/10
f 50/7/7 51/7/10 53/7/14
f 58/6/11 57/8/5 56/6/3
f 57/8/5 58/6/11 59/8/12
f 56/6/9 57/8/7 58/6/13
f 59/8/14 58/6/13 57/8/7
f 62/8/21 61/6/20 60/6/19
f 61/6/20 62/8/21 63/8/22
f 60/6/25 61/6/24 62/8/23
f 63/8/26 62/8/23 61/6/24
f 65/8/28 60/6/19 64/6/27
f 60/6/19 65/8/28 62/8/21
f 64/6/30 60/6/25 65/8/29
f 62/8/23 65/8/29 60/6/25
f 68/8/6 67/6/15 66/6/4
f 67/6/15 68/8/6 69/8/16
f 66/6/8 67/6/18 68/8/10
f 69/8/17 68/8/10 67/6/18
f 70/6/31 65/8/28 64/6/27
f 65/8/28 70/6/31 71/8/32
f 64/6/30 65/8/29 70/6/33
f 71/8/34 70/6/33 65/8/29
f 63/8/22 70/6/31 61/6/20
f 70/6/31 63/8/22 71/8/32
f 61/6/24 70/6/33 63/8/26
f 71/8/34 63/8/26 70/6/33
f 69/8/16 58/6/11 67/6/15
f 58/6/11 69/8/16 59/8/12
f 67/6/18 58/6/13 69/8/17
f 59/8/14 69/8/17 58/6/13
f 57/8/5 66/6/4 56/6/3
f 66/6/4 57/8/5 68/8/6
f 56/6/9 66/6/8 57/8/7
f 68/8/10 57/8/7 66/6/8
f 68/8/6 59/8/12 69/8/16
f 59/8/12 68/8/6 57/8/5
f 69/8/17 59/8/14 68/8/10
f 57/8/7 68/8/10 59/8/14
f 65/8/28 63/8/22 62/8/21
f 63/8/22 65/8/28 71/8/32
f 62/8/23 63/8/26 65/8/29
f 71/8/34 65/8/29 63/8/26
f 74/8/37 73/6/36 72/6/35
f 73/6/36 74/8/37 75/8/38
f 72/6/41 73/6/40 74/8/39
f 75/8/42 74/8/39 73/6/40
f 78/7/45 77/6/44 76/7/43
f 77/6/44 78/7/45 79/6/46
f 76/7/49 77/6/48 78/7/47
f 79/6/50 78/7/47 77/6/48
f 75/8/38 80/6/51 73/6/36
f 80/6/51 75/8/38 81/8/52
f 73/6/40 80/6/53 75/8/42
f 81/8/54 75/8/42 80/6/53
f 80/6/51 83/8/56 82/6/55
f 83/8/56 80/6/51 81/8/52
f 82/6/58 83/8/57 80/6/53
f 81/8/54 80/6/53 83/8/57
f 85/7/60 76/7/43 84/7/59
f 76/7/43 85/7/60 78/7/45
f 84/7/62 76/7/49 85/7/61
f 78/7/47 85/7/61 76/7/49
f 83/8/56 72/6/35 82/6/55
f 72/6/35 83/8/56 74/8/37
f 82/6/58 72/6/41 83/8/57
f 74/8/39 83/8/57 72/6/41
f 83/8/56 75/8/38 74/8/37
f 75/8/38 83/8/56 81/8/52
f 74/8/39 75/8/42 83/8/57
f 81/8/54 83/8/57 75/8/42
f 79/6/46 85/7/60 86/6/63
f 85/7/60 79/6/46 78/7/45
f 86/6/64 85/7/61 79/6/50
f 78/7/47 79/6/50 85/7/61
f 84/7/59 77/6/44 87/6/65
f 77/6/44 84/7/59 76/7/43
f 87/6/66 77/6/48 84/7/62
f 76/7/49 84/7/62 77/6/48
f 86/6/63 84/7/59 87/6/65
f 84/7/59 86/6/63 85/7/60
f 87/6/66 84/7/62 86/6/64
f 85/7/61 86/6/64 84/7/62
f 90/7/69 89/6/68 88/6/67
f 89/6/68 90/7/69 91/7/70
f 88/6/73 89/6/72 90/7/71
f 91/7/74 90/7/71 89/6/72
f 94/6/77 93/9/76 92/6/75
f 93/9/76 94/6/77 95/9/78
f 92/6/81 93/9/80 94/6/79
f 95/9/82 94/6/79 93/9/80
f 98/7/85 97/6/84 96/6/83
f 97/6/84 98/7/85 99/7/86
f 96/6/89 97/6/88 98/7/87
f 99/7/90 98/7/87 97/6/88
f 101/7/92 88/6/67 100/6/91
f 88/6/67 101/7/92 90/7/69
f 100/6/94 88/6/73 101/7/93
f 90/7/71 101/7/93 88/6/73
f 104/9/97 103/6/96 102/6/95
f 103/6/96 104/9/97 105/9/98
f 102/6/101 103/6/100 104/9/99
f 105/9/102 104/9/99 103/6/100
f 108/7/105 107/7/104 106/7/103
f 107/7/104 108/7/105 109/7/106
f 106/7/109 107/7/108 108/7/107
f 109/7/110 108/7/107 107/7/108
f 110/6/111 101/7/92 100/6/91
f 101/7/92 110/6/111 111/7/112
f 100/6/94 101/7/93 110/6/113
f 111/7/114 110/6/113 101/7/93
f 113/7/116 98/7/85 112/7/115
f 98/7/85 113/7/116 99/7/86
f 112/7/118 98/7/87 113/7/117
f 99/7/90 113/7/117 98/7/87
f 114/6/119 99/7/86 113/7/116
f 99/7/86 114/6/119 97/6/84
f 113/7/117 99/7/90 114/6/120
f 97/6/88 114/6/120 99/7/90
f 114/6/119 112/7/115 115/6/121
f 112/7/115 114/6/119 113/7/116
f 115/6/122 112/7/118 114/6/120
f 113/7/117 114/6/120 112/7/118
f 117/6/124 108/7/105 116/6/123
f 108/7/105 117/6/124 109/7/106
f 116/6/126 108/7/107 117/6/125
f 109/7/110 117/6/125 108/7/107
f 112/7/115 96/6/83 115/6/121
f 96/6/83 112/7/115 98/7/85
f 115/6/122 96/6/89 112/7/118
f 98/7/87 112/7/118 96/6/89
f 101/7/92 91/7/70 90/7/69
f 91/7/70 101/7/92 111/7/112
f 90/7/71 91/7/74 101/7/93
f 111/7/114 101/7/93 91/7/74
f 109/7/106 118/6/127 107/7/104
f 118/6/127 109/7/106 117/6/124
f 107/7/108 118/6/128 109/7/110
f 117/6/125 109/7/110 118/6/128
f 95/9/78 103/6/96 105/9/98
f 103/6/96 95/9/78 94/6/77
f 105/9/102 103/6/100 95/9/82
f 94/6/79 95/9/82 103/6/100
f 106/7/103 118/6/127 119/6/129
f 118/6/127 106/7/103 107/7/104
f 119/6/130 118/6/128 106/7/109
f 107/7/108 106/7/109 118/6/128
f 92/6/75 104/9/97 102/6/95
f 104/9/97 92/6/75 93/9/76
f 102/6/101 104/9/99 92/6/81
f 93/9/80 92/6/81 104/9/99
f 93/9/76 105/9/98 104/9/97
f 105/9/98 93/9/76 95/9/78
f 104/9/99 105/9/102 93/9/80
f 95/9/82 93/9/80 105/9/102
f 116/6/123 106/7/103 119/6/129
f 106/7/103 116/6/123 108/7/105
f 119/6/130 106/7/109 116/6/126
f 108/7/107 116/6/126 106/7/109
f 91/7/70 110/6/111 89/6/68
f 110/6/111 91/7/70 111/7/112
f 89/6/72 110/6/113 91/7/74
f 111/7/114 91/7/74 110/6/113
f 122/9/97 121/6/96 120/6/95
f 121/6/96 122/9/97 123/9/98
f 120/6/101 121/6/100 122/9/99
f 123/9/102 122/9/99 121/6/100
f 124/9/76 123/9/98 122/9/97
f 123/9/98 124/9/76 125/9/78
f 122/9/99 123/9/102 124/9/80
f 125/9/82 124/9/80 123/9/102
f 127/6/77 124/9/76 126/6/75
f 124/9/76 127/6/77 125/9/78
f 126/6/81 124/9/80 127/6/79
f 125/9/82 127/6/79 124/9/80
f 126/6/75 122/9/97 120/6/95
f 122/9/97 126/6/75 124/9/76
f 120/6/101 122/9/99 126/6/81
f 124/9/80 126/6/81 122/9/99
f 125/9/78 121/6/96 123/9/98
f 121/6/96 125/9/78 127/6/77
f 123/9/102 121/6/100 125/9/82
f 127/6/79 125/9/82 121/6/100
f 130/9/59 129/6/44 128/6/65
f 129/6/44 130/9/59 131/9/43
f 128/6/66 129/6/48 130/9/62
f 131/9/49 130/9/62 129/6/48
f 132/9/45 129/6/44 131/9/43
f 129/6/44 132/9/45 133/6/46
f 131/9/49 129/6/48 132/9/47
f 133/6/50 132/9/47 129/6/48
f 133/6/46 135/9/60 134/6/63
f 135/9/60 133/6/46 132/9/45
f 134/6/64 135/9/61 133/6/50
f 132/9/47 133/6/50 135/9/61
f 134/6/63 130/9/59 128/6/65
f 130/9/59 134/6/63 135/9/60
f 128/6/66 130/9/62 134/6/64
f 135/9/61 134/6/64 130/9/62
f 135/9/60 131/9/43 130/9/59
f 131/9/43 135/9/60 132/9/45
f 130/9/62 131/9/49 135/9/61
f 132/9/47 135/9/61 131/9/49
f 138/9/60 137/9/43 136/9/59
f 137/9/43 138/9/60 139/9/45
f 136/9/62 137/9/49 138/9/61
f 139/9/47 138/9/61 137/9/49
f 141/6/46 138/9/60 140/6/63
f 138/9/60 141/6/46 139/9/45
f 140/6/64 138/9/61 141/6/50
f 139/9/47 141/6/50 138/9/61
f 140/6/63 136/9/59 142/6/65
f 136/9/59 140/6/63 138/9/60
f 142/6/66 136/9/62 140/6/64
f 138/9/61 140/6/64 136/9/62
f 136/9/59 143/6/44 142/6/65
f 143/6/44 136/9/59 137/9/43
f 142/6/66 143/6/48 136/9/62
f 137/9/49 136/9/62 143/6/48
f 139/9/45 143/6/44 137/9/43
f 143/6/44 139/9/45 141/6/46
f 137/9/49 143/6/48 139/9/47
f 141/6/50 139/9/47 143/6/48
f 146/7/133 145/6/132 144/6/131
f 145/6/132 146/7/133 147/7/134
f 144/6/137 145/6/136 146/7/135
f 147/7/138 146/7/135 145/6/136
f 150/7/141 149/7/140 148/7/139
f 149/7/140 150/7/141 151/7/142
f 148/7/145 149/7/144 150/7/143
f 151/7/146 150/7/143 149/7/144
f 148/7/139 153/6/148 152/6/147
f 153/6/148 148/7/139 149/7/140
f 152/6/150 153/6/149 148/7/145
f 149/7/144 148/7/145 153/6/149
f 154/6/151 148/7/139 152/6/147
f 148/7/139 154/6/151 150/7/141
f 152/6/150 148/7/145 154/6/152
f 150/7/143 154/6/152 148/7/145
f 157/8/45 156/6/44 155/8/43
f 156/6/44 157/8/45 158/6/46
f 155/8/49 156/6/48 157/8/47
f 158/6/50 157/8/47 156/6/48
f 160/8/59 156/6/44 159/6/65
f 156/6/44 160/8/59 155/8/43
f 159/6/66 156/6/48 160/8/62
f 155/8/49 160/8/62 156/6/48
f 162/7/154 144/6/131 161/6/153
f 144/6/131 162/7/154 146/7/133
f 161/6/156 144/6/137 162/7/155
f 146/7/135 162/7/155 144/6/137
f 164/6/158 147/7/134 163/7/157
f 147/7/134 164/6/158 145/6/132
f 163/7/160 147/7/138 164/6/159
f 145/6/136 164/6/159 147/7/138
f 154/6/151 151/7/142 150/7/141
f 151/7/142 154/6/151 165/6/161
f 150/7/143 151/7/146 154/6/152
f 165/6/162 154/6/152 151/7/146
f 166/8/60 155/8/43 160/8/59
f 155/8/43 166/8/60 157/8/45
f 160/8/62 155/8/49 166/8/61
f 157/8/47 166/8/61 155/8/49
f 167/6/63 160/8/59 159/6/65
f 160/8/59 167/6/63 166/8/60
f 159/6/66 160/8/62 167/6/64
f 166/8/61 167/6/64 160/8/62
f 149/7/140 165/6/161 153/6/148
f 165/6/161 149/7/140 151/7/142
f 153/6/149 165/6/162 149/7/144
f 151/7/146 149/7/144 165/6/162
f 158/6/46 166/8/60 167/6/63
f 166/8/60 158/6/46 157/8/45
f 167/6/64 166/8/61 158/6/50
f 157/8/47 158/6/50 166/8/61
f 163/7/157 146/7/133 162/7/154
f 146/7/133 163/7/157 147/7/134
f 162/7/155 146/7/135 163/7/160
f 147/7/138 163/7/160 146/7/135
f 164/6/158 162/7/154 161/6/153
f 162/7/154 164/6/158 163/7/157
f 161/6/156 162/7/155 164/6/159
f 163/7/160 164/6/159 162/7/155
f 170/11/165 169/10/164 168/10/163
f 169/10/164 170/11/165 171/11/166
f 168/10/169 169/10/168 170/11/167
f 171/11/170 170/11/167 169/10/168
f 174/10/173 173/11/172 172/11/171
f 173/11/172 174/10/173 175/10/174
f 172/11/177 173/11/176 174/10/175
f 175/10/178 174/10/175 173/11/176
f 170/11/165 177/10/180 176/11/179
f 177/10/180 170/11/165 168/10/163
f 176/11/182 177/10/181 170/11/167
f 168/10/169 170/11/167 177/10/181
f 176/11/179 179/6/184 178/6/183
f 179/6/184 176/11/179 180/11/185
f 178/6/187 179/6/186 176/11/182
f 180/11/188 176/11/182 179/6/186
f 180/11/185 181/6/189 179/6/184
f 181/6/189 180/11/185 172/11/171
f 179/6/186 181/6/190 180/11/188
f 172/11/177 180/11/188 181/6/190
f 176/11/179 182/10/191 180/11/185
f 182/10/191 176/11/179 177/10/180
f 180/11/188 182/10/192 176/11/182
f 177/10/181 176/11/182 182/10/192
f 184/6/194 171/11/166 183/6/193
f 171/11/166 184/6/194 173/11/172
f 183/6/196 171/11/170 184/6/195
f 173/11/176 184/6/195 171/11/170
f 172/11/171 184/6/194 181/6/189
f 184/6/194 172/11/171 173/11/172
f 181/6/190 184/6/195 172/11/177
f 173/11/176 172/11/177 184/6/195
f 169/10/164 173/11/172 175/10/174
f 173/11/172 169/10/164 171/11/166
f 175/10/178 173/11/176 169/10/168
f 171/11/170 169/10/168 173/11/176
f 182/10/191 172/11/171 180/11/185
f 172/11/171 182/10/191 174/10/173
f 180/11/188 172/11/177 182/10/192
f 174/10/175 182/10/192 172/11/177
f 181/6/2 178/6/2 179/6/2
f 178/6/2 181/6/2 185/6/2
f 185/6/2 181/6/2 184/6/2
f 185/6/2 184/6/2 183/6/2
f 179/6/1 178/6/1 181/6/1
f 185/6/1 181/6/1 178/6/1
f 184/6/1 181/6/1 185/6/1
f 183/6/1 184/6/1 185/6/1
f 170/11/165 178/6/183 185/6/197
f 178/6/183 170/11/165 176/11/179
f 185/6/198 178/6/187 170/11/167
f 176/11/182 170/11/167 178/6/187
f 183/6/193 170/11/165 185/6/197
f 170/11/165 183/6/193 171/11/166
f 185/6/198 170/11/167 183/6/196
f 171/11/170 183/6/196 170/11/167
f 177/10/180 174/10/173 182/10/191
f 174/10/173 177/10/180 168/10/163
f 174/10/173 168/10/163 175/10/174
f 175/10/174 168/10/163 169/10/164
f 182/10/192 174/10/175 177/10/181
f 168/10/169 177/10/181 174/10/175
f 175/10/178 168/10/169 174/10/175
f 169/10/168 168/10/169 175/10/178
f 188/11/201 187/10/200 186/10/199
f 187/10/200 188/11/201 189/11/202
f 186/10/205 187/10/204 188/11/203
f 189/11/206 188/11/203 187/10/204
f 192/10/209 191/11/208 190/11/207
f 191/11/208 192/10/209 193/10/210
f 190/11/213 191/11/212 192/10/211
f 193/10/214 192/10/211 191/11/212
f 188/11/201 195/10/216 194/11/215
f 195/10/216 188/11/201 186/10/199
f 194/11/218 195/10/217 188/11/203
f 186/10/205 188/11/203 195/10/217
f 194/11/215 197/6/220 196/6/219
f 197/6/220 194/11/215 198/11/221
f 196/6/223 197/6/222 194/11/218
f 198/11/224 194/11/218 197/6/222
f 198/11/221 199/6/225 197/6/220
f 199/6/225 198/11/221 190/11/207
f 197/6/222 199/6/226 198/11/224
f 190/11/213 198/11/224 199/6/226
f 194/11/215 200/10/227 198/11/221
f 200/10/227 194/11/215 195/10/216
f 198/11/224 200/10/228 194/11/218
f 195/10/217 194/11/218 200/10/228
f 202/6/230 189/11/202 201/6/229
f 189/11/202 202/6/230 191/11/208
f 201/6/232 189/11/206 202/6/231
f 191/11/212 202/6/231 189/11/206
f 190/11/207 202/6/230 199/6/225
f 202/6/230 190/11/207 191/11/208
f 199/6/226 202/6/231 190/11/213
f 191/11/212 190/11/213 202/6/231
f 187/10/200 191/11/208 193/10/210
f 191/11/208 187/10/200 189/11/202
f 193/10/214 191/11/212 187/10/204
f 189/11/206 187/10/204 191/11/212
f 200/10/227 190/11/207 198/11/221
f 190/11/207 200/10/227 192/10/209
f 198/11/224 190/11/213 200/10/228
f 192/10/211 200/10/228 190/11/213
f 199/6/2 196/6/2 197/6/2
f 196/6/2 199/6/2 203/6/2
f 203/6/2 199/6/2 202/6/2
f 203/6/2 202/6/2 201/6/2
f 197/6/1 196/6/1 199/6/1
f 203/6/1 199/6/1 196/6/1
f 202/6/1 199/6/1 203/6/1
f 201/6/1 202/6/1 203/6/1
f 188/11/201 196/6/219 203/6/233
f 196/6/219 188/11/201 194/11/215
f 203/6/234 196/6/223 188/11/203
f 194/11/218 188/11/203 196/6/223
f 201/6/229 188/11/201 203/6/233
f 188/11/201 201/6/229 189/11/202
f 203/6/234 188/11/203 201/6/232
f 189/11/206 201/6/232 188/11/203
f 195/10/216 192/10/209 200/10/227
f 192/10/209 195/10/216 186/10/199
f 192/10/209 186/10/199 193/10/210
f 193/10/210 186/10/199 187/10/200
f 200/10/228 192/10/211 195/10/217
f 186/10/205 195/10/217 192/10/211
f 193/10/214 186/10/205 192/10/211
f 187/10/204 186/10/205 193/10/214
f 206/11/237 205/10/236 204/10/235
f 205/10/236 206/11/237 207/11/238
f 204/10/241 205/10/240 206/11/239
f 207/11/242 206/11/239 205/10/240
f 210/10/245 209/11/244 208/11/243
f 209/11/244 210/10/245 211/10/246
f 208/11/249 209/11/248 210/10/247
f 211/10/250 210/10/247 209/11/248
f 206/11/237 213/10/252 212/11/251
f 213/10/252 206/11/237 204/10/235
f 212/11/254 213/10/253 206/11/239
f 204/10/241 206/11/239 213/10/253
f 212/11/251 215/6/256 214/6/255
f 215/6/256 212/11/251 216/11/257
f 214/6/259 215/6/258 212/11/254
f 216/11/260 212/11/254 215/6/258
f 216/11/257 217/6/261 215/6/256
f 217/6/261 216/11/257 208/11/243
f 215/6/258 217/6/262 216/11/260
f 208/11/249 216/11/260 217/6/262
f 212/11/251 218/10/263 216/11/257
f 218/10/263 212/11/251 213/10/252
f 216/11/260 218/10/264 212/11/254
f 213/10/253 212/11/254 218/10/264
f 220/6/266 207/11/238 219/6/265
f 207/11/238 220/6/266 209/11/244
f 219/6/268 207/11/242 220/6/267
f 209/11/248 220/6/267 207/11/242
f 208/11/243 220/6/266 217/6/261
f 220/6/266 208/11/243 209/11/244
f 217/6/262 220/6/267 208/11/249
f 209/11/248 208/11/249 220/6/267
f 205/10/236 209/11/244 211/10/246
f 209/11/244 205/10/236 207/11/238
f 211/10/250 209/11/248 205/10/240
f 207/11/242 205/10/240 209/11/248
f 218/10/263 208/11/243 216/11/257
f 208/11/243 218/10/263 210/10/245
f 216/11/260 208/11/249 218/10/264
f 210/10/247 218/10/264 208/11/249
f 217/6/2 214/6/2 215/6/2
f 214/6/2 217/6/2 221/6/2
f 221/6/2 217/6/2 220/6/2
f 221/6/2 220/6/2 219/6/2
f 215/6/1 214/6/1 217/6/1
f 221/6/1 217/6/1 214/6/1
f 220/6/1 217/6/1 221/6/1
f 219/6/1 220/6/1 221/6/1
f 206/11/237 214/6/255 221/6/269
f 214/6/255 206/11/237 212/11/251
f 221/6/270 214/6/259 206/11/239
f 212/11/254 206/11/239 214/6/259
f 219/6/265 206/11/237 221/6/269
f 206/11/237 219/6/265 207/11/238
f 221/6/270 206/11/239 219/6/268
f 207/11/242 219/6/268 206/11/239
f 213/10/252 210/10/245 218/10/263
f 210/10/245 213/10/252 204/10/235
f 210/10/245 204/10/235 211/10/246
f 211/10/246 204/10/235 205/10/236
f 218/10/264 210/10/247 213/10/253
f 204/10/241 213/10/253 210/10/247
f 211/10/250 204/10/241 210/10/247
f 205/10/240 204/10/241 211/10/250
f 224/7/133 223/6/132 222/6/131
f 223/6/132 224/7/133 225/7/134
f 222/6/137 223/6/136 224/7/135
f 225/7/138 224/7/135 223/6/136
f 228/7/105 227/7/104 226/7/103
f 227/7/104 228/7/105 229/7/106
f 226/7/109 227/7/108 228/7/107
f 229/7/110 228/7/107 227/7/108
f 231/7/157 224/7/133 230/7/154
f 224/7/133 231/7/157 225/7/134
f 230/7/155 224/7/135 231/7/160
f 225/7/138 231/7/160 224/7/135
f 234/8/45 233/6/44 232/8/43
f 233/6/44 234/8/45 235/6/46
f 232/8/49 233/6/48 234/8/47
f 235/6/50 234/8/47 233/6/48
f 237/8/60 232/8/43 236/8/59
f 232/8/43 237/8/60 234/8/45
f 236/8/62 232/8/49 237/8/61
f 234/8/47 237/8/61 232/8/49
f 236/8/59 233/6/44 238/6/65
f 233/6/44 236/8/59 232/8/43
f 238/6/66 233/6/48 236/8/62
f 232/8/49 236/8/62 233/6/48
f 230/7/154 222/6/131 239/6/153
f 222/6/131 230/7/154 224/7/133
f 239/6/156 222/6/137 230/7/155
f 224/7/135 230/7/155 222/6/137
f 240/6/158 225/7/134 231/7/157
f 225/7/134 240/6/158 223/6/132
f 231/7/160 225/7/138 240/6/159
f 223/6/136 240/6/159 225/7/138
f 243/9/76 242/9/98 241/9/97
f 242/9/98 243/9/76 244/9/78
f 241/9/99 242/9/102 243/9/80
f 244/9/82 243/9/80 242/9/102
f 244/9/78 245/6/96 242/9/98
f 245/6/96 244/9/78 246/6/77
f 242/9/102 245/6/100 244/9/82
f 246/6/79 244/9/82 245/6/100
f 248/6/75 241/9/97 247/6/95
f 241/9/97 248/6/75 243/9/76
f 247/6/101 241/9/99 248/6/81
f 243/9/80 248/6/81 241/9/99
f 246/6/77 243/9/76 248/6/75
f 243/9/76 246/6/77 244/9/78
f 248/6/81 243/9/80 246/6/79
f 244/9/82 246/6/79 243/9/80
f 229/7/106 249/6/127 227/7/104
f 249/6/127 229/7/106 250/6/124
f 227/7/108 249/6/128 229/7/110
f 250/6/125 229/7/110 249/6/128
f 250/6/124 228/7/105 251/6/123
f 228/7/105 250/6/124 229/7/106
f 251/6/126 228/7/107 250/6/125
f 229/7/110 250/6/125 228/7/107
f 226/7/103 249/6/127 252/6/129
f 249/6/127 226/7/103 227/7/104
f 252/6/130 249/6/128 226/7/109
f 227/7/108 226/7/109 249/6/128
f 255/6/46 254/9/60 253/6/63
f 254/9/60 255/6/46 256/9/45
f 253/6/64 254/9/61 255/6/50
f 256/9/47 255/6/50 254/9/61
f 251/6/123 226/7/103 252/6/129
f 226/7/103 251/6/123 228/7/105
f 252/6/130 226/7/109 251/6/126
f 228/7/107 251/6/126 226/7/109
f 254/9/60 258/9/43 257/9/59
f 258/9/43 254/9/60 256/9/45
f 257/9/62 258/9/49 254/9/61
f 256/9/47 254/9/61 258/9/49
f 259/6/63 236/8/59 238/6/65
f 236/8/59 259/6/63 237/8/60
f 238/6/66 236/8/62 259/6/64
f 237/8/61 259/6/64 236/8/62
f 257/9/59 261/6/44 260/6/65
f 261/6/44 257/9/59 258/9/43
f 260/6/66 261/6/48 257/9/62
f 258/9/49 257/9/62 261/6/48
f 241/9/97 245/6/96 247/6/95
f 245/6/96 241/9/97 242/9/98
f 247/6/101 245/6/100 241/9/99
f 242/9/102 241/9/99 245/6/100
f 235/6/46 237/8/60 259/6/63
f 237/8/60 235/6/46 234/8/45
f 259/6/64 237/8/61 235/6/50
f 234/8/47 235/6/50 237/8/61
f 253/6/63 257/9/59 260/6/65
f 257/9/59 253/6/63 254/9/60
f 260/6/66 257/9/62 253/6/64
f 254/9/61 253/6/64 257/9/62
f 240/6/158 230/7/154 239/6/153
f 230/7/154 240/6/158 231/7/157
f 239/6/156 230/7/155 240/6/159
f 231/7/160 240/6/159 230/7/155
f 264/6/46 263/9/60 262/6/63
f 263/9/60 264/6/46 265/9/45
f 262/6/64 263/9/61 264/6/50
f 265/9/47 264/6/50 263/9/61
f 256/9/45 261/6/44 258/9/43
f 261/6/44 256/9/45 255/6/46
f 258/9/49 261/6/48 256/9/47
f 255/6/50 256/9/47 261/6/48
f 263/9/60 267/9/43 266/9/59
f 267/9/43 263/9/60 265/9/45
f 266/9/62 267/9/49 263/9/61
f 265/9/47 263/9/61 267/9/49
f 265/9/45 268/6/44 267/9/43
f 268/6/44 265/9/45 264/6/46
f 267/9/49 268/6/48 265/9/47
f 264/6/50 265/9/47 268/6/48
f 262/6/63 266/9/59 269/6/65
f 266/9/59 262/6/63 263/9/60
f 269/6/66 266/9/62 262/6/64
f 263/9/61 262/6/64 266/9/62
f 266/9/59 268/6/44 269/6/65
f 268/6/44 266/9/59 267/9/43
f 269/6/66 268/6/48 266/9/62
f 267/9/49 266/9/62 268/6/48
f 272/7/141 271/7/140 270/7/139
f 271/7/140 272/7/141 273/7/142
f 270/7/145 271/7/144 272/7/143
f 273/7/146 272/7/143 271/7/144
f 270/7/139 275/6/148 274/6/147
f 275/6/148 270/7/139 271/7/140
f 274/6/150 275/6/149 270/7/145
f 271/7/144 270/7/145 275/6/149
f 276/6/151 270/7/139 274/6/147
f 270/7/139 276/6/151 272/7/141
f 274/6/150 270/7/145 276/6/152
f 272/7/143 276/6/152 270/7/145
f 271/7/140 277/6/161 275/6/148
f 277/6/161 271/7/140 273/7/142
f 275/6/149 277/6/162 271/7/144
f 273/7/146 271/7/144 277/6/162
f 276/6/151 273/7/142 272/7/141
f 273/7/142 276/6/151 277/6/161
f 272/7/143 273/7/146 276/6/152
f 277/6/162 276/6/152 273/7/146
f 280/6/111 279/7/92 278/6/91
f 279/7/92 280/6/111 281/7/112
f 278/6/94 279/7/93 280/6/113
f 281/7/114 280/6/113 279/7/93
f 279/7/92 283/7/70 282/7/69
f 283/7/70 279/7/92 281/7/112
f 282/7/71 283/7/74 279/7/93
f 281/7/114 279/7/93 283/7/74
f 279/7/92 284/6/67 278/6/91
f 284/6/67 279/7/92 282/7/69
f 278/6/94 284/6/73 279/7/93
f 282/7/71 279/7/93 284/6/73
f 283/7/70 280/6/111 285/6/68
f 280/6/111 283/7/70 281/7/112
f 285/6/72 280/6/113 283/7/74
f 281/7/114 283/7/74 280/6/113
f 282/7/69 285/6/68 284/6/67
f 285/6/68 282/7/69 283/7/70
f 284/6/73 285/6/72 282/7/71
f 283/7/74 282/7/71 285/6/72
f 288/9/76 287/9/98 286/9/97
f 287/9/98 288/9/76 289/9/78
f 286/9/99 287/9/102 288/9/80
f 289/9/82 288/9/80 287/9/102
f 289/9/78 290/6/96 287/9/98
f 290/6/96 289/9/78 291/6/77
f 287/9/102 290/6/100 289/9/82
f 291/6/79 289/9/82 290/6/100
f 294/7/116 293/7/85 292/7/115
f 293/7/85 294/7/116 295/7/86
f 292/7/118 293/7/87 294/7/117
f 295/7/90 294/7/117 293/7/87
f 292/7/115 297/6/83 296/6/121
f 297/6/83 292/7/115 293/7/85
f 296/6/122 297/6/89 292/7/118
f 293/7/87 292/7/118 297/6/89
f 286/9/97 290/6/96 298/6/95
f 290/6/96 286/9/97 287/9/98
f 298/6/101 290/6/100 286/9/99
f 287/9/102 286/9/99 290/6/100
f 291/6/77 288/9/76 299/6/75
f 288/9/76 291/6/77 289/9/78
f 299/6/81 288/9/80 291/6/79
f 289/9/82 291/6/79 288/9/80
f 293/7/85 300/6/84 297/6/83
f 300/6/84 293/7/85 295/7/86
f 297/6/89 300/6/88 293/7/87
f 295/7/90 293/7/87 300/6/88
f 301/6/119 292/7/115 296/6/121
f 292/7/115 301/6/119 294/7/116
f 296/6/122 292/7/118 301/6/120
f 294/7/117 301/6/120 292/7/118
f 301/6/119 295/7/86 294/7/116
f 295/7/86 301/6/119 300/6/84
f 294/7/117 295/7/90 301/6/120
f 300/6/88 301/6/120 295/7/90
f 299/6/75 286/9/97 298/6/95
f 286/9/97 299/6/75 288/9/76
f 298/6/101 286/9/99 299/6/81
f 288/9/80 299/6/81 286/9/99
f 304/7/133 303/6/132 302/6/131
f 303/6/132 304/7/133 305/7/134
f 302/6/137 303/6/136 304/7/135
f 305/7/138 304/7/135 303/6/136
f 308/7/105 307/7/104 306/7/103
f 307/7/104 308/7/105 309/7/106
f 306/7/109 307/7/108 308/7/107
f 309/7/110 308/7/107 307/7/108
f 311/7/157 304/7/133 310/7/154
f 304/7/133 311/7/157 305/7/134
f 310/7/155 304/7/135 311/7/160
f 305/7/138 311/7/160 304/7/135
f 314/8/45 313/6/44 312/8/43
f 313/6/44 314/8/45 315/6/46
f 312/8/49 313/6/48 314/8/47
f 315/6/50 314/8/47 313/6/48
f 317/8/60 312/8/43 316/8/59
f 312/8/43 317/8/60 314/8/45
f 316/8/62 312/8/49 317/8/61
f 314/8/47 317/8/61 312/8/49
f 316/8/59 313/6/44 318/6/65
f 313/6/44 316/8/59 312/8/43
f 318/6/66 313/6/48 316/8/62
f 312/8/49 316/8/62 313/6/48
f 310/7/154 302/6/131 319/6/153
f 302/6/131 310/7/154 304/7/133
f 319/6/156 302/6/137 310/7/155
f 304/7/135 310/7/155 302/6/137
f 320/6/158 305/7/134 311/7/157
f 305/7/134 320/6/158 303/6/132
f 311/7/160 305/7/138 320/6/159
f 303/6/136 320/6/159 305/7/138
f 323/9/76 322/9/98 321/9/97
f 322/9/98 323/9/76 324/9/78
f 321/9/99 322/9/102 323/9/80
f 324/9/82 323/9/80 322/9/102
f 324/9/78 325/6/96 322/9/98
f 325/6/96 324/9/78 326/6/77
f 322/9/102 325/6/100 324/9/82
f 326/6/79 324/9/82 325/6/100
f 328/6/75 321/9/97 327/6/95
f 321/9/97 328/6/75 323/9/76
f 327/6/101 321/9/99 328/6/81
f 323/9/80 328/6/81 321/9/99
f 326/6/77 323/9/76 328/6/75
f 323/9/76 326/6/77 324/9/78
f 328/6/81 323/9/80 326/6/79
f 324/9/82 326/6/79 323/9/80
f 309/7/106 329/6/127 307/7/104
f 329/6/127 309/7/106 330/6/124
f 307/7/108 329/6/128 309/7/110
f 330/6/125 309/7/110 329/6/128
f 330/6/124 308/7/105 331/6/123
f 308/7/105 330/6/124 309/7/106
f 331/6/126 308/7/107 330/6/125
f 309/7/110 330/6/125 308/7/107
f 306/7/103 329/6/127 332/6/129
f 329/6/127 306/7/103 307/7/104
f 332/6/130 329/6/128 306/7/109
f 307/7/108 306/7/109 329/6/128
f 335/6/46 334/9/60 333/6/63
f 334/9/60 335/6/46 336/9/45
f 333/6/64 334/9/61 335/6/50
f 336/9/47 335/6/50 334/9/61
f 331/6/123 306/7/103 332/6/129
f 306/7/103 331/6/123 308/7/105
f 332/6/130 306/7/109 331/6/126
f 308/7/107 331/6/126 306/7/109
f 334/9/60 338/9/43 337/9/59
f 338/9/43 334/9/60 336/9/45
f 337/9/62 338/9/49 334/9/61
f 336/9/47 334/9/61 338/9/49
f 339/6/63 316/8/59 318/6/65
f 316/8/59 339/6/63 317/8/60
f 318/6/66 316/8/62 339/6/64
f 317/8/61 339/6/64 316/8/62
f 337/9/59 341/6/44 340/6/65
f 341/6/44 337/9/59 338/9/43
f 340/6/66 341/6/48 337/9/62
f 338/9/49 337/9/62 341/6/48
f 321/9/97 325/6/96 327/6/95
f 325/6/96 321/9/97 322/9/98
f 327/6/101 325/6/100 321/9/99
f 322/9/102 321/9/99 325/6/100
f 315/6/46 317/8/60 339/6/63
f 317/8/60 315/6/46 314/8/45
f 339/6/64 317/8/61 315/6/50
f 314/8/47 315/6/50 317/8/61
f 333/6/63 337/9/59 340/6/65
f 337/9/59 333/6/63 334/9/60
f 340/6/66 337/9/62 333/6/64
f 334/9/61 333/6/64 337/9/62
f 320/6/158 310/7/154 319/6/153
f 310/7/154 320/6/158 311/7/157
f 319/6/156 310/7/155 320/6/159
f 311/7/160 320/6/159 310/7/155
f 344/6/46 343/9/60 342/6/63
f 343/9/60 344/6/46 345/9/45
f 342/6/64 343/9/61 344/6/50
f 345/9/47 344/6/50 343/9/61
f 336/9/45 341/6/44 338/9/43
f 341/6/44 336/9/45 335/6/46
f 338/9/49 341/6/48 336/9/47
f 335/6/50 336/9/47 341/6/48
f 343/9/60 347/9/43 346/9/59
f 347/9/43 343/9/60 345/9/45
f 346/9/62 347/9/49 343/9/61
f 345/9/47 343/9/61 347/9/49
f 345/9/45 348/6/44 347/9/43
f 348/6/44 345/9/45 344/6/46
f 347/9/49 348/6/48 345/9/47
f 344/6/50 345/9/47 348/6/48
f 342/6/63 346/9/59 349/6/65
f 346/9/59 342/6/63 343/9/60
f 349/6/66 346/9/62 342/6/64
f 343/9/61 342/6/64 346/9/62
f 346/9/59 348/6/44 349/6/65
f 348/6/44 346/9/59 347/9/43
f 349/6/66 348/6/48 346/9/62
f 347/9/49 346/9/62 348/6/48
f 352/7/141 351/7/140 350/7/139
f 351/7/140 352/7/141 353/7/142
f 350/7/145 351/7/144 352/7/143
f 353/7/146 352/7/143 351/7/144
f 350/7/139 355/6/148 354/6/147
f 355/6/148 350/7/139 351/7/140
f 354/6/150 355/6/149 350/7/145
f 351/7/144 350/7/145 355/6/149
f 356/6/151 350/7/139 354/6/147
f 350/7/139 356/6/151 352/7/141
f 354/6/150 350/7/145 356/6/152
f 352/7/143 356/6/152 350/7/145
f 351/7/140 357/6/161 355/6/148
f 357/6/161 351/7/140 353/7/142
f 355/6/149 357/6/162 351/7/144
f 353/7/146 351/7/144 357/6/162
f 356/6/151 353/7/142 352/7/141
f 353/7/142 356/6/151 357/6/161
f 352/7/143 353/7/146 356/6/152
f 357/6/162 356/6/152 353/7/146
f 360/6/111 359/7/92 358/6/91
f 359/7/92 360/6/111 361/7/112
f 358/6/94 359/7/93 360/6/113
f 361/7/114 360/6/113 359/7/93
f 359/7/92 363/7/70 362/7/69
f 363/7/70 359/7/92 361/7/112
f 362/7/71 363/7/74 359/7/93
f 361/7/114 359/7/93 363/7/74
f 359/7/92 364/6/67 358/6/91
f 364/6/67 359/7/92 362/7/69
f 358/6/94 364/6/73 359/7/93
f 362/7/71 359/7/93 364/6/73
f 363/7/70 360/6/111 365/6/68
f 360/6/111 363/7/70 361/7/112
f 365/6/72 360/6/113 363/7/74
f 361/7/114 363/7/74 360/6/113
f 362/7/69 365/6/68 364/6/67
f 365/6/68 362/7/69 363/7/70
f 364/6/73 365/6/72 362/7/71
f 363/7/74 362/7/71 365/6/72
f 368/9/76 367/9/98 366/9/97
f 367/9/98 368/9/76 369/9/78
f 366/9/99 367/9/102 368/9/80
f 369/9/82 368/9/80 367/9/102
f 369/9/78 370/6/96 367/9/98
f 370/6/96 369/9/78 371/6/77
f 367/9/102 370/6/100 369/9/82
f 371/6/79 369/9/82 370/6/100
f 374/7/116 373/7/85 372/7/115
f 373/7/85 374/7/116 375/7/86
f 372/7/118 373/7/87 374/7/117
f 375/7/90 374/7/117 373/7/87
f 372/7/115 377/6/83 376/6/121
f 377/6/83 372/7/115 373/7/85
f 376/6/122 377/6/89 372/7/118
f 373/7/87 372/7/118 377/6/89
f 366/9/97 370/6/96 378/6/95
f 370/6/96 366/9/97 367/9/98
f 378/6/101 370/6/100 366/9/99
f 367/9/102 366/9/99 370/6/100
f 371/6/77 368/9/76 379/6/75
f 368/9/76 371/6/77 369/9/78
f 379/6/81 368/9/80 371/6/79
f 369/9/82 371/6/79 368/9/80
f 373/7/85 380/6/84 377/6/83
f 380/6/84 373/7/85 375/7/86
f 377/6/89 380/6/88 373/7/87
f 375/7/90 373/7/87 380/6/88
f 381/6/119 372/7/115 376/6/121
f 372/7/115 381/6/119 374/7/116
f 376/6/122 372/7/118 381/6/120
f 374/7/117 381/6/120 372/7/118
f 381/6/119 375/7/86 374/7/116
f 375/7/86 381/6/119 380/6/84
f 374/7/117 375/7/90 381/6/120
f 380/6/88 381/6/120 375/7/90
f 379/6/75 366/9/97 378/6/95
f 366/9/97 379/6/75 368/9/76
f 378/6/101 366/9/99 379/6/81
f 368/9/80 379/6/81 366/9/99
f 384/7/133 383/6/132 382/6/131
f 383/6/132 384/7/133 385/7/134
f 382/6/137 383/6/136 384/7/135
f 385/7/138 384/7/135 383/6/136
f 388/7/105 387/7/104 386/7/103
f 387/7/104 388/7/105 389/7/106
f 386/7/109 387/7/108 388/7/107
f 389/7/110 388/7/107 387/7/108
f 391/7/157 384/7/133 390/7/154
f 384/7/133 391/7/157 385/7/134
f 390/7/155 384/7/135 391/7/160
f 385/7/138 391/7/160 384/7/135
f 394/8/45 393/6/44 392/8/43
f 393/6/44 394/8/45 395/6/46
f 392/8/49 393/6/48 394/8/47
f 395/6/50 394/8/47 393/6/48
f 397/8/60 392/8/43 396/8/59
f 392/8/43 397/8/60 394/8/45
f 396/8/62 392/8/49 397/8/61
f 394/8/47 397/8/61 392/8/49
f 396/8/59 393/6/44 398/6/65
f 393/6/44 396/8/59 392/8/43
f 398/6/66 393/6/48 396/8/62
f 392/8/49 396/8/62 393/6/48
f 390/7/154 382/6/131 399/6/153
f 382/6/131 390/7/154 384/7/133
f 399/6/156 382/6/137 390/7/155
f 384/7/135 390/7/155 382/6/137
f 400/6/158 385/7/134 391/7/157
f 385/7/134 400/6/158 383/6/132
f 391/7/160 385/7/138 400/6/159
f 383/6/136 400/6/159 385/7/138
f 403/9/76 402/9/98 401/9/97
f 402/9/98 403/9/76 404/9/78
f 401/9/99 402/9/102 403/9/80
f 404/9/82 403/9/80 402/9/102
f 404/9/78 405/6/96 402/9/98
f 405/6/96 404/9/78 406/6/77
f 402/9/102 405/6/100 404/9/82
f 406/6/79 404/9/82 405/6/100
f 408/6/75 401/9/97 407/6/95
f 401/9/97 408/6/75 403/9/76
f 407/6/101 401/9/99 408/6/81
f 403/9/80 408/6/81 401/9/99
f 406/6/77 403/9/76 408/6/75
f 403/9/76 406/6/77 404/9/78
f 408/6/81 403/9/80 406/6/79
f 404/9/82 406/6/79 403/9/80
f 389/7/106 409/6/127 387/7/104
f 409/6/127 389/7/106 410/6/124
f 387/7/108 409/6/128 389/7/110
f 410/6/125 389/7/110 409/6/128
f 410/6/124 388/7/105 411/6/123
f 388/7/105 410/6/124 389/7/106
f 411/6/126 388/7/107 410/6/125
f 389/7/110 410/6/125 388/7/107
f 386/7/103 409/6/127 412/6/129
f 409/6/127 386/7/103 387/7/104
f 412/6/130 409/6/128 386/7/109
f 387/7/108 386/7/109 409/6/128
f 415/6/46 414/9/60 413/6/63
f 414/9/60 415/6/46 416/9/45
f 413/6/64 414/9/61 415/6/50
f 416/9/47 415/6/50 414/9/61
f 411/6/123 386/7/103 412/6/129
f 386/7/103 411/6/123 388/7/105
f 412/6/130 386/7/109 411/6/126
f 388/7/107 411/6/126 386/7/109
f 414/9/60 418/9/43 417/9/59
f 418/9/43 414/9/60 416/9/45
f 417/9/62 418/9/49 414/9/61
f 416/9/47 414/9/61 418/9/49
f 419/6/63 396/8/59 398/6/65
f 396/8/59 419/6/63 397/8/60
f 398/6/66 396/8/62 419/6/64
f 397/8/61 419/6/64 396/8/62
f 417/9/59 421/6/44 420/6/65
f 421/6/44 417/9/59 418/9/43
f 420/6/66 421/6/48 417/9/62
f 418/9/49 417/9/62 421/6/48
f 401/9/97 405/6/96 407/6/95
f 405/6/96 401/9/97 402/9/98
f 407/6/101 405/6/100 401/9/99
f 402/9/102 401/9/99 405/6/100
f 395/6/46 397/8/60 419/6/63
f 397/8/60 395/6/46 394/8/45
f 419/6/64 397/8/61 395/6/50
f 394/8/47 395/6/50 397/8/61
f 413/6/63 417/9/59 420/6/65
f 417/9/59 413/6/63 414/9/60
f 420/6/66 417/9/62 413/6/64
f 414/9/61 413/6/64 417/9/62
f 400/6/158 390/7/154 399/6/153
f 390/7/154 400/6/158 391/7/157
f 399/6/156 390/7/155 400/6/159
f 391/7/160 400/6/159 390/7/155
f 424/6/46 423/9/60 422/6/63
f 423/9/60 424/6/46 425/9/45
f 422/6/64 423/9/61 424/6/50
f 425/9/47 424/6/50 423/9/61
f 416/9/45 421/6/44 418/9/43
f 421/6/44 416/9/45 415/6/46
f 418/9/49 421/6/48 416/9/47
f 415/6/50 416/9/47 421/6/48
f 423/9/60 427/9/43 426/9/59
f 427/9/43 423/9/60 425/9/45
f 426/9/62 427/9/49 423/9/61
f 425/9/47 423/9/61 427/9/49
f 425/9/45 428/6/44 427/9/43
f 428/6/44 425/9/45 424/6/46
f 427/9/49 428/6/48 425/9/47
f 424/6/50 425/9/47 428/6/48
f 422/6/63 426/9/59 429/6/65
f 426/9/59 422/6/63 423/9/60
f 429/6/66 426/9/62 422/6/64
f 423/9/61 422/6/64 426/9/62
f 426/9/59 428/6/44 429/6/65
f 428/6/44 426/9/59 427/9/43
f 429/6/66 428/6/48 426/9/62
f 427/9/49 426/9/62 428/6/48
f 432/7/141 431/7/140 430/7/139
f 431/7/140 432/7/141 433/7/142
f 430/7/145 431/7/144 432/7/143
f 433/7/146 432/7/143 431/7/144
f 430/7/139 435/6/148 434/6/147
f 435/6/148 430/7/139 431/7/140
f 434/6/150 435/6/149 430/7/145
f 431/7/144 430/7/145 435/6/149
f 436/6/151 430/7/139 434/6/147
f 430/7/139 436/6/151 432/7/141
f 434/6/150 430/7/145 436/6/152
f 432/7/143 436/6/152 430/7/145
f 431/7/140 437/6/161 435/6/148
f 437/6/161 431/7/140 433/7/142
f 435/6/149 437/6/162 431/7/144
f 433/7/146 431/7/144 437/6/162
f 436/6/151 433/7/142 432/7/141
f 433/7/142 436/6/151 437/6/161
f 432/7/143 433/7/146 436/6/152
f 437/6/162 436/6/152 433/7/146
f 440/6/111 439/7/92 438/6/91
f 439/7/92 440/6/111 441/7/112
f 438/6/94 439/7/93 440/6/113
f 441/7/114 440/6/113 439/7/93
f 439/7/92 443/7/70 442/7/69
f 443/7/70 439/7/92 441/7/112
f 442/7/71 443/7/74 439/7/93
f 441/7/114 439/7/93 443/7/74
f 439/7/92 444/6/67 438/6/91
f 444/6/67 439/7/92 442/7/69
f 438/6/94 444/6/73 439/7/93
f 442/7/71 439/7/93 444/6/73
f 443/7/70 440/6/111 445/6/68
f 440/6/111 443/7/70 441/7/112
f 445/6/72 440/6/113 443/7/74
f 441/7/114 443/7/74 440/6/113
f 442/7/69 445/6/68 444/6/67
f 445/6/68 442/7/69 443/7/70
f 444/6/73 445/6/72 442/7/71
f 443/7/74 442/7/71 445/6/72
f 448/9/76 447/9/98 446/9/97
f 447/9/98 448/9/76 449/9/78
f 446/9/99 447/9/102 448/9/80
f 449/9/82 448/9/80 447/9/102
f 449/9/78 450/6/96 447/9/98
f 450/6/96 449/9/78 451/6/77
f 447/9/102 450/6/100 449/9/82
f 451/6/79 449/9/82 450/6/100
f 454/7/116 453/7/85 452/7/115
f 453/7/85 454/7/116 455/7/86
f 452/7/118 453/7/87 454/7/117
f 455/7/90 454/7/117 453/7/87
f 452/7/115 457/6/83 456/6/121
f 457/6/83 452/7/115 453/7/85
f 456/6/122 457/6/89 452/7/118
f 453/7/87 452/7/118 457/6/89
f 446/9/97 450/6/96 458/6/95
f 450/6/96 446/9/97 447/9/98
f 458/6/101 450/6/100 446/9/99
f 447/9/102 446/9/99 450/6/100
f 451/6/77 448/9/76 459/6/75
f 448/9/76 451/6/77 449/9/78
f 459/6/81 448/9/80 451/6/79
f 449/9/82 451/6/79 448/9/80
f 453/7/85 460/6/84 457/6/83
f 460/6/84 453/7/85 455/7/86
f 457/6/89 460/6/88 453/7/87
f 455/7/90 453/7/87 460/6/88
f 461/6/119 452/7/115 456/6/121
f 452/7/115 461/6/119 454/7/116
f 456/6/122 452/7/118 461/6/120
f 454/7/117 461/6/120 452/7/118
f 461/6/119 455/7/86 454/7/116
f 455/7/86 461/6/119 460/6/84
f 454/7/117 455/7/90 461/6/120
f 460/6/88 461/6/120 455/7/90
f 459/6/75 446/9/97 458/6/95
f 446/9/97 459/6/75 448/9/76
f 458/6/101 446/9/99 459/6/81
f 448/9/80 459/6/81 446/9/99
f 464/13/157 463/12/153 462/12/158
f 463/12/153 464/13/157 465/13/154
f 462/12/159 463/12/156 464/13/160
f 465/13/155 464/13/160 463/12/156
f 468/13/104 467/13/105 466/13/106
f 467/13/105 468/13/104 469/13/103
f 466/13/110 467/13/107 468/13/108
f 469/13/109 468/13/108 467/13/107
f 471/13/133 464/13/157 470/13/134
f 464/13/157 471/13/133 465/13/154
f 470/13/138 464/13/160 471/13/135
f 465/13/155 471/13/135 464/13/160
f 474/10/59 473/12/63 472/10/60
f 473/12/63 474/10/59 475/12/65
f 472/10/61 473/12/64 474/10/62
f 475/12/66 474/10/62 473/12/64
f 477/10/43 472/10/60 476/10/45
f 472/10/60 477/10/43 474/10/59
f 476/10/47 472/10/61 477/10/49
f 474/10/62 477/10/49 472/10/61
f 476/10/45 473/12/63 478/12/46
f 473/12/63 476/10/45 472/10/60
f 478/12/50 473/12/64 476/10/47
f 472/10/61 476/10/47 473/12/64
f 470/13/134 462/12/158 479/12/132
f 462/12/158 470/13/134 464/13/157
f 479/12/136 462/12/159 470/13/138
f 464/13/160 470/13/138 462/12/159
f 480/12/131 465/13/154 471/13/133
f 465/13/154 480/12/131 463/12/153
f 471/13/135 465/13/155 480/12/137
f 463/12/156 480/12/137 465/13/155
f 483/14/98 482/14/76 481/14/78
f 482/14/76 483/14/98 484/14/97
f 481/14/82 482/14/80 483/14/102
f 484/14/99 483/14/102 482/14/80
f 484/14/97 485/12/75 482/14/76
f 485/12/75 484/14/97 486/12/95
f 482/14/80 485/12/81 484/14/99
f 486/12/101 484/14/99 485/12/81
f 488/12/96 481/14/78 487/12/77
f 481/14/78 488/12/96 483/14/98
f 487/12/79 481/14/82 488/12/100
f 483/14/102 488/12/100 481/14/82
f 486/12/95 483/14/98 488/12/96
f 483/14/98 486/12/95 484/14/97
f 488/12/100 483/14/102 486/12/101
f 484/14/99 486/12/101 483/14/102
f 469/13/103 489/12/271 467/13/105
f 489/12/271 469/13/103 490/12/272
f 467/13/107 489/12/273 469/13/109
f 490/12/274 469/13/109 489/12/273
f 490/12/272 468/13/104 491/12/275
f 468/13/104 490/12/272 469/13/103
f 491/12/276 468/13/108 490/12/274
f 469/13/109 490/12/274 468/13/108
f 466/13/106 489/12/271 492/12/277
f 489/12/271 466/13/106 467/13/105
f 492/12/278 489/12/273 466/13/110
f 467/13/107 466/13/110 489/12/273
f 495/12/65 494/14/43 493/12/44
f 494/14/43 495/12/65 496/14/59
f 493/12/48 494/14/49 495/12/66
f 496/14/62 495/12/66 494/14/49
f 491/12/275 466/13/106 492/12/277
f 466/13/106 491/12/275 468/13/104
f 492/12/278 466/13/110 491/12/276
f 468/13/108 491/12/276 466/13/110
f 494/14/43 498/14/60 497/14/45
f 498/14/60 494/14/43 496/14/59
f 497/14/47 498/14/61 494/14/49
f 496/14/62 494/14/49 498/14/61
f 499/12/44 476/10/45 478/12/46
f 476/10/45 499/12/44 477/10/43
f 478/12/50 476/10/47 499/12/48
f 477/10/49 499/12/48 476/10/47
f 497/14/45 501/12/63 500/12/46
f 501/12/63 497/14/45 498/14/60
f 500/12/50 501/12/64 497/14/47
f 498/14/61 497/14/47 501/12/64
f 481/14/78 485/12/75 487/12/77
f 485/12/75 481/14/78 482/14/76
f 487/12/79 485/12/81 481/14/82
f 482/14/80 481/14/82 485/12/81
f 475/12/65 477/10/43 499/12/44
f 477/10/43 475/12/65 474/10/59
f 499/12/48 477/10/49 475/12/66
f 474/10/62 475/12/66 477/10/49
f 493/12/44 497/14/45 500/12/46
f 497/14/45 493/12/44 494/14/43
f 500/12/50 497/14/47 493/12/48
f 494/14/49 493/12/48 497/14/47
f 480/12/131 470/13/134 479/12/132
f 470/13/134 480/12/131 471/13/133
f 479/12/136 470/13/138 480/12/137
f 471/13/135 480/12/137 470/13/138
f 504/12/65 503/14/43 502/12/44
f 503/14/43 504/12/65 505/14/59
f 502/12/48 503/14/49 504/12/66
f 505/14/62 504/12/66 503/14/49
f 496/14/59 501/12/63 498/14/60
f 501/12/63 496/14/59 495/12/65
f 498/14/61 501/12/64 496/14/62
f 495/12/66 496/14/62 501/12/64
f 503/14/43 507/14/60 506/14/45
f 507/14/60 503/14/43 505/14/59
f 506/14/47 507/14/61 503/14/49
f 505/14/62 503/14/49 507/14/61
f 505/14/59 508/12/63 507/14/60
f 508/12/63 505/14/59 504/12/65
f 507/14/61 508/12/64 505/14/62
f 504/12/66 505/14/62 508/12/64
f 502/12/44 506/14/45 509/12/46
f 506/14/45 502/12/44 503/14/43
f 509/12/50 506/14/47 502/12/48
f 503/14/49 502/12/48 506/14/47
f 506/14/45 508/12/63 509/12/46
f 508/12/63 506/14/45 507/14/60
f 509/12/50 508/12/64 506/14/47
f 507/14/61 506/14/47 508/12/64
f 512/13/140 511/13/141 510/13/142
f 511/13/141 512/13/140 513/13/139
f 510/13/146 511/13/143 512/13/144
f 513/13/145 512/13/144 511/13/143
f 510/13/142 515/12/151 514/12/161
f 515/12/151 510/13/142 511/13/141
f 514/12/162 515/12/152 510/13/146
f 511/13/143 510/13/146 515/12/152
f 516/12/148 510/13/142 514/12/161
f 510/13/142 516/12/148 512/13/140
f 514/12/162 510/13/146 516/12/149
f 512/13/144 516/12/149 510/13/146
f 511/13/141 517/12/147 515/12/151
f 517/12/147 511/13/141 513/13/139
f 515/12/152 517/12/150 511/13/143
f 513/13/145 511/13/143 517/12/150
f 516/12/148 513/13/139 512/13/140
f 513/13/139 516/12/148 517/12/147
f 512/13/144 513/13/145 516/12/149
f 517/12/150 516/12/149 513/13/145
f 520/12/67 519/13/70 518/12/68
f 519/13/70 520/12/67 521/13/69
f 518/12/72 519/13/74 520/12/73
f 521/13/71 520/12/73 519/13/74
f 519/13/70 523/13/92 522/13/112
f 523/13/92 519/13/70 521/13/69
f 522/13/114 523/13/93 519/13/74
f 521/13/71 519/13/74 523/13/93
f 519/13/70 524/12/111 518/12/68
f 524/12/111 519/13/70 522/13/112
f 518/12/72 524/12/113 519/13/74
f 522/13/114 519/13/74 524/12/113
f 523/13/92 520/12/67 525/12/91
f 520/12/67 523/13/92 521/13/69
f 525/12/94 520/12/73 523/13/93
f 521/13/71 523/13/93 520/12/73
f 522/13/112 525/12/91 524/12/111
f 525/12/91 522/13/112 523/13/92
f 524/12/113 525/12/94 522/13/114
f 523/13/93 522/13/114 525/12/94
f 528/14/98 527/14/76 526/14/78
f 527/14/76 528/14/98 529/14/97
f 526/14/82 527/14/80 528/14/102
f 529/14/99 528/14/102 527/14/80
f 529/14/97 530/12/75 527/14/76
f 530/12/75 529/14/97 531/12/95
f 527/14/80 530/12/81 529/14/99
f 531/12/101 529/14/99 530/12/81
f 534/13/85 533/13/116 532/13/86
f 533/13/116 534/13/85 535/13/115
f 532/13/90 533/13/117 534/13/87
f 535/13/118 534/13/87 533/13/117
f 532/13/86 537/12/119 536/12/84
f 537/12/119 532/13/86 533/13/116
f 536/12/88 537/12/120 532/13/90
f 533/13/117 532/13/90 537/12/120
f 526/14/78 530/12/75 538/12/77
f 530/12/75 526/14/78 527/14/76
f 538/12/79 530/12/81 526/14/82
f 527/14/80 526/14/82 530/12/81
f 531/12/95 528/14/98 539/12/96
f 528/14/98 531/12/95 529/14/97
f 539/12/100 528/14/102 531/12/101
f 529/14/99 531/12/101 528/14/102
f 533/13/116 540/12/121 537/12/119
f 540/12/121 533/13/116 535/13/115
f 537/12/120 540/12/122 533/13/117
f 535/13/118 533/13/117 540/12/122
f 541/12/83 532/13/86 536/12/84
f 532/13/86 541/12/83 534/13/85
f 536/12/88 532/13/90 541/12/89
f 534/13/87 541/12/89 532/13/90
f 541/12/83 535/13/115 534/13/85
f 535/13/115 541/12/83 540/12/121
f 534/13/87 535/13/118 541/12/89
f 540/12/122 541/12/89 535/13/118
f 539/12/96 526/14/78 538/12/77
f 526/14/78 539/12/96 528/14/98
f 538/12/79 526/14/82 539/12/100
f 528/14/102 539/12/100 526/14/82
f 544/13/133 543/12/132 542/12/131
f 543/12/132 544/13/133 545/13/134
f 542/12/137 543/12/136 544/13/135
f 545/13/138 544/13/135 543/12/136
f 548/13/105 547/13/104 546/13/103
f 547/13/104 548/13/105 549/13/106
f 546/13/109 547/13/108 548/13/107
f 549/13/110 548/13/107 547/13/108
f 551/13/157 544/13/133 550/13/154
f 544/13/133 551/13/157 545/13/134
f 550/13/155 544/13/135 551/13/160
f 545/13/138 551/13/160 544/13/135
f 554/10/45 553/12/44 552/10/43
f 553/12/44 554/10/45 555/12/46
f 552/10/49 553/12/48 554/10/47
f 555/12/50 554/10/47 553/12/48
f 557/10/60 552/10/43 556/10/59
f 552/10/43 557/10/60 554/10/45
f 556/10/62 552/10/49 557/10/61
f 554/10/47 557/10/61 552/10/49
f 556/10/59 553/12/44 558/12/65
f 553/12/44 556/10/59 552/10/43
f 558/12/66 553/12/48 556/10/62
f 552/10/49 556/10/62 553/12/48
f 550/13/154 542/12/131 559/12/153
f 542/12/131 550/13/154 544/13/133
f 559/12/156 542/12/137 550/13/155
f 544/13/135 550/13/155 542/12/137
f 560/12/158 545/13/134 551/13/157
f 545/13/134 560/12/158 543/12/132
f 551/13/160 545/13/138 560/12/159
f 543/12/136 560/12/159 545/13/138
f 563/14/76 562/14/98 561/14/97
f 562/14/98 563/14/76 564/14/78
f 561/14/99 562/14/102 563/14/80
f 564/14/82 563/14/80 562/14/102
f 564/14/78 565/12/96 562/14/98
f 565/12/96 564/14/78 566/12/77
f 562/14/102 565/12/100 564/14/82
f 566/12/79 564/14/82 565/12/100
f 568/12/75 561/14/97 567/12/95
f 561/14/97 568/12/75 563/14/76
f 567/12/101 561/14/99 568/12/81
f 563/14/80 568/12/81 561/14/99
f 566/12/77 563/14/76 568/12/75
f 563/14/76 566/12/77 564/14/78
f 568/12/81 563/14/80 566/12/79
f 564/14/82 566/12/79 563/14/80
f 549/13/106 569/12/127 547/13/104
f 569/12/127 549/13/106 570/12/124
f 547/13/108 569/12/128 549/13/110
f 570/12/125 549/13/110 569/12/128
f 570/12/124 548/13/105 571/12/123
f 548/13/105 570/12/124 549/13/106
f 571/12/126 548/13/107 570/12/125
f 549/13/110 570/12/125 548/13/107
f 546/13/103 569/12/127 572/12/129
f 569/12/127 546/13/103 547/13/104
f 572/12/130 569/12/128 546/13/109
f 547/13/108 546/13/109 569/12/128
f 575/12/46 574/14/60 573/12/63
f 574/14/60 575/12/46 576/14/45
f 573/12/64 574/14/61 575/12/50
f 576/14/47 575/12/50 574/14/61
f 571/12/123 546/13/103 572/12/129
f 546/13/103 571/12/123 548/13/105
f 572/12/130 546/13/109 571/12/126
f 548/13/107 571/12/126 546/13/109
f 574/14/60 578/14/43 577/14/59
f 578/14/43 574/14/60 576/14/45
f 577/14/62 578/14/49 574/14/61
f 576/14/47 574/14/61 578/14/49
f 579/12/63 556/10/59 558/12/65
f 556/10/59 579/12/63 557/10/60
f 558/12/66 556/10/62 579/12/64
f 557/10/61 579/12/64 556/10/62
f 577/14/59 581/12/44 580/12/65
f 581/12/44 577/14/59 578/14/43
f 580/12/66 581/12/48 577/14/62
f 578/14/49 577/14/62 581/12/48
f 561/14/97 565/12/96 567/12/95
f 565/12/96 561/14/97 562/14/98
f 567/12/101 565/12/100 561/14/99
f 562/14/102 561/14/99 565/12/100
f 555/12/46 557/10/60 579/12/63
f 557/10/60 555/12/46 554/10/45
f 579/12/64 557/10/61 555/12/50
f 554/10/47 555/12/50 557/10/61
f 573/12/63 577/14/59 580/12/65
f 577/14/59 573/12/63 574/14/60
f 580/12/66 577/14/62 573/12/64
f 574/14/61 573/12/64 577/14/62
f 560/12/158 550/13/154 559/12/153
f 550/13/154 560/12/158 551/13/157
f 559/12/156 550/13/155 560/12/159
f 551/13/160 560/12/159 550/13/155
f 584/12/46 583/14/60 582/12/63
f 583/14/60 584/12/46 585/14/45
f 582/12/64 583/14/61 584/12/50
f 585/14/47 584/12/50 583/14/61
f 576/14/45 581/12/44 578/14/43
f 581/12/44 576/14/45 575/12/46
f 578/14/49 581/12/48 576/14/47
f 575/12/50 576/14/47 581/12/48
f 583/14/60 587/14/43 586/14/59
f 587/14/43 583/14/60 585/14/45
f 586/14/62 587/14/49 583/14/61
f 585/14/47 583/14/61 587/14/49
f 585/14/45 588/12/44 587/14/43
f 588/12/44 585/14/45 584/12/46
f 587/14/49 588/12/48 585/14/47
f 584/12/50 585/14/47 588/12/48
f 582/12/63 586/14/59 589/12/65
f 586/14/59 582/12/63 583/14/60
f 589/12/66 586/14/62 582/12/64
f 583/14/61 582/12/64 586/14/62
f 586/14/59 588/12/44 589/12/65
f 588/12/44 586/14/59 587/14/43
f 589/12/66 588/12/48 586/14/62
f 587/14/49 586/14/62 588/12/48
f 592/13/141 591/13/140 590/13/139
f 591/13/140 592/13/141 593/13/142
f 590/13/145 591/13/144 592/13/143
f 593/13/146 592/13/143 591/13/144
f 590/13/139 595/12/148 594/12/147
f 595/12/148 590/13/139 591/13/140
f 594/12/150 595/12/149 590/13/145
f 591/13/144 590/13/145 595/12/149
f 596/12/151 590/13/139 594/12/147
f 590/13/139 596/12/151 592/13/141
f 594/12/150 590/13/145 596/12/152
f 592/13/143 596/12/152 590/13/145
f 591/13/140 597/12/161 595/12/148
f 597/12/161 591/13/140 593/13/142
f 595/12/149 597/12/162 591/13/144
f 593/13/146 591/13/144 597/12/162
f 596/12/151 593/13/142 592/13/141
f 593/13/142 596/12/151 597/12/161
f 592/13/143 593/13/146 596/12/152
f 597/12/162 596/12/152 593/13/146
f 600/12/111 599/13/92 598/12/91
f 599/13/92 600/12/111 601/13/112
f 598/12/94 599/13/93 600/12/113
f 601/13/114 600/12/113 599/13/93
f 599/13/92 603/13/70 602/13/69
f 603/13/70 599/13/92 601/13/112
f 602/13/71 603/13/74 599/13/93
f 601/13/114 599/13/93 603/13/74
f 599/13/92 604/12/67 598/12/91
f 604/12/67 599/13/92 602/13/69
f 598/12/94 604/12/73 599/13/93
f 602/13/71 599/13/93 604/12/73
f 603/13/70 600/12/111 605/12/68
f 600/12/111 603/13/70 601/13/112
f 605/12/72 600/12/113 603/13/74
f 601/13/114 603/13/74 600/12/113
f 602/13/69 605/12/68 604/12/67
f 605/12/68 602/13/69 603/13/70
f 604/12/73 605/12/72 602/13/71
f 603/13/74 602/13/71 605/12/72
f 608/14/76 607/14/98 606/14/97
f 607/14/98 608/14/76 609/14/78
f 606/14/99 607/14/102 608/14/80
f 609/14/82 608/14/80 607/14/102
f 609/14/78 610/12/96 607/14/98
f 610/12/96 609/14/78 611/12/77
f 607/14/102 610/12/100 609/14/82
f 611/12/79 609/14/82 610/12/100
f 614/13/116 613/13/85 612/13/115
f 613/13/85 614/13/116 615/13/86
f 612/13/118 613/13/87 614/13/117
f 615/13/90 614/13/117 613/13/87
f 612/13/115 617/12/83 616/12/121
f 617/12/83 612/13/115 613/13/85
f 616/12/122 617/12/89 612/13/118
f 613/13/87 612/13/118 617/12/89
f 606/14/97 610/12/96 618/12/95
f 610/12/96 606/14/97 607/14/98
f 618/12/101 610/12/100 606/14/99
f 607/14/102 606/14/99 610/12/100
f 611/12/77 608/14/76 619/12/75
f 608/14/76 611/12/77 609/14/78
f 619/12/81 608/14/80 611/12/79
f 609/14/82 611/12/79 608/14/80
f 613/13/85 620/12/84 617/12/83
f 620/12/84 613/13/85 615/13/86
f 617/12/89 620/12/88 613/13/87
f 615/13/90 613/13/87 620/12/88
f 621/12/119 612/13/115 616/12/121
f 612/13/115 621/12/119 614/13/116
f 616/12/122 612/13/118 621/12/120
f 614/13/117 621/12/120 612/13/118
f 621/12/119 615/13/86 614/13/116
f 615/13/86 621/12/119 620/12/84
f 614/13/117 615/13/90 621/12/120
f 620/12/88 621/12/120 615/13/90
f 619/12/75 606/14/97 618/12/95
f 606/14/97 619/12/75 608/14/76
f 618/12/101 606/14/99 619/12/81
f 608/14/80 619/12/81 606/14/99
f 624/8/22 623/6/31 622/6/20
f 623/6/31 624/8/22 625/8/32
f 622/6/24 623/6/33 624/8/26
f 625/8/34 624/8/26 623/6/33
f 628/7/6 627/6/15 626/6/4
f 627/6/15 628/7/6 629/7/16
f 626/6/8 627/6/18 628/7/10
f 629/7/17 628/7/10 627/6/18
f 632/8/28 631/6/19 630/6/27
f 631/6/19 632/8/28 633/8/21
f 630/6/30 631/6/25 632/8/29
f 633/8/23 632/8/29 631/6/25
f 623/6/31 632/8/28 630/6/27
f 632/8/28 623/6/31 625/8/32
f 630/6/30 632/8/29 623/6/33
f 625/8/34 623/6/33 632/8/29
f 628/7/6 634/7/12 629/7/16
f 634/7/12 628/7/6 635/7/5
f 629/7/17 634/7/14 628/7/10
f 635/7/7 628/7/10 634/7/14
f 629/7/16 636/6/11 627/6/15
f 636/6/11 629/7/16 634/7/12
f 627/6/18 636/6/13 629/7/17
f 634/7/14 629/7/17 636/6/13
f 632/8/28 624/8/22 633/8/21
f 624/8/22 632/8/28 625/8/32
f 633/8/23 624/8/26 632/8/29
f 625/8/34 632/8/29 624/8/26
f 635/7/5 626/6/4 637/6/3
f 626/6/4 635/7/5 628/7/6
f 637/6/9 626/6/8 635/7/7
f 628/7/10 635/7/7 626/6/8
f 636/6/11 635/7/5 637/6/3
f 635/7/5 636/6/11 634/7/12
f 637/6/9 635/7/7 636/6/13
f 634/7/14 636/6/13 635/7/7
f 633/8/21 622/6/20 631/6/19
f 622/6/20 633/8/21 624/8/22
f 631/6/25 622/6/24 633/8/23
f 624/8/26 633/8/23 622/6/24
f 640/6/63 639/7/59 638/6/65
f 639/7/59 640/6/63 641/7/60
f 638/6/66 639/7/62 640/6/64
f 641/7/61 640/6/64 639/7/62
f 642/6/46 641/7/60 640/6/63
f 641/7/60 642/6/46 643/7/45
f 640/6/64 641/7/61 642/6/50
f 643/7/47 642/6/50 641/7/61
f 646/8/56 645/6/35 644/6/55
f 645/6/35 646/8/56 647/8/37
f 644/6/58 645/6/41 646/8/57
f 647/8/39 646/8/57 645/6/41
f 646/8/56 648/8/38 647/8/37
f 648/8/38 646/8/56 649/8/52
f 647/8/39 648/8/42 646/8/57
f 649/8/54 646/8/57 648/8/42
f 643/7/45 651/6/44 650/7/43
f 651/6/44 643/7/45 642/6/46
f 650/7/49 651/6/48 643/7/47
f 642/6/50 643/7/47 651/6/48
f 647/8/37 652/6/36 645/6/35
f 652/6/36 647/8/37 648/8/38
f 645/6/41 652/6/40 647/8/39
f 648/8/42 647/8/39 652/6/40
f 641/7/60 650/7/43 639/7/59
f 650/7/43 641/7/60 643/7/45
f 639/7/62 650/7/49 641/7/61
f 643/7/47 641/7/61 650/7/49
f 653/6/51 646/8/56 644/6/55
f 646/8/56 653/6/51 649/8/52
f 644/6/58 646/8/57 653/6/53
f 649/8/54 653/6/53 646/8/57
f 639/7/59 651/6/44 638/6/65
f 651/6/44 639/7/59 650/7/43
f 638/6/66 651/6/48 639/7/62
f 650/7/49 639/7/62 651/6/48
f 648/8/38 653/6/51 652/6/36
f 653/6/51 648/8/38 649/8/52
f 652/6/40 653/6/53 648/8/42
f 649/8/54 648/8/42 653/6/53
f 656/6/281 655/7/280 654/6/279
f 655/7/280 656/6/281 657/7/282
f 654/6/285 655/7/284 656/6/283
f 657/7/286 656/6/283 655/7/284
f 657/7/282 658/7/287 655/7/280
f 658/7/287 657/7/282 659/7/288
f 655/7/284 658/7/289 657/7/286
f 659/7/290 657/7/286 658/7/289
f 655/7/280 660/6/291 654/6/279
f 660/6/291 655/7/280 658/7/287
f 654/6/285 660/6/292 655/7/284
f 658/7/289 655/7/284 660/6/292
f 661/6/293 657/7/282 656/6/281
f 657/7/282 661/6/293 659/7/288
f 656/6/283 657/7/286 661/6/294
f 659/7/290 661/6/294 657/7/286
f 659/7/288 660/6/291 658/7/287
f 660/6/291 659/7/288 661/6/293
f 658/7/289 660/6/292 659/7/290
f 661/6/294 659/7/290 660/6/292
f 664/15/297 663/16/296 662/15/295
f 662/15/300 663/16/299 664/15/298
f 667/6/303 666/17/302 665/6/301
f 665/6/306 666/17/305 667/6/304
f 668/10/307 664/15/297 662/15/295
f 662/15/300 664/15/298 668/10/308
f 671/15/311 670/15/310 669/16/309
f 669/16/314 670/15/313 671/15/312
f 673/17/316 672/16/315 666/17/302
f 666/17/305 672/16/318 673/17/317
f 673/17/316 674/16/319 672/16/315
f 672/16/318 674/16/320 673/17/317
f 662/15/295 663/16/296 675/16/321
f 675/16/322 663/16/299 662/15/300
f 678/10/325 677/15/324 676/15/323
f 676/15/328 677/15/327 678/10/326
f 681/17/331 680/6/330 679/6/329
f 679/6/334 680/6/333 681/17/332
f 683/16/336 669/16/309 682/17/335
f 682/17/338 669/16/314 683/16/337
f 684/17/339 680/6/330 681/17/331
f 681/17/332 680/6/333 684/17/340
f 687/15/343 686/10/342 685/15/341
f 685/15/346 686/10/345 687/15/344
f 688/10/347 677/15/324 678/10/325
f 678/10/326 677/15/327 688/10/348
f 686/10/342 689/10/349 685/15/341
f 685/15/346 689/10/350 686/10/345
f 692/17/353 691/6/352 690/17/351
f 690/17/356 691/6/355 692/17/354
f 695/17/359 694/6/358 693/6/357
f 693/6/362 694/6/361 695/17/360
f 697/10/364 696/10/363 670/15/310
f 670/15/313 696/10/366 697/10/365
f 677/15/324 698/16/367 676/15/323
f 676/15/328 698/16/368 677/15/327
f 671/15/311 697/10/364 670/15/310
f 670/15/313 697/10/365 671/15/312
f 674/16/319 685/15/341 672/16/315
f 672/16/318 685/15/346 674/16/320
f 673/17/316 666/17/302 667/6/303
f 667/6/304 666/17/305 673/17/317
f 698/16/367 692/17/353 699/16/369
f 699/16/370 692/17/354 698/16/368
f 690/17/351 691/6/352 700/6/371
f 700/6/372 691/6/355 690/17/356
f 676/15/323 698/16/367 699/16/369
f 699/16/370 698/16/368 676/15/328
f 687/15/343 685/15/341 674/16/319
f 674/16/320 685/15/346 687/15/344
f 699/16/369 692/17/353 690/17/351
f 690/17/356 692/17/354 699/16/370
f 695/17/359 683/16/336 682/17/335
f 682/17/338 683/16/337 695/17/360
f 671/15/311 669/16/309 683/16/336
f 683/16/337 669/16/314 671/15/312
f 701/10/373 664/15/297 668/10/307
f 668/10/308 664/15/298 701/10/374
f 695/17/359 682/17/335 694/6/358
f 694/6/361 682/17/338 695/17/360
f 675/16/321 684/17/339 681/17/331
f 681/17/332 684/17/340 675/16/322
f 702/15/375 687/15/343 674/16/319
f 674/16/320 687/15/344 702/15/376
f 704/17/378 703/16/377 673/17/316
f 673/17/317 703/16/380 704/17/379
f 706/15/382 676/15/323 705/16/381
f 705/16/384 676/15/328 706/15/383
f 702/15/375 707/10/385 687/15/343
f 687/15/344 707/10/386 702/15/376
f 690/17/351 700/6/371 708/6/387
f 708/6/388 700/6/372 690/17/356
f 699/16/369 690/17/351 709/17/389
f 709/17/390 690/17/356 699/16/370
f 668/10/307 662/15/295 710/10/391
f 710/10/392 662/15/300 668/10/308
f 702/15/375 674/16/319 703/16/377
f 703/16/380 674/16/320 702/15/376
f 704/17/378 673/17/316 667/6/303
f 667/6/304 673/17/317 704/17/379
f 704/17/378 667/6/303 711/6/393
f 711/6/394 667/6/304 704/17/379
f 707/10/385 686/10/342 687/15/343
f 687/15/344 686/10/345 707/10/386
f 664/15/297 671/15/311 683/16/336
f 683/16/337 671/15/312 664/15/298
f 681/17/331 679/6/329 712/6/395
f 712/6/396 679/6/334 681/17/332
f 676/15/323 699/16/369 705/16/381
f 705/16/384 699/16/370 676/15/328
f 662/15/295 714/16/398 713/15/397
f 713/15/400 714/16/399 662/15/300
f 703/16/377 674/16/319 673/17/316
f 673/17/317 674/16/320 703/16/380
f 684/17/339 663/16/296 695/17/359
f 695/17/360 663/16/299 684/17/340
f 663/16/296 683/16/336 695/17/359
f 695/17/360 683/16/337 663/16/299
f 663/16/296 684/17/339 675/16/321
f 675/16/322 684/17/340 663/16/299
f 705/16/381 699/16/369 709/17/389
f 709/17/390 699/16/370 705/16/384
f 714/16/398 675/16/321 715/17/401
f 715/17/402 675/16/322 714/16/399
f 678/10/325 676/15/323 706/15/382
f 706/15/383 676/15/328 678/10/326
f 664/15/297 683/16/336 663/16/296
f 663/16/299 683/16/337 664/15/298
f 662/15/295 675/16/321 714/16/398
f 714/16/399 675/16/322 662/15/300
f 710/10/391 662/15/295 713/15/397
f 713/15/400 662/15/300 710/10/392
f 684/17/339 693/6/357 680/6/330
f 680/6/333 693/6/362 684/17/340
f 684/17/339 695/17/359 693/6/357
f 693/6/362 695/17/360 684/17/340
f 690/17/351 708/6/387 709/17/389
f 709/17/390 708/6/388 690/17/356
f 701/10/373 697/10/364 671/15/311
f 671/15/312 697/10/365 701/10/374
f 675/16/321 681/17/331 715/17/401
f 715/17/402 681/17/332 675/16/322
f 664/15/297 701/10/373 671/15/311
f 671/15/312 701/10/374 664/15/298
f 715/17/401 681/17/331 712/6/395
f 712/6/396 681/17/332 715/17/402
f 678/10/325 706/15/382 716/10/403
f 716/10/404 706/15/383 678/10/326
f 719/6/406 718/10/405 717/6/405
f 718/10/405 719/6/406 720/10/406
f 717/6/408 718/10/408 719/6/407
f 720/10/407 719/6/407 718/10/408
f 697/10/1 707/10/1 696/10/1
f 697/10/1 686/10/1 707/10/1
f 721/10/1 686/10/1 697/10/1
f 697/10/1 722/10/1 721/10/1
f 686/10/1 721/10/1 723/10/1
f 723/10/1 689/10/1 686/10/1
f 689/10/1 723/10/1 724/10/1
f 722/10/1 697/10/1 701/10/1
f 701/10/1 720/10/1 722/10/1
f 720/10/1 701/10/1 668/10/1
f 668/10/1 718/10/1 720/10/1
f 718/10/1 668/10/1 710/10/1
f 718/10/1 710/10/1 688/10/1
f 718/10/1 688/10/1 678/10/1
f 678/10/1 725/10/1 718/10/1
f 725/10/1 678/10/1 716/10/1
f 696/10/2 707/10/2 697/10/2
f 707/10/2 686/10/2 697/10/2
f 697/10/2 686/10/2 721/10/2
f 721/10/2 722/10/2 697/10/2
f 723/10/2 721/10/2 686/10/2
f 686/10/2 689/10/2 723/10/2
f 724/10/2 723/10/2 689/10/2
f 701/10/2 697/10/2 722/10/2
f 722/10/2 720/10/2 701/10/2
f 668/10/2 701/10/2 720/10/2
f 720/10/2 718/10/2 668/10/2
f 710/10/2 668/10/2 718/10/2
f 688/10/2 710/10/2 718/10/2
f 678/10/2 688/10/2 718/10/2
f 718/10/2 725/10/2 678/10/2
f 716/10/2 678/10/2 725/10/2
f 726/6/409 720/10/406 719/6/406
f 720/10/406 726/6/409 722/10/409
f 719/6/407 720/10/407 726/6/410
f 722/10/410 726/6/410 720/10/407
f 723/10/411 728/6/412 727/6/411
f 728/6/412 723/10/411 721/10/412
f 727/6/413 728/6/414 723/10/413
f 721/10/414 723/10/413 728/6/414
f 721/10/412 726/6/409 728/6/412
f 726/6/409 721/10/412 722/10/409
f 728/6/414 726/6/410 721/10/414
f 722/10/410 721/10/414 726/6/410
f 724/10/415 727/6/411 729/6/415
f 727/6/411 724/10/415 723/10/411
f 729/6/416 727/6/413 724/10/416
f 723/10/413 724/10/416 727/6/413
f 711/6/2 693/6/2 694/6/2
f 667/6/2 693/6/2 711/6/2
f 667/6/2 728/6/2 693/6/2
f 726/6/2 693/6/2 728/6/2
f 728/6/2 667/6/2 727/6/2
f 665/6/2 727/6/2 667/6/2
f 727/6/2 665/6/2 729/6/2
f 693/6/2 726/6/2 680/6/2
f 719/6/2 680/6/2 726/6/2
f 680/6/2 719/6/2 679/6/2
f 717/6/2 679/6/2 719/6/2
f 679/6/2 717/6/2 712/6/2
f 712/6/2 717/6/2 691/6/2
f 691/6/2 717/6/2 700/6/2
f 730/6/2 700/6/2 717/6/2
f 700/6/2 730/6/2 708/6/2
f 694/6/1 693/6/1 711/6/1
f 711/6/1 693/6/1 667/6/1
f 693/6/1 728/6/1 667/6/1
f 727/6/1 667/6/1 728/6/1
f 667/6/1 727/6/1 665/6/1
f 729/6/1 665/6/1 727/6/1
f 728/6/1 693/6/1 726/6/1
f 680/6/1 726/6/1 693/6/1
f 726/6/1 680/6/1 719/6/1
f 679/6/1 719/6/1 680/6/1
f 719/6/1 679/6/1 717/6/1
f 712/6/1 717/6/1 679/6/1
f 691/6/1 717/6/1 712/6/1
f 700/6/1 717/6/1 691/6/1
f 717/6/1 700/6/1 730/6/1
f 708/6/1 730/6/1 700/6/1
f 702/15/375 696/10/363 707/10/385
f 696/10/363 702/15/375 670/15/310
f 707/10/386 696/10/366 702/15/376
f 670/15/313 702/15/376 696/10/366
f 692/17/353 712/6/395 691/6/352
f 712/6/395 692/17/353 715/17/401
f 691/6/355 712/6/396 692/17/354
f 715/17/402 692/17/354 712/6/396
f 669/16/309 702/15/375 703/16/377
f 702/15/375 669/16/309 670/15/310
f 703/16/380 702/15/376 669/16/314
f 670/15/313 669/16/314 702/15/376
f 704/17/378 669/16/309 703/16/377
f 669/16/309 704/17/378 682/17/335
f 703/16/380 669/16/314 704/17/379
f 682/17/338 704/17/379 669/16/314
f 698/16/367 715/17/401 692/17/353
f 715/17/401 698/16/367 714/16/398
f 692/17/354 715/17/402 698/16/368
f 714/16/399 698/16/368 715/17/402
f 694/6/358 704/17/378 711/6/393
f 704/17/378 694/6/358 682/17/335
f 711/6/394 704/17/379 694/6/361
f 682/17/338 694/6/361 704/17/379
f 666/17/417 729/6/417 665/6/417
f 729/6/417 666/17/417 724/10/417
f 724/10/417 666/17/417 672/16/417
f 724/10/417 672/16/417 685/15/417
f 724/10/417 685/15/417 689/10/417
f 665/6/418 729/6/418 666/17/418
f 724/10/418 666/17/418 729/6/418
f 672/16/418 666/17/418 724/10/418
f 685/15/418 672/16/418 724/10/418
f 689/10/418 685/15/418 724/10/418
f 688/10/347 713/15/397 677/15/324
f 713/15/397 688/10/347 710/10/391
f 677/15/327 713/15/400 688/10/348
f 710/10/392 688/10/348 713/15/400
f 677/15/324 714/16/398 698/16/367
f 714/16/398 677/15/324 713/15/397
f 698/16/368 714/16/399 677/15/327
f 713/15/400 677/15/327 714/16/399
f 730/6/419 709/17/419 708/6/419
f 709/17/419 730/6/419 706/15/419
f 706/15/419 705/16/419 709/17/419
f 725/10/419 706/15/419 730/6/419
f 706/15/419 725/10/419 716/10/419
f 708/6/420 709/17/420 730/6/420
f 706/15/420 730/6/420 709/17/420
f 709/17/420 705/16/420 706/15/420
f 730/6/420 706/15/420 725/10/420
f 716/10/420 725/10/420 706/15/420
f 718/10/405 730/6/421 717/6/405
f 730/6/421 718/10/405 725/10/421
f 717/6/408 730/6/422 718/10/408
f 725/10/422 718/10/408 730/6/422
f 733/6/2 732/6/2 731/6/2
f 732/6/2 733/6/2 734/6/2
f 734/6/2 733/6/2 735/6/2
f 734/6/2 735/6/2 736/6/2
f 731/6/1 732/6/1 733/6/1
f 734/6/1 733/6/1 732/6/1
f 735/6/1 733/6/1 734/6/1
f 736/6/1 735/6/1 734/6/1
f 737/18/425 732/6/424 734/6/423
f 732/6/424 737/18/425 738/18/426
f 734/6/429 732/6/428 737/18/427
f 738/18/430 737/18/427 732/6/428
f 735/6/433 739/18/432 736/6/431
f 739/18/432 735/6/433 740/18/434
f 736/6/437 739/18/436 735/6/435
f 740/18/438 735/6/435 739/18/436
f 736/6/431 737/18/425 734/6/423
f 737/18/425 736/6/431 739/18/432
f 734/6/429 737/18/427 736/6/437
f 739/18/436 736/6/437 737/18/427
f 741/18/440 735/6/433 733/6/439
f 735/6/433 741/18/440 740/18/434
f 733/6/442 735/6/435 741/18/441
f 740/18/438 741/18/441 735/6/435
f 738/18/426 731/6/443 732/6/424
f 731/6/443 738/18/426 742/18/444
f 732/6/428 731/6/445 738/18/430
f 742/18/446 738/18/430 731/6/445
f 742/18/444 733/6/439 731/6/443
f 733/6/439 742/18/444 741/18/440
f 731/6/445 733/6/442 742/18/446
f 741/18/441 742/18/446 733/6/442
f 745/10/449 744/10/448 743/10/447
f 744/10/448 745/10/449 746/10/450
f 744/10/448 746/10/450 747/10/451
f 747/10/451 746/10/450 748/10/452
f 743/10/455 744/10/454 745/10/453
f 746/10/456 745/10/453 744/10/454
f 747/10/457 746/10/456 744/10/454
f 748/10/458 746/10/456 747/10/457
f 737/18/425 748/10/452 746/10/450
f 748/10/452 737/18/425 739/18/432
f 746/10/456 748/10/458 737/18/427
f 739/18/436 737/18/427 748/10/458
f 744/10/448 740/18/434 741/18/440
f 740/18/434 744/10/448 747/10/451
f 741/18/441 740/18/438 744/10/454
f 747/10/457 744/10/454 740/18/438
f 738/18/426 743/10/447 742/18/444
f 743/10/447 738/18/426 745/10/449
f 742/18/446 743/10/455 738/18/430
f 745/10/453 738/18/430 743/10/455
f 748/10/452 740/18/434 747/10/451
f 740/18/434 748/10/452 739/18/432
f 747/10/457 740/18/438 748/10/458
f 739/18/436 748/10/458 740/18/438
f 743/10/447 741/18/440 742/18/444
f 741/18/440 743/10/447 744/10/448
f 742/18/446 741/18/441 743/10/455
f 744/10/454 743/10/455 741/18/441
f 737/18/425 745/10/449 738/18/426
f 745/10/449 737/18/425 746/10/450
f 738/18/430 745/10/453 737/18/427
f 746/10/456 737/18/427 745/10/453
f 751/8/461 750/6/460 749/6/459
f 750/6/460 751/8/461 752/8/462
f 749/6/465 750/6/464 751/8/463
f 752/8/466 751/8/463 750/6/464
f 755/7/469 754/6/468 753/6/467
f 754/6/468 755/7/469 756/7/470
f 753/6/473 754/6/472 755/7/471
f 756/7/474 755/7/471 754/6/472
f 759/8/477 758/6/476 757/6/475
f 758/6/476 759/8/477 760/8/478
f 757/6/481 758/6/480 759/8/479
f 760/8/482 759/8/479 758/6/480
f 750/6/460 759/8/477 757/6/475
f 759/8/477 750/6/460 752/8/462
f 757/6/481 759/8/479 750/6/464
f 752/8/466 750/6/464 759/8/479
f 755/7/469 761/7/483 756/7/470
f 761/7/483 755/7/469 762/7/484
f 756/7/474 761/7/485 755/7/471
f 762/7/486 755/7/471 761/7/485
f 756/7/470 763/6/487 754/6/468
f 763/6/487 756/7/470 761/7/483
f 754/6/472 763/6/488 756/7/474
f 761/7/485 756/7/474 763/6/488
f 759/8/477 751/8/461 760/8/478
f 751/8/461 759/8/477 752/8/462
f 760/8/482 751/8/463 759/8/479
f 752/8/466 759/8/479 751/8/463
f 762/7/484 753/6/467 764/6/489
f 753/6/467 762/7/484 755/7/469
f 764/6/490 753/6/473 762/7/486
f 755/7/471 762/7/486 753/6/473
f 763/6/487 762/7/484 764/6/489
f 762/7/484 763/6/487 761/7/483
f 764/6/490 762/7/486 763/6/488
f 761/7/485 763/6/488 762/7/486
f 760/8/478 749/6/459 758/6/476
f 749/6/459 760/8/478 751/8/461
f 758/6/480 749/6/465 760/8/482
f 751/8/463 760/8/482 749/6/465
f 767/6/493 766/7/492 765/6/491
f 766/7/492 767/6/493 768/7/494
f 765/6/497 766/7/496 767/6/495
f 768/7/498 767/6/495 766/7/496
f 769/6/499 768/7/494 767/6/493
f 768/7/494 769/6/499 770/7/500
f 767/6/495 768/7/498 769/6/501
f 770/7/502 769/6/501 768/7/498
f 773/8/505 772/6/504 771/6/503
f 772/6/504 773/8/505 774/8/506
f 771/6/509 772/6/508 773/8/507
f 774/8/510 773/8/507 772/6/508
f 773/8/505 775/8/511 774/8/506
f 775/8/511 773/8/505 776/8/512
f 774/8/510 775/8/513 773/8/507
f 776/8/514 773/8/507 775/8/513
f 770/7/500 778/6/516 777/7/515
f 778/6/516 770/7/500 769/6/499
f 777/7/518 778/6/517 770/7/502
f 769/6/501 770/7/502 778/6/517
f 774/8/506 779/6/519 772/6/504
f 779/6/519 774/8/506 775/8/511
f 772/6/508 779/6/520 774/8/510
f 775/8/513 774/8/510 779/6/520
f 768/7/494 777/7/515 766/7/492
f 777/7/515 768/7/494 770/7/500
f 766/7/496 777/7/518 768/7/498
f 770/7/502 768/7/498 777/7/518
f 780/6/521 773/8/505 771/6/503
f 773/8/505 780/6/521 776/8/512
f 771/6/509 773/8/507 780/6/522
f 776/8/514 780/6/522 773/8/507
f 766/7/492 778/6/516 765/6/491
f 778/6/516 766/7/492 777/7/515
f 765/6/497 778/6/517 766/7/496
f 777/7/518 766/7/496 778/6/517
f 775/8/511 780/6/521 779/6/519
f 780/6/521 775/8/511 776/8/512
f 779/6/520 780/6/522 775/8/513
f 776/8/514 775/8/513 780/6/522
f 783/6/525 782/7/524 781/6/523
f 782/7/524 783/6/525 784/7/526
f 781/6/529 782/7/528 783/6/527
f 784/7/530 783/6/527 782/7/528
f 784/7/526 785/7/531 782/7/524
f 785/7/531 784/7/526 786/7/532
f 782/7/528 785/7/533 784/7/530
f 786/7/534 784/7/530 785/7/533
f 782/7/524 787/6/535 781/6/523
f 787/6/535 782/7/524 785/7/531
f 781/6/529 787/6/536 782/7/528
f 785/7/533 782/7/528 787/6/536
f 788/6/537 784/7/526 783/6/525
f 784/7/526 788/6/537 786/7/532
f 783/6/527 784/7/530 788/6/538
f 786/7/534 788/6/538 784/7/530
f 786/7/532 787/6/535 785/7/531
f 787/6/535 786/7/532 788/6/537
f 785/7/533 787/6/536 786/7/534
f 788/6/538 786/7/534 787/6/536
f 791/15/541 790/16/540 789/15/539
f 789/15/544 790/16/543 791/15/542
f 794/6/547 793/17/546 792/6/545
f 792/6/550 793/17/549 794/6/548
f 795/10/551 791/15/541 789/15/539
f 789/15/544 791/15/542 795/10/552
f 798/15/555 797/15/554 796/16/553
f 796/16/558 797/15/557 798/15/556
f 800/17/560 799/16/559 793/17/546
f 793/17/549 799/16/562 800/17/561
f 800/17/560 801/16/563 799/16/559
f 799/16/562 801/16/564 800/17/561
f 789/15/539 790/16/540 802/16/565
f 802/16/566 790/16/543 789/15/544
f 805/10/569 804/15/568 803/15/567
f 803/15/572 804/15/571 805/10/570
f 808/17/575 807/6/574 806/6/573
f 806/6/578 807/6/577 808/17/576
f 810/16/580 796/16/553 809/17/579
f 809/17/582 796/16/558 810/16/581
f 811/17/583 807/6/574 808/17/575
f 808/17/576 807/6/577 811/17/584
f 814/15/587 813/10/586 812/15/585
f 812/15/590 813/10/589 814/15/588
f 815/10/591 804/15/568 805/10/569
f 805/10/570 804/15/571 815/10/592
f 813/10/586 816/10/593 812/15/585
f 812/15/590 816/10/594 813/10/589
f 819/17/597 818/6/596 817/17/595
f 817/17/600 818/6/599 819/17/598
f 822/17/603 821/6/602 820/6/601
f 820/6/606 821/6/605 822/17/604
f 824/10/608 823/10/607 797/15/554
f 797/15/557 823/10/610 824/10/609
f 804/15/568 825/16/611 803/15/567
f 803/15/572 825/16/612 804/15/571
f 798/15/555 824/10/608 797/15/554
f 797/15/557 824/10/609 798/15/556
f 801/16/563 812/15/585 799/16/559
f 799/16/562 812/15/590 801/16/564
f 800/17/560 793/17/546 794/6/547
f 794/6/548 793/17/549 800/17/561
f 825/16/611 819/17/597 826/16/613
f 826/16/614 819/17/598 825/16/612
f 817/17/595 818/6/596 827/6/615
f 827/6/616 818/6/599 817/17/600
f 803/15/567 825/16/611 826/16/613
f 826/16/614 825/16/612 803/15/572
f 814/15/587 812/15/585 801/16/563
f 801/16/564 812/15/590 814/15/588
f 826/16/613 819/17/597 817/17/595
f 817/17/600 819/17/598 826/16/614
f 822/17/603 810/16/580 809/17/579
f 809/17/582 810/16/581 822/17/604
f 798/15/555 796/16/553 810/16/580
f 810/16/581 796/16/558 798/15/556
f 828/10/617 791/15/541 795/10/551
f 795/10/552 791/15/542 828/10/618
f 822/17/603 809/17/579 821/6/602
f 821/6/605 809/17/582 822/17/604
f 802/16/565 811/17/583 808/17/575
f 808/17/576 811/17/584 802/16/566
f 829/15/619 814/15/587 801/16/563
f 801/16/564 814/15/588 829/15/620
f 831/17/622 830/16/621 800/17/560
f 800/17/561 830/16/624 831/17/623
f 833/15/626 803/15/567 832/16/625
f 832/16/628 803/15/572 833/15/627
f 829/15/619 834/10/629 814/15/587
f 814/15/588 834/10/630 829/15/620
f 817/17/595 827/6/615 835/6/631
f 835/6/632 827/6/616 817/17/600
f 826/16/613 817/17/595 836/17/633
f 836/17/634 817/17/600 826/16/614
f 795/10/551 789/15/539 837/10/635
f 837/10/636 789/15/544 795/10/552
f 829/15/619 801/16/563 830/16/621
f 830/16/624 801/16/564 829/15/620
f 831/17/622 800/17/560 794/6/547
f 794/6/548 800/17/561 831/17/623
f 831/17/622 794/6/547 838/6/637
f 838/6/638 794/6/548 831/17/623
f 834/10/629 813/10/586 814/15/587
f 814/15/588 813/10/589 834/10/630
f 791/15/541 798/15/555 810/16/580
f 810/16/581 798/15/556 791/15/542
f 808/17/575 806/6/573 839/6/639
f 839/6/640 806/6/578 808/17/576
f 803/15/567 826/16/613 832/16/625
f 832/16/628 826/16/614 803/15/572
f 789/15/539 841/16/642 840/15/641
f 840/15/644 841/16/643 789/15/544
f 830/16/621 801/16/563 800/17/560
f 800/17/561 801/16/564 830/16/624
f 811/17/583 790/16/540 822/17/603
f 822/17/604 790/16/543 811/17/584
f 790/16/540 810/16/580 822/17/603
f 822/17/604 810/16/581 790/16/543
f 790/16/540 811/17/583 802/16/565
f 802/16/566 811/17/584 790/16/543
f 832/16/625 826/16/613 836/17/633
f 836/17/634 826/16/614 832/16/628
f 841/16/642 802/16/565 842/17/645
f 842/17/646 802/16/566 841/16/643
f 805/10/569 803/15/567 833/15/626
f 833/15/627 803/15/572 805/10/570
f 791/15/541 810/16/580 790/16/540
f 790/16/543 810/16/581 791/15/542
f 789/15/539 802/16/565 841/16/642
f 841/16/643 802/16/566 789/15/544
f 837/10/635 789/15/539 840/15/641
f 840/15/644 789/15/544 837/10/636
f 811/17/583 820/6/601 807/6/574
f 807/6/577 820/6/606 811/17/584
f 811/17/583 822/17/603 820/6/601
f 820/6/606 822/17/604 811/17/584
f 817/17/595 835/6/631 836/17/633
f 836/17/634 835/6/632 817/17/600
f 828/10/617 824/10/608 798/15/555
f 798/15/556 824/10/609 828/10/618
f 802/16/565 808/17/575 842/17/645
f 842/17/646 808/17/576 802/16/566
f 791/15/541 828/10/617 798/15/555
f 798/15/556 828/10/618 791/15/542
f 842/17/645 808/17/575 839/6/639
f 839/6/640 808/17/576 842/17/646
f 805/10/569 833/15/626 843/10/647
f 843/10/648 833/15/627 805/10/570
f 846/6/650 845/10/649 844/6/649
f 845/10/649 846/6/650 847/10/650
f 844/6/652 845/10/652 846/6/651
f 847/10/651 846/6/651 845/10/652
f 824/10/1 834/10/1 823/10/1
f 824/10/1 813/10/1 834/10/1
f 848/10/1 813/10/1 824/10/1
f 824/10/1 849/10/1 848/10/1
f 813/10/1 848/10/1 850/10/1
f 850/10/1 816/10/1 813/10/1
f 816/10/1 850/10/1 851/10/1
f 849/10/1 824/10/1 828/10/1
f 828/10/1 847/10/1 849/10/1
f 847/10/1 828/10/1 795/10/1
f 795/10/1 845/10/1 847/10/1
f 845/10/1 795/10/1 837/10/1
f 845/10/1 837/10/1 815/10/1
f 845/10/1 815/10/1 805/10/1
f 805/10/1 852/10/1 845/10/1
f 852/10/1 805/10/1 843/10/1
f 823/10/2 834/10/2 824/10/2
f 834/10/2 813/10/2 824/10/2
f 824/10/2 813/10/2 848/10/2
f 848/10/2 849/10/2 824/10/2
f 850/10/2 848/10/2 813/10/2
f 813/10/2 816/10/2 850/10/2
f 851/10/2 850/10/2 816/10/2
f 828/10/2 824/10/2 849/10/2
f 849/10/2 847/10/2 828/10/2
f 795/10/2 828/10/2 847/10/2
f 847/10/2 845/10/2 795/10/2
f 837/10/2 795/10/2 845/10/2
f 815/10/2 837/10/2 845/10/2
f 805/10/2 815/10/2 845/10/2
f 845/10/2 852/10/2 805/10/2
f 843/10/2 805/10/2 852/10/2
f 853/6/653 847/10/650 846/6/650
f 847/10/650 853/6/653 849/10/653
f 846/6/651 847/10/651 853/6/654
f 849/10/654 853/6/654 847/10/651
f 850/10/655 855/6/656 854/6/655
f 855/6/656 850/10/655 848/10/656
f 854/6/657 855/6/658 850/10/657
f 848/10/658 850/10/657 855/6/658
f 848/10/656 853/6/653 855/6/656
f 853/6/653 848/10/656 849/10/653
f 855/6/658 853/6/654 848/10/658
f 849/10/654 848/10/658 853/6/654
f 851/10/659 854/6/655 856/6/659
f 854/6/655 851/10/659 850/10/655
f 856/6/660 854/6/657 851/10/660
f 850/10/657 851/10/660 854/6/657
f 838/6/2 820/6/2 821/6/2
f 794/6/2 820/6/2 838/6/2
f 794/6/2 855/6/2 820/6/2
f 853/6/2 820/6/2 855/6/2
f 855/6/2 794/6/2 854/6/2
f 792/6/2 854/6/2 794/6/2
f 854/6/2 792/6/2 856/6/2
f 820/6/2 853/6/2 807/6/2
f 846/6/2 807/6/2 853/6/2
f 807/6/2 846/6/2 806/6/2
f 844/6/2 806/6/2 846/6/2
f 806/6/2 844/6/2 839/6/2
f 839/6/2 844/6/2 818/6/2
f 818/6/2 844/6/2 827/6/2
f 857/6/2 827/6/2 844/6/2
f 827/6/2 857/6/2 835/6/2
f 821/6/1 820/6/1 838/6/1
f 838/6/1 820/6/1 794/6/1
f 820/6/1 855/6/1 794/6/1
f 854/6/1 794/6/1 855/6/1
f 794/6/1 854/6/1 792/6/1
f 856/6/1 792/6/1 854/6/1
f 855/6/1 820/6/1 853/6/1
f 807/6/1 853/6/1 820/6/1
f 853/6/1 807/6/1 846/6/1
f 806/6/1 846/6/1 807/6/1
f 846/6/1 806/6/1 844/6/1
f 839/6/1 844/6/1 806/6/1
f 818/6/1 844/6/1 839/6/1
f 827/6/1 844/6/1 818/6/1
f 844/6/1 827/6/1 857/6/1
f 835/6/1 857/6/1 827/6/1
f 829/15/619 823/10/607 834/10/629
f 823/10/607 829/15/619 797/15/554
f 834/10/630 823/10/610 829/15/620
f 797/15/557 829/15/620 823/10/610
f 819/17/597 839/6/639 818/6/596
f 839/6/639 819/17/597 842/17/645
f 818/6/599 839/6/640 819/17/598
f 842/17/646 819/17/598 839/6/640
f 796/16/553 829/15/619 830/16/621
f 829/15/619 796/16/553 797/15/554
f 830/16/624 829/15/620 796/16/558
f 797/15/557 796/16/558 829/15/620
f 831/17/622 796/16/553 830/16/621
f 796/16/553 831/17/622 809/17/579
f 830/16/624 796/16/558 831/17/623
f 809/17/582 831/17/623 796/16/558
f 825/16/611 842/17/645 819/17/597
f 842/17/645 825/16/611 841/16/642
f 819/17/598 842/17/646 825/16/612
f 841/16/643 825/16/612 842/17/646
f 821/6/602 831/17/622 838/6/637
f 831/17/622 821/6/602 809/17/579
f 838/6/638 831/17/623 821/6/605
f 809/17/582 821/6/605 831/17/623
f 793/17/661 856/6/661 792/6/661
f 856/6/661 793/17/661 851/10/661
f 851/10/661 793/17/661 799/16/661
f 851/10/661 799/16/661 812/15/661
f 851/10/661 812/15/661 816/10/661
f 792/6/662 856/6/662 793/17/662
f 851/10/662 793/17/662 856/6/662
f 799/16/662 793/17/662 851/10/662
f 812/15/662 799/16/662 851/10/662
f 816/10/662 812/15/662 851/10/662
f 815/10/591 840/15/641 804/15/568
f 840/15/641 815/10/591 837/10/635
f 804/15/571 840/15/644 815/10/592
f 837/10/636 815/10/592 840/15/644
f 804/15/568 841/16/642 825/16/611
f 841/16/642 804/15/568 840/15/641
f 825/16/612 841/16/643 804/15/571
f 840/15/644 804/15/571 841/16/643
f 857/6/663 836/17/663 835/6/663
f 836/17/663 857/6/663 833/15/663
f 833/15/663 832/16/663 836/17/663
f 852/10/663 833/15/663 857/6/663
f 833/15/663 852/10/663 843/10/663
f 835/6/664 836/17/664 857/6/664
f 833/15/664 857/6/664 836/17/664
f 836/17/664 832/16/664 833/15/664
f 857/6/664 833/15/664 852/10/664
f 843/10/664 852/10/664 833/15/664
f 845/10/649 857/6/665 844/6/649
f 857/6/665 845/10/649 852/10/665
f 844/6/652 857/6/666 845/10/652
f 852/10/666 845/10/652 857/6/666
f 860/6/2 859/6/2 858/6/2
f 859/6/2 860/6/2 861/6/2
f 861/6/2 860/6/2 862/6/2
f 861/6/2 862/6/2 863/6/2
f 858/6/1 859/6/1 860/6/1
f 861/6/1 860/6/1 859/6/1
f 862/6/1 860/6/1 861/6/1
f 863/6/1 862/6/1 861/6/1
f 864/18/669 859/6/668 861/6/667
f 859/6/668 864/18/669 865/18/670
f 861/6/673 859/6/672 864/18/671
f 865/18/674 864/18/671 859/6/672
f 862/6/677 866/18/676 863/6/675
f 866/18/676 862/6/677 867/18/678
f 863/6/681 866/18/680 862/6/679
f 867/18/682 862/6/679 866/18/680
f 863/6/675 864/18/669 861/6/667
f 864/18/669 863/6/675 866/18/676
f 861/6/673 864/18/671 863/6/681
f 866/18/680 863/6/681 864/18/671
f 868/18/684 862/6/677 860/6/683
f 862/6/677 868/18/684 867/18/678
f 860/6/686 862/6/679 868/18/685
f 867/18/682 868/18/685 862/6/679
f 865/18/670 858/6/687 859/6/668
f 858/6/687 865/18/670 869/18/688
f 859/6/672 858/6/689 865/18/674
f 869/18/690 865/18/674 858/6/689
f 869/18/688 860/6/683 858/6/687
f 860/6/683 869/18/688 868/18/684
f 858/6/689 860/6/686 869/18/690
f 868/18/685 869/18/690 860/6/686
f 872/10/693 871/10/692 870/10/691
f 871/10/692 872/10/693 873/10/694
f 871/10/692 873/10/694 874/10/695
f 874/10/695 873/10/694 875/10/696
f 870/10/699 871/10/698 872/10/697
f 873/10/700 872/10/697 871/10/698
f 874/10/701 873/10/700 871/10/698
f 875/10/702 873/10/700 874/10/701
f 864/18/669 875/10/696 873/10/694
f 875/10/696 864/18/669 866/18/676
f 873/10/700 875/10/702 864/18/671
f 866/18/680 864/18/671 875/10/702
f 871/10/692 867/18/678 868/18/684
f 867/18/678 871/10/692 874/10/695
f 868/18/685 867/18/682 871/10/698
f 874/10/701 871/10/698 867/18/682
f 865/18/670 870/10/691 869/18/688
f 870/10/691 865/18/670 872/10/693
f 869/18/690 870/10/699 865/18/674
f 872/10/697 865/18/674 870/10/699
f 875/10/696 867/18/678 874/10/695
f 867/18/678 875/10/696 866/18/676
f 874/10/701 867/18/682 875/10/702
f 866/18/680 875/10/702 867/18/682
f 870/10/691 868/18/684 869/18/688
f 868/18/684 870/10/691 871/10/692
f 869/18/690 868/18/685 870/10/699
f 871/10/698 870/10/699 868/18/685
f 864/18/669 872/10/693 865/18/670
f 872/10/693 864/18/669 873/10/694
f 865/18/674 872/10/697 864/18/671
f 873/10/700 864/18/671 872/10/697
f 878/8/28 877/6/19 876/6/27
f 877/6/19 878/8/28 879/8/21
f 876/6/30 877/6/25 878/8/29
f 879/8/23 878/8/29 877/6/25
f 882/7/12 881/6/3 880/6/11
f 881/6/3 882/7/12 883/7/5
f 880/6/13 881/6/9 882/7/14
f 883/7/7 882/7/14 881/6/9
f 886/8/22 885/6/31 884/6/20
f 885/6/31 886/8/22 887/8/32
f 884/6/24 885/6/33 886/8/26
f 887/8/34 886/8/26 885/6/33
f 877/6/19 886/8/22 884/6/20
f 886/8/22 877/6/19 879/8/21
f 884/6/24 886/8/26 877/6/25
f 879/8/23 877/6/25 886/8/26
f 882/7/12 888/7/6 883/7/5
f 888/7/6 882/7/12 889/7/16
f 883/7/7 888/7/10 882/7/14
f 889/7/17 882/7/14 888/7/10
f 883/7/5 890/6/4 881/6/3
f 890/6/4 883/7/5 888/7/6
f 881/6/9 890/6/8 883/7/7
f 888/7/10 883/7/7 890/6/8
f 886/8/22 878/8/28 887/8/32
f 878/8/28 886/8/22 879/8/21
f 887/8/34 878/8/29 886/8/26
f 879/8/23 886/8/26 878/8/29
f 889/7/16 880/6/11 891/6/15
f 880/6/11 889/7/16 882/7/12
f 891/6/18 880/6/13 889/7/17
f 882/7/14 889/7/17 880/6/13
f 890/6/4 889/7/16 891/6/15
f 889/7/16 890/6/4 888/7/6
f 891/6/18 889/7/17 890/6/8
f 888/7/10 890/6/8 889/7/17
f 887/8/32 876/6/27 885/6/31
f 876/6/27 887/8/32 878/8/28
f 885/6/33 876/6/30 887/8/34
f 878/8/29 887/8/34 876/6/30
f 894/6/44 893/7/45 892/6/46
f 893/7/45 894/6/44 895/7/43
f 892/6/50 893/7/47 894/6/48
f 895/7/49 894/6/48 893/7/47
f 896/6/65 895/7/43 894/6/44
f 895/7/43 896/6/65 897/7/59
f 894/6/48 895/7/49 896/6/66
f 897/7/62 896/6/66 895/7/49
f 900/8/38 899/6/51 898/6/36
f 899/6/51 900/8/38 901/8/52
f 898/6/40 899/6/53 900/8/42
f 901/8/54 900/8/42 899/6/53
f 900/8/38 902/8/56 901/8/52
f 902/8/56 900/8/38 903/8/37
f 901/8/54 902/8/57 900/8/42
f 903/8/39 900/8/42 902/8/57
f 897/7/59 905/6/63 904/7/60
f 905/6/63 897/7/59 896/6/65
f 904/7/61 905/6/64 897/7/62
f 896/6/66 897/7/62 905/6/64
f 901/8/52 906/6/55 899/6/51
f 906/6/55 901/8/52 902/8/56
f 899/6/53 906/6/58 901/8/54
f 902/8/57 901/8/54 906/6/58
f 895/7/43 904/7/60 893/7/45
f 904/7/60 895/7/43 897/7/59
f 893/7/47 904/7/61 895/7/49
f 897/7/62 895/7/49 904/7/61
f 907/6/35 900/8/38 898/6/36
f 900/8/38 907/6/35 903/8/37
f 898/6/40 900/8/42 907/6/41
f 903/8/39 907/6/41 900/8/42
f 893/7/45 905/6/63 892/6/46
f 905/6/63 893/7/45 904/7/60
f 892/6/50 905/6/64 893/7/47
f 904/7/61 893/7/47 905/6/64
f 902/8/56 907/6/35 906/6/55
f 907/6/35 902/8/56 903/8/37
f 906/6/58 907/6/41 902/8/57
f 903/8/39 902/8/57 907/6/41
f 910/6/705 909/7/704 908/6/703
f 909/7/704 910/6/705 911/7/706
f 908/6/709 909/7/708 910/6/707
f 911/7/710 910/6/707 909/7/708
f 911/7/706 912/7/711 909/7/704
f 912/7/711 911/7/706 913/7/712
f 909/7/708 912/7/713 911/7/710
f 913/7/714 911/7/710 912/7/713
f 909/7/704 914/6/715 908/6/703
f 914/6/715 909/7/704 912/7/711
f 908/6/709 914/6/716 909/7/708
f 912/7/713 909/7/708 914/6/716
f 915/6/717 911/7/706 910/6/705
f 911/7/706 915/6/717 913/7/712
f 910/6/707 911/7/710 915/6/718
f 913/7/714 915/6/718 911/7/710
f 913/7/712 914/6/715 912/7/711
f 914/6/715 913/7/712 915/6/717
f 912/7/713 914/6/716 913/7/714
f 915/6/718 913/7/714 914/6/716
f 918/15/721 917/16/720 916/15/719
f 916/15/724 917/16/723 918/15/722
f 921/6/727 920/17/726 919/6/725
f 919/6/730 920/17/729 921/6/728
f 922/10/731 918/15/721 916/15/719
f 916/15/724 918/15/722 922/10/732
f 925/15/735 924/15/734 923/16/733
f 923/16/738 924/15/737 925/15/736
f 927/17/740 926/16/739 920/17/726
f 920/17/729 926/16/742 927/17/741
f 927/17/740 928/16/743 926/16/739
f 926/16/742 928/16/744 927/17/741
f 916/15/719 917/16/720 929/16/745
f 929/16/746 917/16/723 916/15/724
f 932/10/749 931/15/748 930/15/747
f 930/15/752 931/15/751 932/10/750
f 935/17/755 934/6/754 933/6/753
f 933/6/758 934/6/757 935/17/756
f 937/16/760 923/16/733 936/17/759
f 936/17/762 923/16/738 937/16/761
f 938/17/763 934/6/754 935/17/755
f 935/17/756 934/6/757 938/17/764
f 941/15/767 940/10/766 939/15/765
f 939/15/770 940/10/769 941/15/768
f 942/10/771 931/15/748 932/10/749
f 932/10/750 931/15/751 942/10/772
f 940/10/766 943/10/773 939/15/765
f 939/15/770 943/10/774 940/10/769
f 946/17/777 945/6/776 944/17/775
f 944/17/780 945/6/779 946/17/778
f 949/17/783 948/6/782 947/6/781
f 947/6/786 948/6/785 949/17/784
f 951/10/788 950/10/787 924/15/734
f 924/15/737 950/10/790 951/10/789
f 931/15/748 952/16/791 930/15/747
f 930/15/752 952/16/792 931/15/751
f 925/15/735 951/10/788 924/15/734
f 924/15/737 951/10/789 925/15/736
f 928/16/743 939/15/765 926/16/739
f 926/16/742 939/15/770 928/16/744
f 927/17/740 920/17/726 921/6/727
f 921/6/728 920/17/729 927/17/741
f 952/16/791 946/17/777 953/16/793
f 953/16/794 946/17/778 952/16/792
f 944/17/775 945/6/776 954/6/795
f 954/6/796 945/6/779 944/17/780
f 930/15/747 952/16/791 953/16/793
f 953/16/794 952/16/792 930/15/752
f 941/15/767 939/15/765 928/16/743
f 928/16/744 939/15/770 941/15/768
f 953/16/793 946/17/777 944/17/775
f 944/17/780 946/17/778 953/16/794
f 949/17/783 937/16/760 936/17/759
f 936/17/762 937/16/761 949/17/784
f 925/15/735 923/16/733 937/16/760
f 937/16/761 923/16/738 925/15/736
f 955/10/797 918/15/721 922/10/731
f 922/10/732 918/15/722 955/10/798
f 949/17/783 936/17/759 948/6/782
f 948/6/785 936/17/762 949/17/784
f 929/16/745 938/17/763 935/17/755
f 935/17/756 938/17/764 929/16/746
f 956/15/799 941/15/767 928/16/743
f 928/16/744 941/15/768 956/15/800
f 958/17/802 957/16/801 927/17/740
f 927/17/741 957/16/804 958/17/803
f 960/15/806 930/15/747 959/16/805
f 959/16/808 930/15/752 960/15/807
f 956/15/799 961/10/809 941/15/767
f 941/15/768 961/10/810 956/15/800
f 944/17/775 954/6/795 962/6/811
f 962/6/812 954/6/796 944/17/780
f 953/16/793 944/17/775 963/17/813
f 963/17/814 944/17/780 953/16/794
f 922/10/731 916/15/719 964/10/815
f 964/10/816 916/15/724 922/10/732
f 956/15/799 928/16/743 957/16/801
f 957/16/804 928/16/744 956/15/800
f 958/17/802 927/17/740 921/6/727
f 921/6/728 927/17/741 958/17/803
f 958/17/802 921/6/727 965/6/817
f 965/6/818 921/6/728 958/17/803
f 961/10/809 940/10/766 941/15/767
f 941/15/768 940/10/769 961/10/810
f 918/15/721 925/15/735 937/16/760
f 937/16/761 925/15/736 918/15/722
f 935/17/755 933/6/753 966/6/819
f 966/6/820 933/6/758 935/17/756
f 930/15/747 953/16/793 959/16/805
f 959/16/808 953/16/794 930/15/752
f 916/15/719 968/16/822 967/15/821
f 967/15/824 968/16/823 916/15/724
f 957/16/801 928/16/743 927/17/740
f 927/17/741 928/16/744 957/16/804
f 938/17/763 917/16/720 949/17/783
f 949/17/784 917/16/723 938/17/764
f 917/16/720 937/16/760 949/17/783
f 949/17/784 937/16/761 917/16/723
f 917/16/720 938/17/763 929/16/745
f 929/16/746 938/17/764 917/16/723
f 959/16/805 953/16/793 963/17/813
f 963/17/814 953/16/794 959/16/808
f 968/16/822 929/16/745 969/17/825
f 969/17/826 929/16/746 968/16/823
f 932/10/749 930/15/747 960/15/806
f 960/15/807 930/15/752 932/10/750
f 918/15/721 937/16/760 917/16/720
f 917/16/723 937/16/761 918/15/722
f 916/15/719 929/16/745 968/16/822
f 968/16/823 929/16/746 916/15/724
f 964/10/815 916/15/719 967/15/821
f 967/15/824 916/15/724 964/10/816
f 938/17/763 947/6/781 934/6/754
f 934/6/757 947/6/786 938/17/764
f 938/17/763 949/17/783 947/6/781
f 947/6/786 949/17/784 938/17/764
f 944/17/775 962/6/811 963/17/813
f 963/17/814 962/6/812 944/17/780
f 955/10/797 951/10/788 925/15/735
f 925/15/736 951/10/789 955/10/798
f 929/16/745 935/17/755 969/17/825
f 969/17/826 935/17/756 929/16/746
f 918/15/721 955/10/797 925/15/735
f 925/15/736 955/10/798 918/15/722
f 969/17/825 935/17/755 966/6/819
f 966/6/820 935/17/756 969/17/826
f 932/10/749 960/15/806 970/10/827
f 970/10/828 960/15/807 932/10/750
f 973/6/407 972/10/408 971/6/408
f 972/10/408 973/6/407 974/10/407
f 971/6/405 972/10/405 973/6/406
f 974/10/406 973/6/406 972/10/405
f 951/10/1 961/10/1 950/10/1
f 951/10/1 940/10/1 961/10/1
f 975/10/1 940/10/1 951/10/1
f 951/10/1 976/10/1 975/10/1
f 940/10/1 975/10/1 977/10/1
f 977/10/1 943/10/1 940/10/1
f 943/10/1 977/10/1 978/10/1
f 976/10/1 951/10/1 955/10/1
f 955/10/1 974/10/1 976/10/1
f 974/10/1 955/10/1 922/10/1
f 922/10/1 972/10/1 974/10/1
f 972/10/1 922/10/1 964/10/1
f 972/10/1 964/10/1 942/10/1
f 972/10/1 942/10/1 932/10/1
f 932/10/1 979/10/1 972/10/1
f 979/10/1 932/10/1 970/10/1
f 950/10/2 961/10/2 951/10/2
f 961/10/2 940/10/2 951/10/2
f 951/10/2 940/10/2 975/10/2
f 975/10/2 976/10/2 951/10/2
f 977/10/2 975/10/2 940/10/2
f 940/10/2 943/10/2 977/10/2
f 978/10/2 977/10/2 943/10/2
f 955/10/2 951/10/2 976/10/2
f 976/10/2 974/10/2 955/10/2
f 922/10/2 955/10/2 974/10/2
f 974/10/2 972/10/2 922/10/2
f 964/10/2 922/10/2 972/10/2
f 942/10/2 964/10/2 972/10/2
f 932/10/2 942/10/2 972/10/2
f 972/10/2 979/10/2 932/10/2
f 970/10/2 932/10/2 979/10/2
f 980/6/410 974/10/407 973/6/407
f 974/10/407 980/6/410 976/10/410
f 973/6/406 974/10/406 980/6/409
f 976/10/409 980/6/409 974/10/406
f 977/10/413 982/6/414 981/6/413
f 982/6/414 977/10/413 975/10/414
f 981/6/411 982/6/412 977/10/411
f 975/10/412 977/10/411 982/6/412
f 975/10/414 980/6/410 982/6/414
f 980/6/410 975/10/414 976/10/410
f 982/6/412 980/6/409 975/10/412
f 976/10/409 975/10/412 980/6/409
f 978/10/416 981/6/413 983/6/416
f 981/6/413 978/10/416 977/10/413
f 983/6/415 981/6/411 978/10/415
f 977/10/411 978/10/415 981/6/411
f 965/6/2 947/6/2 948/6/2
f 921/6/2 947/6/2 965/6/2
f 921/6/2 982/6/2 947/6/2
f 980/6/2 947/6/2 982/6/2
f 982/6/2 921/6/2 981/6/2
f 919/6/2 981/6/2 921/6/2
f 981/6/2 919/6/2 983/6/2
f 947/6/2 980/6/2 934/6/2
f 973/6/2 934/6/2 980/6/2
f 934/6/2 973/6/2 933/6/2
f 971/6/2 933/6/2 973/6/2
f 933/6/2 971/6/2 966/6/2
f 966/6/2 971/6/2 945/6/2
f 945/6/2 971/6/2 954/6/2
f 984/6/2 954/6/2 971/6/2
f 954/6/2 984/6/2 962/6/2
f 948/6/1 947/6/1 965/6/1
f 965/6/1 947/6/1 921/6/1
f 947/6/1 982/6/1 921/6/1
f 981/6/1 921/6/1 982/6/1
f 921/6/1 981/6/1 919/6/1
f 983/6/1 919/6/1 981/6/1
f 982/6/1 947/6/1 980/6/1
f 934/6/1 980/6/1 947/6/1
f 980/6/1 934/6/1 973/6/1
f 933/6/1 973/6/1 934/6/1
f 973/6/1 933/6/1 971/6/1
f 966/6/1 971/6/1 933/6/1
f 945/6/1 971/6/1 966/6/1
f 954/6/1 971/6/1 945/6/1
f 971/6/1 954/6/1 984/6/1
f 962/6/1 984/6/1 954/6/1
f 956/15/799 950/10/787 961/10/809
f 950/10/787 956/15/799 924/15/734
f 961/10/810 950/10/790 956/15/800
f 924/15/737 956/15/800 950/10/790
f 946/17/777 966/6/819 945/6/776
f 966/6/819 946/17/777 969/17/825
f 945/6/779 966/6/820 946/17/778
f 969/17/826 946/17/778 966/6/820
f 923/16/733 956/15/799 957/16/801
f 956/15/799 923/16/733 924/15/734
f 957/16/804 956/15/800 923/16/738
f 924/15/737 923/16/738 956/15/800
f 958/17/802 923/16/733 957/16/801
f 923/16/733 958/17/802 936/17/759
f 957/16/804 923/16/738 958/17/803
f 936/17/762 958/17/803 923/16/738
f 952/16/791 969/17/825 946/17/777
f 969/17/825 952/16/791 968/16/822
f 946/17/778 969/17/826 952/16/792
f 968/16/823 952/16/792 969/17/826
f 948/6/782 958/17/802 965/6/817
f 958/17/802 948/6/782 936/17/759
f 965/6/818 958/17/803 948/6/785
f 936/17/762 948/6/785 958/17/803
f 920/17/829 983/6/829 919/6/829
f 983/6/829 920/17/829 978/10/829
f 978/10/829 920/17/829 926/16/829
f 978/10/829 926/16/829 939/15/829
f 978/10/829 939/15/829 943/10/829
f 919/6/830 983/6/830 920/17/830
f 978/10/830 920/17/830 983/6/830
f 926/16/830 920/17/830 978/10/830
f 939/15/830 926/16/830 978/10/830
f 943/10/830 939/15/830 978/10/830
f 942/10/771 967/15/821 931/15/748
f 967/15/821 942/10/771 964/10/815
f 931/15/751 967/15/824 942/10/772
f 964/10/816 942/10/772 967/15/824
f 931/15/748 968/16/822 952/16/791
f 968/16/822 931/15/748 967/15/821
f 952/16/792 968/16/823 931/15/751
f 967/15/824 931/15/751 968/16/823
f 984/6/831 963/17/831 962/6/831
f 963/17/831 984/6/831 960/15/831
f 960/15/831 959/16/831 963/17/831
f 979/10/831 960/15/831 984/6/831
f 960/15/831 979/10/831 970/10/831
f 962/6/832 963/17/832 984/6/832
f 960/15/832 984/6/832 963/17/832
f 963/17/832 959/16/832 960/15/832
f 984/6/832 960/15/832 979/10/832
f 970/10/832 979/10/832 960/15/832
f 972/10/408 984/6/422 971/6/408
f 984/6/422 972/10/408 979/10/422
f 971/6/405 984/6/421 972/10/405
f 979/10/421 972/10/405 984/6/421
f 987/6/2 986/6/2 985/6/2
f 986/6/2 987/6/2 988/6/2
f 988/6/2 987/6/2 989/6/2
f 988/6/2 989/6/2 990/6/2
f 985/6/1 986/6/1 987/6/1
f 988/6/1 987/6/1 986/6/1
f 989/6/1 987/6/1 988/6/1
f 990/6/1 989/6/1 988/6/1
f 991/18/440 986/6/433 988/6/439
f 986/6/433 991/18/440 992/18/434
f 988/6/442 986/6/435 991/18/441
f 992/18/438 991/18/441 986/6/435
f 989/6/424 993/18/444 990/6/443
f 993/18/444 989/6/424 994/18/426
f 990/6/445 993/18/446 989/6/428
f 994/18/430 989/6/428 993/18/446
f 990/6/443 991/18/440 988/6/439
f 991/18/440 990/6/443 993/18/444
f 988/6/442 991/18/441 990/6/445
f 993/18/446 990/6/445 991/18/441
f 995/18/425 989/6/424 987/6/423
f 989/6/424 995/18/425 994/18/426
f 987/6/429 989/6/428 995/18/427
f 994/18/430 995/18/427 989/6/428
f 992/18/434 985/6/431 986/6/433
f 985/6/431 992/18/434 996/18/432
f 986/6/435 985/6/437 992/18/438
f 996/18/436 992/18/438 985/6/437
f 996/18/432 987/6/423 985/6/431
f 987/6/423 996/18/432 995/18/425
f 985/6/437 987/6/429 996/18/436
f 995/18/427 996/18/436 987/6/429
f 999/10/451 998/10/450 997/10/452
f 998/10/450 999/10/451 1000/10/448
f 998/10/450 1000/10/448 1001/10/449
f 1001/10/449 1000/10/448 1002/10/447
f 997/10/458 998/10/456 999/10/457
f 1000/10/454 999/10/457 998/10/456
f 1001/10/453 1000/10/454 998/10/456
f 1002/10/455 1000/10/454 1001/10/453
f 991/18/440 1002/10/447 1000/10/448
f 1002/10/447 991/18/440 993/18/444
f 1000/10/454 1002/10/455 991/18/441
f 993/18/446 991/18/441 1002/10/455
f 998/10/450 994/18/426 995/18/425
f 994/18/426 998/10/450 1001/10/449
f 995/18/427 994/18/430 998/10/456
f 1001/10/453 998/10/456 994/18/430
f 992/18/434 997/10/452 996/18/432
f 997/10/452 992/18/434 999/10/451
f 996/18/436 997/10/458 992/18/438
f 999/10/457 992/18/438 997/10/458
f 1002/10/447 994/18/426 1001/10/449
f 994/18/426 1002/10/447 993/18/444
f 1001/10/453 994/18/430 1002/10/455
f 993/18/446 1002/10/455 994/18/430
f 997/10/452 995/18/425 996/18/432
f 995/18/425 997/10/452 998/10/450
f 996/18/436 995/18/427 997/10/458
f 998/10/456 997/10/458 995/18/427
f 991/18/440 999/10/451 992/18/434
f 999/10/451 991/18/440 1000/10/448
f 992/18/438 999/10/457 991/18/441
f 1000/10/454 991/18/441 999/10/457
f 1005/8/835 1004/6/834 1003/6/833
f 1004/6/834 1005/8/835 1006/8/836
f 1003/6/839 1004/6/838 1005/8/837
f 1006/8/840 1005/8/837 1004/6/838
f 1009/7/843 1008/6/842 1007/6/841
f 1008/6/842 1009/7/843 1010/7/844
f 1007/6/847 1008/6/846 1009/7/845
f 1010/7/848 1009/7/845 1008/6/846
f 1013/8/851 1012/6/850 1011/6/849
f 1012/6/850 1013/8/851 1014/8/852
f 1011/6/855 1012/6/854 1013/8/853
f 1014/8/856 1013/8/853 1012/6/854
f 1004/6/834 1013/8/851 1011/6/849
f 1013/8/851 1004/6/834 1006/8/836
f 1011/6/855 1013/8/853 1004/6/838
f 1006/8/840 1004/6/838 1013/8/853
f 1009/7/843 1015/7/857 1010/7/844
f 1015/7/857 1009/7/843 1016/7/858
f 1010/7/848 1015/7/859 1009/7/845
f 1016/7/860 1009/7/845 1015/7/859
f 1010/7/844 1017/6/861 1008/6/842
f 1017/6/861 1010/7/844 1015/7/857
f 1008/6/846 1017/6/862 1010/7/848
f 1015/7/859 1010/7/848 1017/6/862
f 1013/8/851 1005/8/835 1014/8/852
f 1005/8/835 1013/8/851 1006/8/836
f 1014/8/856 1005/8/837 1013/8/853
f 1006/8/840 1013/8/853 1005/8/837
f 1016/7/858 1007/6/841 1018/6/863
f 1007/6/841 1016/7/858 1009/7/843
f 1018/6/864 1007/6/847 1016/7/860
f 1009/7/845 1016/7/860 1007/6/847
f 1017/6/861 1016/7/858 1018/6/863
f 1016/7/858 1017/6/861 1015/7/857
f 1018/6/864 1016/7/860 1017/6/862
f 1015/7/859 1017/6/862 1016/7/860
f 1014/8/852 1003/6/833 1012/6/850
f 1003/6/833 1014/8/852 1005/8/835
f 1012/6/854 1003/6/839 1014/8/856
f 1005/8/837 1014/8/856 1003/6/839
f 1021/6/867 1020/7/866 1019/6/865
f 1020/7/866 1021/6/867 1022/7/868
f 1019/6/871 1020/7/870 1021/6/869
f 1022/7/872 1021/6/869 1020/7/870
f 1023/6/873 1022/7/868 1021/6/867
f 1022/7/868 1023/6/873 1024/7/874
f 1021/6/869 1022/7/872 1023/6/875
f 1024/7/876 1023/6/875 1022/7/872
f 1027/8/879 1026/6/878 1025/6/877
f 1026/6/878 1027/8/879 1028/8/880
f 1025/6/883 1026/6/882 1027/8/881
f 1028/8/884 1027/8/881 1026/6/882
f 1027/8/879 1029/8/885 1028/8/880
f 1029/8/885 1027/8/879 1030/8/886
f 1028/8/884 1029/8/887 1027/8/881
f 1030/8/888 1027/8/881 1029/8/887
f 1024/7/874 1032/6/890 1031/7/889
f 1032/6/890 1024/7/874 1023/6/873
f 1031/7/892 1032/6/891 1024/7/876
f 1023/6/875 1024/7/876 1032/6/891
f 1028/8/880 1033/6/893 1026/6/878
f 1033/6/893 1028/8/880 1029/8/885
f 1026/6/882 1033/6/894 1028/8/884
f 1029/8/887 1028/8/884 1033/6/894
f 1022/7/868 1031/7/889 1020/7/866
f 1031/7/889 1022/7/868 1024/7/874
f 1020/7/870 1031/7/892 1022/7/872
f 1024/7/876 1022/7/872 1031/7/892
f 1034/6/895 1027/8/879 1025/6/877
f 1027/8/879 1034/6/895 1030/8/886
f 1025/6/883 1027/8/881 1034/6/896
f 1030/8/888 1034/6/896 1027/8/881
f 1020/7/866 1032/6/890 1019/6/865
f 1032/6/890 1020/7/866 1031/7/889
f 1019/6/871 1032/6/891 1020/7/870
f 1031/7/892 1020/7/870 1032/6/891
f 1029/8/885 1034/6/895 1033/6/893
f 1034/6/895 1029/8/885 1030/8/886
f 1033/6/894 1034/6/896 1029/8/887
f 1030/8/888 1029/8/887 1034/6/896
f 1037/6/899 1036/7/898 1035/6/897
f 1036/7/898 1037/6/899 1038/7/900
f 1035/6/903 1036/7/902 1037/6/901
f 1038/7/904 1037/6/901 1036/7/902
f 1038/7/900 1039/7/905 1036/7/898
f 1039/7/905 1038/7/900 1040/7/906
f 1036/7/902 1039/7/907 1038/7/904
f 1040/7/908 1038/7/904 1039/7/907
f 1036/7/898 1041/6/909 1035/6/897
f 1041/6/909 1036/7/898 1039/7/905
f 1035/6/903 1041/6/910 1036/7/902
f 1039/7/907 1036/7/902 1041/6/910
f 1042/6/911 1038/7/900 1037/6/899
f 1038/7/900 1042/6/911 1040/7/906
f 1037/6/901 1038/7/904 1042/6/912
f 1040/7/908 1042/6/912 1038/7/904
f 1040/7/906 1041/6/909 1039/7/905
f 1041/6/909 1040/7/906 1042/6/911
f 1039/7/907 1041/6/910 1040/7/908
f 1042/6/912 1040/7/908 1041/6/910
f 1045/15/915 1044/16/914 1043/15/913
f 1043/15/918 1044/16/917 1045/15/916
f 1048/6/921 1047/17/920 1046/6/919
f 1046/6/924 1047/17/923 1048/6/922
f 1049/10/925 1045/15/915 1043/15/913
f 1043/15/918 1045/15/916 1049/10/926
f 1052/15/929 1051/15/928 1050/16/927
f 1050/16/932 1051/15/931 1052/15/930
f 1054/17/934 1053/16/933 1047/17/920
f 1047/17/923 1053/16/936 1054/17/935
f 1054/17/934 1055/16/937 1053/16/933
f 1053/16/936 1055/16/938 1054/17/935
f 1043/15/913 1044/16/914 1056/16/939
f 1056/16/940 1044/16/917 1043/15/918
f 1059/10/943 1058/15/942 1057/15/941
f 1057/15/946 1058/15/945 1059/10/944
f 1062/17/949 1061/6/948 1060/6/947
f 1060/6/952 1061/6/951 1062/17/950
f 1064/16/954 1050/16/927 1063/17/953
f 1063/17/956 1050/16/932 1064/16/955
f 1065/17/957 1061/6/948 1062/17/949
f 1062/17/950 1061/6/951 1065/17/958
f 1068/15/961 1067/10/960 1066/15/959
f 1066/15/964 1067/10/963 1068/15/962
f 1069/10/965 1058/15/942 1059/10/943
f 1059/10/944 1058/15/945 1069/10/966
f 1067/10/960 1070/10/967 1066/15/959
f 1066/15/964 1070/10/968 1067/10/963
f 1073/17/971 1072/6/970 1071/17/969
f 1071/17/974 1072/6/973 1073/17/972
f 1076/17/977 1075/6/976 1074/6/975
f 1074/6/980 1075/6/979 1076/17/978
f 1078/10/982 1077/10/981 1051/15/928
f 1051/15/931 1077/10/984 1078/10/983
f 1058/15/942 1079/16/985 1057/15/941
f 1057/15/946 1079/16/986 1058/15/945
f 1052/15/929 1078/10/982 1051/15/928
f 1051/15/931 1078/10/983 1052/15/930
f 1055/16/937 1066/15/959 1053/16/933
f 1053/16/936 1066/15/964 1055/16/938
f 1054/17/934 1047/17/920 1048/6/921
f 1048/6/922 1047/17/923 1054/17/935
f 1079/16/985 1073/17/971 1080/16/987
f 1080/16/988 1073/17/972 1079/16/986
f 1071/17/969 1072/6/970 1081/6/989
f 1081/6/990 1072/6/973 1071/17/974
f 1057/15/941 1079/16/985 1080/16/987
f 1080/16/988 1079/16/986 1057/15/946
f 1068/15/961 1066/15/959 1055/16/937
f 1055/16/938 1066/15/964 1068/15/962
f 1080/16/987 1073/17/971 1071/17/969
f 1071/17/974 1073/17/972 1080/16/988
f 1076/17/977 1064/16/954 1063/17/953
f 1063/17/956 1064/16/955 1076/17/978
f 1052/15/929 1050/16/927 1064/16/954
f 1064/16/955 1050/16/932 1052/15/930
f 1082/10/991 1045/15/915 1049/10/925
f 1049/10/926 1045/15/916 1082/10/992
f 1076/17/977 1063/17/953 1075/6/976
f 1075/6/979 1063/17/956 1076/17/978
f 1056/16/939 1065/17/957 1062/17/949
f 1062/17/950 1065/17/958 1056/16/940
f 1083/15/993 1068/15/961 1055/16/937
f 1055/16/938 1068/15/962 1083/15/994
f 1085/17/996 1084/16/995 1054/17/934
f 1054/17/935 1084/16/998 1085/17/997
f 1087/15/1000 1057/15/941 1086/16/999
f 1086/16/1002 1057/15/946 1087/15/1001
f 1083/15/993 1088/10/1003 1068/15/961
f 1068/15/962 1088/10/1004 1083/15/994
f 1071/17/969 1081/6/989 1089/6/1005
f 1089/6/1006 1081/6/990 1071/17/974
f 1080/16/987 1071/17/969 1090/17/1007
f 1090/17/1008 1071/17/974 1080/16/988
f 1049/10/925 1043/15/913 1091/10/1009
f 1091/10/1010 1043/15/918 1049/10/926
f 1083/15/993 1055/16/937 1084/16/995
f 1084/16/998 1055/16/938 1083/15/994
f 1085/17/996 1054/17/934 1048/6/921
f 1048/6/922 1054/17/935 1085/17/997
f 1085/17/996 1048/6/921 1092/6/1011
f 1092/6/1012 1048/6/922 1085/17/997
f 1088/10/1003 1067/10/960 1068/15/961
f 1068/15/962 1067/10/963 1088/10/1004
f 1045/15/915 1052/15/929 1064/16/954
f 1064/16/955 1052/15/930 1045/15/916
f 1062/17/949 1060/6/947 1093/6/1013
f 1093/6/1014 1060/6/952 1062/17/950
f 1057/15/941 1080/16/987 1086/16/999
f 1086/16/1002 1080/16/988 1057/15/946
f 1043/15/913 1095/16/1016 1094/15/1015
f 1094/15/1018 1095/16/1017 1043/15/918
f 1084/16/995 1055/16/937 1054/17/934
f 1054/17/935 1055/16/938 1084/16/998
f 1065/17/957 1044/16/914 1076/17/977
f 1076/17/978 1044/16/917 1065/17/958
f 1044/16/914 1064/16/954 1076/17/977
f 1076/17/978 1064/16/955 1044/16/917
f 1044/16/914 1065/17/957 1056/16/939
f 1056/16/940 1065/17/958 1044/16/917
f 1086/16/999 1080/16/987 1090/17/1007
f 1090/17/1008 1080/16/988 1086/16/1002
f 1095/16/1016 1056/16/939 1096/17/1019
f 1096/17/1020 1056/16/940 1095/16/1017
f 1059/10/943 1057/15/941 1087/15/1000
f 1087/15/1001 1057/15/946 1059/10/944
f 1045/15/915 1064/16/954 1044/16/914
f 1044/16/917 1064/16/955 1045/15/916
f 1043/15/913 1056/16/939 1095/16/1016
f 1095/16/1017 1056/16/940 1043/15/918
f 1091/10/1009 1043/15/913 1094/15/1015
f 1094/15/1018 1043/15/918 1091/10/1010
f 1065/17/957 1074/6/975 1061/6/948
f 1061/6/951 1074/6/980 1065/17/958
f 1065/17/957 1076/17/977 1074/6/975
f 1074/6/980 1076/17/978 1065/17/958
f 1071/17/969 1089/6/1005 1090/17/1007
f 1090/17/1008 1089/6/1006 1071/17/974
f 1082/10/991 1078/10/982 1052/15/929
f 1052/15/930 1078/10/983 1082/10/992
f 1056/16/939 1062/17/949 1096/17/1019
f 1096/17/1020 1062/17/950 1056/16/940
f 1045/15/915 1082/10/991 1052/15/929
f 1052/15/930 1082/10/992 1045/15/916
f 1096/17/1019 1062/17/949 1093/6/1013
f 1093/6/1014 1062/17/950 1096/17/1020
f 1059/10/943 1087/15/1000 1097/10/1021
f 1097/10/1022 1087/15/1001 1059/10/944
f 1100/6/1024 1099/10/1023 1098/6/1023
f 1099/10/1023 1100/6/1024 1101/10/1024
f 1098/6/1026 1099/10/1026 1100/6/1025
f 1101/10/1025 1100/6/1025 1099/10/1026
f 1078/10/1 1088/10/1 1077/10/1
f 1078/10/1 1067/10/1 1088/10/1
f 1102/10/1 1067/10/1 1078/10/1
f 1078/10/1 1103/10/1 1102/10/1
f 1067/10/1 1102/10/1 1104/10/1
f 1104/10/1 1070/10/1 1067/10/1
f 1070/10/1 1104/10/1 1105/10/1
f 1103/10/1 1078/10/1 1082/10/1
f 1082/10/1 1101/10/1 1103/10/1
f 1101/10/1 1082/10/1 1049/10/1
f 1049/10/1 1099/10/1 1101/10/1
f 1099/10/1 1049/10/1 1091/10/1
f 1099/10/1 1091/10/1 1069/10/1
f 1099/10/1 1069/10/1 1059/10/1
f 1059/10/1 1106/10/1 1099/10/1
f 1106/10/1 1059/10/1 1097/10/1
f 1077/10/2 1088/10/2 1078/10/2
f 1088/10/2 1067/10/2 1078/10/2
f 1078/10/2 1067/10/2 1102/10/2
f 1102/10/2 1103/10/2 1078/10/2
f 1104/10/2 1102/10/2 1067/10/2
f 1067/10/2 1070/10/2 1104/10/2
f 1105/10/2 1104/10/2 1070/10/2
f 1082/10/2 1078/10/2 1103/10/2
f 1103/10/2 1101/10/2 1082/10/2
f 1049/10/2 1082/10/2 1101/10/2
f 1101/10/2 1099/10/2 1049/10/2
f 1091/10/2 1049/10/2 1099/10/2
f 1069/10/2 1091/10/2 1099/10/2
f 1059/10/2 1069/10/2 1099/10/2
f 1099/10/2 1106/10/2 1059/10/2
f 1097/10/2 1059/10/2 1106/10/2
f 1107/6/1027 1101/10/1024 1100/6/1024
f 1101/10/1024 1107/6/1027 1103/10/1027
f 1100/6/1025 1101/10/1025 1107/6/1028
f 1103/10/1028 1107/6/1028 1101/10/1025
f 1104/10/1029 1109/6/1030 1108/6/1029
f 1109/6/1030 1104/10/1029 1102/10/1030
f 1108/6/1031 1109/6/1032 1104/10/1031
f 1102/10/1032 1104/10/1031 1109/6/1032
f 1102/10/1030 1107/6/1027 1109/6/1030
f 1107/6/1027 1102/10/1030 1103/10/1027
f 1109/6/1032 1107/6/1028 1102/10/1032
f 1103/10/1028 1102/10/1032 1107/6/1028
f 1105/10/1033 1108/6/1029 1110/6/1033
f 1108/6/1029 1105/10/1033 1104/10/1029
f 1110/6/1034 1108/6/1031 1105/10/1034
f 1104/10/1031 1105/10/1034 1108/6/1031
f 1092/6/2 1074/6/2 1075/6/2
f 1048/6/2 1074/6/2 1092/6/2
f 1048/6/2 1109/6/2 1074/6/2
f 1107/6/2 1074/6/2 1109/6/2
f 1109/6/2 1048/6/2 1108/6/2
f 1046/6/2 1108/6/2 1048/6/2
f 1108/6/2 1046/6/2 1110/6/2
f 1074/6/2 1107/6/2 1061/6/2
f 1100/6/2 1061/6/2 1107/6/2
f 1061/6/2 1100/6/2 1060/6/2
f 1098/6/2 1060/6/2 1100/6/2
f 1060/6/2 1098/6/2 1093/6/2
f 1093/6/2 1098/6/2 1072/6/2
f 1072/6/2 1098/6/2 1081/6/2
f 1111/6/2 1081/6/2 1098/6/2
f 1081/6/2 1111/6/2 1089/6/2
f 1075/6/1 1074/6/1 1092/6/1
f 1092/6/1 1074/6/1 1048/6/1
f 1074/6/1 1109/6/1 1048/6/1
f 1108/6/1 1048/6/1 1109/6/1
f 1048/6/1 1108/6/1 1046/6/1
f 1110/6/1 1046/6/1 1108/6/1
f 1109/6/1 1074/6/1 1107/6/1
f 1061/6/1 1107/6/1 1074/6/1
f 1107/6/1 1061/6/1 1100/6/1
f 1060/6/1 1100/6/1 1061/6/1
f 1100/6/1 1060/6/1 1098/6/1
f 1093/6/1 1098/6/1 1060/6/1
f 1072/6/1 1098/6/1 1093/6/1
f 1081/6/1 1098/6/1 1072/6/1
f 1098/6/1 1081/6/1 1111/6/1
f 1089/6/1 1111/6/1 1081/6/1
f 1083/15/993 1077/10/981 1088/10/1003
f 1077/10/981 1083/15/993 1051/15/928
f 1088/10/1004 1077/10/984 1083/15/994
f 1051/15/931 1083/15/994 1077/10/984
f 1073/17/971 1093/6/1013 1072/6/970
f 1093/6/1013 1073/17/971 1096/17/1019
f 1072/6/973 1093/6/1014 1073/17/972
f 1096/17/1020 1073/17/972 1093/6/1014
f 1050/16/927 1083/15/993 1084/16/995
f 1083/15/993 1050/16/927 1051/15/928
f 1084/16/998 1083/15/994 1050/16/932
f 1051/15/931 1050/16/932 1083/15/994
f 1085/17/996 1050/16/927 1084/16/995
f 1050/16/927 1085/17/996 1063/17/953
f 1084/16/998 1050/16/932 1085/17/997
f 1063/17/956 1085/17/997 1050/16/932
f 1079/16/985 1096/17/1019 1073/17/971
f 1096/17/1019 1079/16/985 1095/16/1016
f 1073/17/972 1096/17/1020 1079/16/986
f 1095/16/1017 1079/16/986 1096/17/1020
f 1075/6/976 1085/17/996 1092/6/1011
f 1085/17/996 1075/6/976 1063/17/953
f 1092/6/1012 1085/17/997 1075/6/979
f 1063/17/956 1075/6/979 1085/17/997
f 1047/17/1035 1110/6/1035 1046/6/1035
f 1110/6/1035 1047/17/1035 1105/10/1035
f 1105/10/1035 1047/17/1035 1053/16/1035
f 1105/10/1035 1053/16/1035 1066/15/1035
f 1105/10/1035 1066/15/1035 1070/10/1035
f 1046/6/1036 1110/6/1036 1047/17/1036
f 1105/10/1036 1047/17/1036 1110/6/1036
f 1053/16/1036 1047/17/1036 1105/10/1036
f 1066/15/1036 1053/16/1036 1105/10/1036
f 1070/10/1036 1066/15/1036 1105/10/1036
f 1069/10/965 1094/15/1015 1058/15/942
f 1094/15/1015 1069/10/965 1091/10/1009
f 1058/15/945 1094/15/1018 1069/10/966
f 1091/10/1010 1069/10/966 1094/15/1018
f 1058/15/942 1095/16/1016 1079/16/985
f 1095/16/1016 1058/15/942 1094/15/1015
f 1079/16/986 1095/16/1017 1058/15/945
f 1094/15/1018 1058/15/945 1095/16/1017
f 1111/6/1037 1090/17/1037 1089/6/1037
f 1090/17/1037 1111/6/1037 1087/15/1037
f 1087/15/1037 1086/16/1037 1090/17/1037
f 1106/10/1037 1087/15/1037 1111/6/1037
f 1087/15/1037 1106/10/1037 1097/10/1037
f 1089/6/1038 1090/17/1038 1111/6/1038
f 1087/15/1038 1111/6/1038 1090/17/1038
f 1090/17/1038 1086/16/1038 1087/15/1038
f 1111/6/1038 1087/15/1038 1106/10/1038
f 1097/10/1038 1106/10/1038 1087/15/1038
f 1099/10/1023 1111/6/1039 1098/6/1023
f 1111/6/1039 1099/10/1023 1106/10/1039
f 1098/6/1026 1111/6/1040 1099/10/1026
f 1106/10/1040 1099/10/1026 1111/6/1040
f 1114/6/2 1113/6/2 1112/6/2
f 1113/6/2 1114/6/2 1115/6/2
f 1115/6/2 1114/6/2 1116/6/2
f 1115/6/2 1116/6/2 1117/6/2
f 1112/6/1 1113/6/1 1114/6/1
f 1115/6/1 1114/6/1 1113/6/1
f 1116/6/1 1114/6/1 1115/6/1
f 1117/6/1 1116/6/1 1115/6/1
f 1118/18/1043 1113/6/1042 1115/6/1041
f 1113/6/1042 1118/18/1043 1119/18/1044
f 1115/6/1047 1113/6/1046 1118/18/1045
f 1119/18/1048 1118/18/1045 1113/6/1046
f 1116/6/1051 1120/18/1050 1117/6/1049
f 1120/18/1050 1116/6/1051 1121/18/1052
f 1117/6/1055 1120/18/1054 1116/6/1053
f 1121/18/1056 1116/6/1053 1120/18/1054
f 1117/6/1049 1118/18/1043 1115/6/1041
f 1118/18/1043 1117/6/1049 1120/18/1050
f 1115/6/1047 1118/18/1045 1117/6/1055
f 1120/18/1054 1117/6/1055 1118/18/1045
f 1122/18/1058 1116/6/1051 1114/6/1057
f 1116/6/1051 1122/18/1058 1121/18/1052
f 1114/6/1060 1116/6/1053 1122/18/1059
f 1121/18/1056 1122/18/1059 1116/6/1053
f 1119/18/1044 1112/6/1061 1113/6/1042
f 1112/6/1061 1119/18/1044 1123/18/1062
f 1113/6/1046 1112/6/1063 1119/18/1048
f 1123/18/1064 1119/18/1048 1112/6/1063
f 1123/18/1062 1114/6/1057 1112/6/1061
f 1114/6/1057 1123/18/1062 1122/18/1058
f 1112/6/1063 1114/6/1060 1123/18/1064
f 1122/18/1059 1123/18/1064 1114/6/1060
f 1126/10/1067 1125/10/1066 1124/10/1065
f 1125/10/1066 1126/10/1067 1127/10/1068
f 1125/10/1066 1127/10/1068 1128/10/1069
f 1128/10/1069 1127/10/1068 1129/10/1070
f 1124/10/1073 1125/10/1072 1126/10/1071
f 1127/10/1074 1126/10/1071 1125/10/1072
f 1128/10/1075 1127/10/1074 1125/10/1072
f 1129/10/1076 1127/10/1074 1128/10/1075
f 1118/18/1043 1129/10/1070 1127/10/1068
f 1129/10/1070 1118/18/1043 1120/18/1050
f 1127/10/1074 1129/10/1076 1118/18/1045
f 1120/18/1054 1118/18/1045 1129/10/1076
f 1125/10/1066 1121/18/1052 1122/18/1058
f 1121/18/1052 1125/10/1066 1128/10/1069
f 1122/18/1059 1121/18/1056 1125/10/1072
f 1128/10/1075 1125/10/1072 1121/18/1056
f 1119/18/1044 1124/10/1065 1123/18/1062
f 1124/10/1065 1119/18/1044 1126/10/1067
f 1123/18/1064 1124/10/1073 1119/18/1048
f 1126/10/1071 1119/18/1048 1124/10/1073
f 1129/10/1070 1121/18/1052 1128/10/1069
f 1121/18/1052 1129/10/1070 1120/18/1050
f 1128/10/1075 1121/18/1056 1129/10/1076
f 1120/18/1054 1129/10/1076 1121/18/1056
f 1124/10/1065 1122/18/1058 1123/18/1062
f 1122/18/1058 1124/10/1065 1125/10/1066
f 1123/18/1064 1122/18/1059 1124/10/1073
f 1125/10/1072 1124/10/1073 1122/18/1059
f 1118/18/1043 1126/10/1067 1119/18/1044
f 1126/10/1067 1118/18/1043 1127/10/1068
f 1119/18/1048 1126/10/1071 1118/18/1045
f 1127/10/1074 1118/18/1045 1126/10/1071
f 1132/13/1079 1131/12/1078 1130/12/1077
f 1131/12/1078 1132/13/1079 1133/13/1080
f 1130/12/1083 1131/12/1082 1132/13/1081
f 1133/13/1084 1132/13/1081 1131/12/1082
f 1136/13/1087 1135/13/1086 1134/13/1085
f 1135/13/1086 1136/13/1087 1137/13/1088
f 1134/13/1091 1135/13/1090 1136/13/1089
f 1137/13/1092 1136/13/1089 1135/13/1090
f 1139/13/1094 1132/13/1079 1138/13/1093
f 1132/13/1079 1139/13/1094 1133/13/1080
f 1138/13/1096 1132/13/1081 1139/13/1095
f 1133/13/1084 1139/13/1095 1132/13/1081
f 1142/10/874 1141/12/890 1140/10/889
f 1141/12/890 1142/10/874 1143/12/873
f 1140/10/892 1141/12/891 1142/10/876
f 1143/12/875 1142/10/876 1141/12/891
f 1145/10/868 1140/10/889 1144/10/866
f 1140/10/889 1145/10/868 1142/10/874
f 1144/10/870 1140/10/892 1145/10/872
f 1142/10/876 1145/10/872 1140/10/892
f 1144/10/866 1141/12/890 1146/12/865
f 1141/12/890 1144/10/866 1140/10/889
f 1146/12/871 1141/12/891 1144/10/870
f 1140/10/892 1144/10/870 1141/12/891
f 1138/13/1093 1130/12/1077 1147/12/1097
f 1130/12/1077 1138/13/1093 1132/13/1079
f 1147/12/1098 1130/12/1083 1138/13/1096
f 1132/13/1081 1138/13/1096 1130/12/1083
f 1148/12/1099 1133/13/1080 1139/13/1094
f 1133/13/1080 1148/12/1099 1131/12/1078
f 1139/13/1095 1133/13/1084 1148/12/1100
f 1131/12/1082 1148/12/1100 1133/13/1084
f 1151/14/1103 1150/14/1102 1149/14/1101
f 1150/14/1102 1151/14/1103 1152/14/1104
f 1149/14/1107 1150/14/1106 1151/14/1105
f 1152/14/1108 1151/14/1105 1150/14/1106
f 1152/14/1104 1153/12/1109 1150/14/1102
f 1153/12/1109 1152/14/1104 1154/12/1110
f 1150/14/1106 1153/12/1111 1152/14/1108
f 1154/12/1112 1152/14/1108 1153/12/1111
f 1156/12/1114 1149/14/1101 1155/12/1113
f 1149/14/1101 1156/12/1114 1151/14/1103
f 1155/12/1116 1149/14/1107 1156/12/1115
f 1151/14/1105 1156/12/1115 1149/14/1107
f 1154/12/1110 1151/14/1103 1156/12/1114
f 1151/14/1103 1154/12/1110 1152/14/1104
f 1156/12/1115 1151/14/1105 1154/12/1112
f 1152/14/1108 1154/12/1112 1151/14/1105
f 1137/13/1088 1157/12/1117 1135/13/1086
f 1157/12/1117 1137/13/1088 1158/12/1118
f 1135/13/1090 1157/12/1119 1137/13/1092
f 1158/12/1120 1137/13/1092 1157/12/1119
f 1158/12/1118 1136/13/1087 1159/12/1121
f 1136/13/1087 1158/12/1118 1137/13/1088
f 1159/12/1122 1136/13/1089 1158/12/1120
f 1137/13/1092 1158/12/1120 1136/13/1089
f 1134/13/1085 1157/12/1117 1160/12/1123
f 1157/12/1117 1134/13/1085 1135/13/1086
f 1160/12/1124 1157/12/1119 1134/13/1091
f 1135/13/1090 1134/13/1091 1157/12/1119
f 1163/12/873 1162/14/868 1161/12/867
f 1162/14/868 1163/12/873 1164/14/874
f 1161/12/869 1162/14/872 1163/12/875
f 1164/14/876 1163/12/875 1162/14/872
f 1159/12/1121 1134/13/1085 1160/12/1123
f 1134/13/1085 1159/12/1121 1136/13/1087
f 1160/12/1124 1134/13/1091 1159/12/1122
f 1136/13/1089 1159/12/1122 1134/13/1091
f 1162/14/868 1166/14/889 1165/14/866
f 1166/14/889 1162/14/868 1164/14/874
f 1165/14/870 1166/14/892 1162/14/872
f 1164/14/876 1162/14/872 1166/14/892
f 1167/12/867 1144/10/866 1146/12/865
f 1144/10/866 1167/12/867 1145/10/868
f 1146/12/871 1144/10/870 1167/12/869
f 1145/10/872 1167/12/869 1144/10/870
f 1165/14/866 1169/12/890 1168/12/865
f 1169/12/890 1165/14/866 1166/14/889
f 1168/12/871 1169/12/891 1165/14/870
f 1166/14/892 1165/14/870 1169/12/891
f 1149/14/1101 1153/12/1109 1155/12/1113
f 1153/12/1109 1149/14/1101 1150/14/1102
f 1155/12/1116 1153/12/1111 1149/14/1107
f 1150/14/1106 1149/14/1107 1153/12/1111
f 1143/12/873 1145/10/868 1167/12/867
f 1145/10/868 1143/12/873 1142/10/874
f 1167/12/869 1145/10/872 1143/12/875
f 1142/10/876 1143/12/875 1145/10/872
f 1161/12/867 1165/14/866 1168/12/865
f 1165/14/866 1161/12/867 1162/14/868
f 1168/12/871 1165/14/870 1161/12/869
f 1162/14/872 1161/12/869 1165/14/870
f 1148/12/1099 1138/13/1093 1147/12/1097
f 1138/13/1093 1148/12/1099 1139/13/1094
f 1147/12/1098 1138/13/1096 1148/12/1100
f 1139/13/1095 1148/12/1100 1138/13/1096
f 1172/12/873 1171/14/868 1170/12/867
f 1171/14/868 1172/12/873 1173/14/874
f 1170/12/869 1171/14/872 1172/12/875
f 1173/14/876 1172/12/875 1171/14/872
f 1164/14/874 1169/12/890 1166/14/889
f 1169/12/890 1164/14/874 1163/12/873
f 1166/14/892 1169/12/891 1164/14/876
f 1163/12/875 1164/14/876 1169/12/891
f 1171/14/868 1175/14/889 1174/14/866
f 1175/14/889 1171/14/868 1173/14/874
f 1174/14/870 1175/14/892 1171/14/872
f 1173/14/876 1171/14/872 1175/14/892
f 1173/14/874 1176/12/890 1175/14/889
f 1176/12/890 1173/14/874 1172/12/873
f 1175/14/892 1176/12/891 1173/14/876
f 1172/12/875 1173/14/876 1176/12/891
f 1170/12/867 1174/14/866 1177/12/865
f 1174/14/866 1170/12/867 1171/14/868
f 1177/12/871 1174/14/870 1170/12/869
f 1171/14/872 1170/12/869 1174/14/870
f 1174/14/866 1176/12/890 1177/12/865
f 1176/12/890 1174/14/866 1175/14/889
f 1177/12/871 1176/12/891 1174/14/870
f 1175/14/892 1174/14/870 1176/12/891
f 1180/13/1127 1179/13/1126 1178/13/1125
f 1179/13/1126 1180/13/1127 1181/13/1128
f 1178/13/1131 1179/13/1130 1180/13/1129
f 1181/13/1132 1180/13/1129 1179/13/1130
f 1178/13/1125 1183/12/1134 1182/12/1133
f 1183/12/1134 1178/13/1125 1179/13/1126
f 1182/12/1136 1183/12/1135 1178/13/1131
f 1179/13/1130 1178/13/1131 1183/12/1135
f 1184/12/1137 1178/13/1125 1182/12/1133
f 1178/13/1125 1184/12/1137 1180/13/1127
f 1182/12/1136 1178/13/1131 1184/12/1138
f 1180/13/1129 1184/12/1138 1178/13/1131
f 1179/13/1126 1185/12/1139 1183/12/1134
f 1185/12/1139 1179/13/1126 1181/13/1128
f 1183/12/1135 1185/12/1140 1179/13/1130
f 1181/13/1132 1179/13/1130 1185/12/1140
f 1184/12/1137 1181/13/1128 1180/13/1127
f 1181/13/1128 1184/12/1137 1185/12/1139
f 1180/13/1129 1181/13/1132 1184/12/1138
f 1185/12/1140 1184/12/1138 1181/13/1132
f 1188/12/1143 1187/13/1142 1186/12/1141
f 1187/13/1142 1188/12/1143 1189/13/1144
f 1186/12/1147 1187/13/1146 1188/12/1145
f 1189/13/1148 1188/12/1145 1187/13/1146
f 1187/13/1142 1191/13/1150 1190/13/1149
f 1191/13/1150 1187/13/1142 1189/13/1144
f 1190/13/1152 1191/13/1151 1187/13/1146
f 1189/13/1148 1187/13/1146 1191/13/1151
f 1187/13/1142 1192/12/1153 1186/12/1141
f 1192/12/1153 1187/13/1142 1190/13/1149
f 1186/12/1147 1192/12/1154 1187/13/1146
f 1190/13/1152 1187/13/1146 1192/12/1154
f 1191/13/1150 1188/12/1143 1193/12/1155
f 1188/12/1143 1191/13/1150 1189/13/1144
f 1193/12/1156 1188/12/1145 1191/13/1151
f 1189/13/1148 1191/13/1151 1188/12/1145
f 1190/13/1149 1193/12/1155 1192/12/1153
f 1193/12/1155 1190/13/1149 1191/13/1150
f 1192/12/1154 1193/12/1156 1190/13/1152
f 1191/13/1151 1190/13/1152 1193/12/1156
f 1196/14/1103 1195/14/1102 1194/14/1101
f 1195/14/1102 1196/14/1103 1197/14/1104
f 1194/14/1107 1195/14/1106 1196/14/1105
f 1197/14/1108 1196/14/1105 1195/14/1106
f 1197/14/1104 1198/12/1109 1195/14/1102
f 1198/12/1109 1197/14/1104 1199/12/1110
f 1195/14/1106 1198/12/1111 1197/14/1108
f 1199/12/1112 1197/14/1108 1198/12/1111
f 1202/13/1159 1201/13/1158 1200/13/1157
f 1201/13/1158 1202/13/1159 1203/13/1160
f 1200/13/1163 1201/13/1162 1202/13/1161
f 1203/13/1164 1202/13/1161 1201/13/1162
f 1200/13/1157 1205/12/1166 1204/12/1165
f 1205/12/1166 1200/13/1157 1201/13/1158
f 1204/12/1168 1205/12/1167 1200/13/1163
f 1201/13/1162 1200/13/1163 1205/12/1167
f 1194/14/1101 1198/12/1109 1206/12/1113
f 1198/12/1109 1194/14/1101 1195/14/1102
f 1206/12/1116 1198/12/1111 1194/14/1107
f 1195/14/1106 1194/14/1107 1198/12/1111
f 1199/12/1110 1196/14/1103 1207/12/1114
f 1196/14/1103 1199/12/1110 1197/14/1104
f 1207/12/1115 1196/14/1105 1199/12/1112
f 1197/14/1108 1199/12/1112 1196/14/1105
f 1201/13/1158 1208/12/1169 1205/12/1166
f 1208/12/1169 1201/13/1158 1203/13/1160
f 1205/12/1167 1208/12/1170 1201/13/1162
f 1203/13/1164 1201/13/1162 1208/12/1170
f 1209/12/1171 1200/13/1157 1204/12/1165
f 1200/13/1157 1209/12/1171 1202/13/1159
f 1204/12/1168 1200/13/1163 1209/12/1172
f 1202/13/1161 1209/12/1172 1200/13/1163
f 1209/12/1171 1203/13/1160 1202/13/1159
f 1203/13/1160 1209/12/1171 1208/12/1169
f 1202/13/1161 1203/13/1164 1209/12/1172
f 1208/12/1170 1209/12/1172 1203/13/1164
f 1207/12/1114 1194/14/1101 1206/12/1113
f 1194/14/1101 1207/12/1114 1196/14/1103
f 1206/12/1116 1194/14/1107 1207/12/1115
f 1196/14/1105 1207/12/1115 1194/14/1107
f 1212/6/861 1211/7/858 1210/6/863
f 1211/7/858 1212/6/861 1213/7/857
f 1210/6/864 1211/7/860 1212/6/862
f 1213/7/859 1212/6/862 1211/7/860
f 1215/7/844 1212/6/861 1214/6/842
f 1212/6/861 1215/7/844 1213/7/857
f 1214/6/846 1212/6/862 1215/7/848
f 1213/7/859 1215/7/848 1212/6/862
f 1218/8/835 1217/6/834 1216/6/833
f 1217/6/834 1218/8/835 1219/8/836
f 1216/6/839 1217/6/838 1218/8/837
f 1219/8/840 1218/8/837 1217/6/838
f 1217/6/834 1221/8/851 1220/6/849
f 1221/8/851 1217/6/834 1219/8/836
f 1220/6/855 1221/8/853 1217/6/838
f 1219/8/840 1217/6/838 1221/8/853
f 1223/8/852 1216/6/833 1222/6/850
f 1216/6/833 1223/8/852 1218/8/835
f 1222/6/854 1216/6/839 1223/8/856
f 1218/8/837 1223/8/856 1216/6/839
f 1211/7/858 1224/6/841 1210/6/863
f 1224/6/841 1211/7/858 1225/7/843
f 1210/6/864 1224/6/847 1211/7/860
f 1225/7/845 1211/7/860 1224/6/847
f 1221/8/851 1222/6/850 1220/6/849
f 1222/6/850 1221/8/851 1223/8/852
f 1220/6/855 1222/6/854 1221/8/853
f 1223/8/856 1221/8/853 1222/6/854
f 1221/8/851 1218/8/835 1223/8/852
f 1218/8/835 1221/8/851 1219/8/836
f 1223/8/856 1218/8/837 1221/8/853
f 1219/8/840 1221/8/853 1218/8/837
f 1225/7/843 1213/7/857 1215/7/844
f 1213/7/857 1225/7/843 1211/7/858
f 1215/7/848 1213/7/859 1225/7/845
f 1211/7/860 1225/7/845 1213/7/859
f 1225/7/843 1214/6/842 1224/6/841
f 1214/6/842 1225/7/843 1215/7/844
f 1224/6/847 1214/6/846 1225/7/845
f 1215/7/848 1225/7/845 1214/6/846
f 1228/6/895 1227/8/879 1226/6/877
f 1227/8/879 1228/6/895 1229/8/886
f 1226/6/883 1227/8/881 1228/6/896
f 1229/8/888 1228/6/896 1227/8/881
f 1227/8/879 1231/8/885 1230/8/880
f 1231/8/885 1227/8/879 1229/8/886
f 1230/8/884 1231/8/887 1227/8/881
f 1229/8/888 1227/8/881 1231/8/887
f 1227/8/879 1232/6/878 1226/6/877
f 1232/6/878 1227/8/879 1230/8/880
f 1226/6/883 1232/6/882 1227/8/881
f 1230/8/884 1227/8/881 1232/6/882
f 1231/8/885 1228/6/895 1233/6/893
f 1228/6/895 1231/8/885 1229/8/886
f 1233/6/894 1228/6/896 1231/8/887
f 1229/8/888 1231/8/887 1228/6/896
f 1236/8/1175 1235/6/1174 1234/6/1173
f 1235/6/1174 1236/8/1175 1237/8/1176
f 1234/6/1179 1235/6/1178 1236/8/1177
f 1237/8/1180 1236/8/1177 1235/6/1178
f 1240/8/1183 1239/6/1182 1238/6/1181
f 1239/6/1182 1240/8/1183 1241/8/1184
f 1238/6/1187 1239/6/1186 1240/8/1185
f 1241/8/1188 1240/8/1185 1239/6/1186
f 1235/6/1174 1240/8/1183 1238/6/1181
f 1240/8/1183 1235/6/1174 1237/8/1176
f 1238/6/1187 1240/8/1185 1235/6/1178
f 1237/8/1180 1235/6/1178 1240/8/1185
f 1230/8/880 1233/6/893 1232/6/878
f 1233/6/893 1230/8/880 1231/8/885
f 1232/6/882 1233/6/894 1230/8/884
f 1231/8/887 1230/8/884 1233/6/894
f 1244/7/868 1243/7/889 1242/7/866
f 1243/7/889 1244/7/868 1245/7/874
f 1242/7/870 1243/7/892 1244/7/872
f 1245/7/876 1244/7/872 1243/7/892
f 1247/6/873 1244/7/868 1246/6/867
f 1244/7/868 1247/6/873 1245/7/874
f 1246/6/869 1244/7/872 1247/6/875
f 1245/7/876 1247/6/875 1244/7/872
f 1240/8/1183 1236/8/1175 1241/8/1184
f 1236/8/1175 1240/8/1183 1237/8/1176
f 1241/8/1188 1236/8/1177 1240/8/1185
f 1237/8/1180 1240/8/1185 1236/8/1177
f 1246/6/867 1242/7/866 1248/6/865
f 1242/7/866 1246/6/867 1244/7/868
f 1248/6/871 1242/7/870 1246/6/869
f 1244/7/872 1246/6/869 1242/7/870
f 1241/8/1184 1234/6/1173 1239/6/1182
f 1234/6/1173 1241/8/1184 1236/8/1175
f 1239/6/1186 1234/6/1179 1241/8/1188
f 1236/8/1177 1241/8/1188 1234/6/1179
f 1245/7/874 1249/6/890 1243/7/889
f 1249/6/890 1245/7/874 1247/6/873
f 1243/7/892 1249/6/891 1245/7/876
f 1247/6/875 1245/7/876 1249/6/891
f 1242/7/866 1249/6/890 1248/6/865
f 1249/6/890 1242/7/866 1243/7/889
f 1248/6/871 1249/6/891 1242/7/870
f 1243/7/892 1242/7/870 1249/6/891
f 1252/10/1 1251/10/1 1250/10/1
f 1251/10/1 1252/10/1 978/10/1
f 978/10/1 1252/10/1 1253/10/1
f 978/10/1 1253/10/1 1254/10/1
f 978/10/1 1254/10/1 1255/10/1
f 978/10/1 1255/10/1 1256/10/1
f 978/10/1 1256/10/1 943/10/1
f 1250/10/2 1251/10/2 1252/10/2
f 978/10/2 1252/10/2 1251/10/2
f 1253/10/2 1252/10/2 978/10/2
f 1254/10/2 1253/10/2 978/10/2
f 1255/10/2 1254/10/2 978/10/2
f 1256/10/2 1255/10/2 978/10/2
f 943/10/2 1256/10/2 978/10/2
f 1259/15/1191 1258/16/1190 1257/16/1189
f 1258/16/1190 1259/15/1191 1260/15/1192
f 1257/16/1195 1258/16/1194 1259/15/1193
f 1260/15/1196 1259/15/1193 1258/16/1194
f 1256/10/1197 1260/15/1192 1259/15/1191
f 1260/15/1192 1256/10/1197 1255/10/1198
f 1259/15/1193 1260/15/1196 1256/10/1199
f 1255/10/1200 1256/10/1199 1260/15/1196
f 1260/15/1192 1261/16/1201 1258/16/1190
f 1261/16/1201 1260/15/1192 1262/15/1202
f 1258/16/1194 1261/16/1203 1260/15/1196
f 1262/15/1204 1260/15/1196 1261/16/1203
f 1265/17/1207 1264/6/1206 1263/6/1205
f 1264/6/1206 1265/17/1207 1266/17/1208
f 1263/6/1211 1264/6/1210 1265/17/1209
f 1266/17/1212 1265/17/1209 1264/6/1210
f 1251/10/1213 1268/6/1213 1267/6/1213
f 1268/6/1213 1251/10/1213 978/10/1213
f 1267/6/1214 1268/6/1214 1251/10/1214
f 978/10/1214 1251/10/1214 1268/6/1214
f 1262/15/1202 1269/16/1215 1261/16/1201
f 1269/16/1215 1262/15/1202 1270/15/1216
f 1261/16/1203 1269/16/1217 1262/15/1204
f 1270/15/1218 1262/15/1204 1269/16/1217
f 1273/17/1221 1272/6/1220 1271/6/1219
f 1272/6/1220 1273/17/1221 1274/17/1222
f 1271/6/1225 1272/6/1224 1273/17/1223
f 1274/17/1226 1273/17/1223 1272/6/1224
f 1276/15/1228 1257/16/1189 1275/16/1227
f 1257/16/1189 1276/15/1228 1259/15/1191
f 1275/16/1230 1257/16/1195 1276/15/1229
f 1259/15/1193 1276/15/1229 1257/16/1195
f 1279/17/1233 1278/6/1232 1277/6/1231
f 1278/6/1232 1279/17/1233 1280/17/1234
f 1277/6/1237 1278/6/1236 1279/17/1235
f 1280/17/1238 1279/17/1235 1278/6/1236
f 1283/15/1241 1282/16/1240 1281/16/1239
f 1282/16/1240 1283/15/1241 1284/15/1242
f 1281/16/1245 1282/16/1244 1283/15/1243
f 1284/15/1246 1283/15/1243 1282/16/1244
f 1280/17/1234 1263/6/1205 1278/6/1232
f 1263/6/1205 1280/17/1234 1265/17/1207
f 1278/6/1236 1263/6/1211 1280/17/1238
f 1265/17/1209 1280/17/1238 1263/6/1211
f 1270/15/1216 1281/16/1239 1269/16/1215
f 1281/16/1239 1270/15/1216 1283/15/1241
f 1269/16/1217 1281/16/1245 1270/15/1218
f 1283/15/1243 1270/15/1218 1281/16/1245
f 1266/17/1208 1285/6/1247 1264/6/1206
f 1285/6/1247 1266/17/1208 1286/17/1248
f 1264/6/1210 1285/6/1249 1266/17/1212
f 1286/17/1250 1266/17/1212 1285/6/1249
f 1274/17/1222 1277/6/1231 1272/6/1220
f 1277/6/1231 1274/17/1222 1279/17/1233
f 1272/6/1224 1277/6/1237 1274/17/1226
f 1279/17/1235 1274/17/1226 1277/6/1237
f 1281/16/1239 1286/17/1248 1266/17/1208
f 1286/17/1248 1281/16/1239 1282/16/1240
f 1266/17/1212 1286/17/1250 1281/16/1245
f 1282/16/1244 1281/16/1245 1286/17/1250
f 1252/10/1251 1284/15/1242 1283/15/1241
f 1284/15/1242 1252/10/1251 1250/10/1252
f 1283/15/1243 1284/15/1246 1252/10/1253
f 1250/10/1254 1252/10/1253 1284/15/1246
f 1258/16/1190 1280/17/1234 1279/17/1233
f 1280/17/1234 1258/16/1190 1261/16/1201
f 1279/17/1235 1280/17/1238 1258/16/1194
f 1261/16/1203 1258/16/1194 1280/17/1238
f 943/10/1255 1259/15/1191 1276/15/1228
f 1259/15/1191 943/10/1255 1256/10/1197
f 1276/15/1229 1259/15/1193 943/10/1256
f 1256/10/1199 943/10/1256 1259/15/1193
f 1251/10/1257 1284/15/1257 1250/10/1257
f 1284/15/1257 1251/10/1257 1286/17/1257
f 1286/17/1257 1282/16/1257 1284/15/1257
f 1267/6/1257 1286/17/1257 1251/10/1257
f 1286/17/1257 1267/6/1257 1285/6/1257
f 1250/10/1258 1284/15/1258 1251/10/1258
f 1286/17/1258 1251/10/1258 1284/15/1258
f 1284/15/1258 1282/16/1258 1286/17/1258
f 1251/10/1258 1286/17/1258 1267/6/1258
f 1285/6/1258 1267/6/1258 1286/17/1258
f 1253/10/1259 1283/15/1241 1270/15/1216
f 1283/15/1241 1253/10/1259 1252/10/1251
f 1270/15/1218 1283/15/1243 1253/10/1260
f 1252/10/1253 1253/10/1260 1283/15/1243
f 1261/16/1201 1265/17/1207 1280/17/1234
f 1265/17/1207 1261/16/1201 1269/16/1215
f 1280/17/1238 1265/17/1209 1261/16/1203
f 1269/16/1217 1261/16/1203 1265/17/1209
f 1257/16/1189 1279/17/1233 1274/17/1222
f 1279/17/1233 1257/16/1189 1258/16/1190
f 1274/17/1226 1279/17/1235 1257/16/1195
f 1258/16/1194 1257/16/1195 1279/17/1235
f 1254/10/1261 1270/15/1216 1262/15/1202
f 1270/15/1216 1254/10/1261 1253/10/1259
f 1262/15/1204 1270/15/1218 1254/10/1262
f 1253/10/1260 1254/10/1262 1270/15/1218
f 1255/10/1198 1262/15/1202 1260/15/1192
f 1262/15/1202 1255/10/1198 1254/10/1261
f 1260/15/1196 1262/15/1204 1255/10/1200
f 1254/10/1262 1255/10/1200 1262/15/1204
f 1275/16/1227 1274/17/1222 1273/17/1221
f 1274/17/1222 1275/16/1227 1257/16/1189
f 1273/17/1223 1274/17/1226 1275/16/1230
f 1257/16/1195 1275/16/1230 1274/17/1226
f 1269/16/1215 1266/17/1208 1265/17/1207
f 1266/17/1208 1269/16/1215 1281/16/1239
f 1265/17/1209 1266/17/1212 1269/16/1217
f 1281/16/1245 1269/16/1217 1266/17/1212
f 1268/6/1258 1273/17/1258 1271/6/1258
f 1273/17/1258 1268/6/1258 1276/15/1258
f 1276/15/1258 1275/16/1258 1273/17/1258
f 978/10/1258 1276/15/1258 1268/6/1258
f 1276/15/1258 978/10/1258 943/10/1258
f 1271/6/1257 1273/17/1257 1268/6/1257
f 1276/15/1257 1268/6/1257 1273/17/1257
f 1273/17/1257 1275/16/1257 1276/15/1257
f 1268/6/1257 1276/15/1257 978/10/1257
f 943/10/1257 978/10/1257 1276/15/1257
f 1268/6/2 1285/6/2 1267/6/2
f 1285/6/2 1268/6/2 1264/6/2
f 1264/6/2 1268/6/2 1263/6/2
f 1263/6/2 1268/6/2 1278/6/2
f 1278/6/2 1268/6/2 1277/6/2
f 1277/6/2 1268/6/2 1272/6/2
f 1272/6/2 1268/6/2 1271/6/2
f 1267/6/1 1285/6/1 1268/6/1
f 1264/6/1 1268/6/1 1285/6/1
f 1263/6/1 1268/6/1 1264/6/1
f 1278/6/1 1268/6/1 1263/6/1
f 1277/6/1 1268/6/1 1278/6/1
f 1272/6/1 1268/6/1 1277/6/1
f 1271/6/1 1268/6/1 1272/6/1
f 1289/6/2 1288/6/2 1287/6/2
f 1288/6/2 1289/6/2 1290/6/2
f 1290/6/2 1289/6/2 1291/6/2
f 1290/6/2 1291/6/2 1292/6/2
f 1287/6/1 1288/6/1 1289/6/1
f 1290/6/1 1289/6/1 1288/6/1
f 1291/6/1 1289/6/1 1290/6/1
f 1292/6/1 1291/6/1 1290/6/1
f 1293/18/1265 1288/6/1264 1290/6/1263
f 1288/6/1264 1293/18/1265 1294/18/1266
f 1290/6/1269 1288/6/1268 1293/18/1267
f 1294/18/1270 1293/18/1267 1288/6/1268
f 1291/6/1273 1295/18/1272 1292/6/1271
f 1295/18/1272 1291/6/1273 1296/18/1274
f 1292/6/1277 1295/18/1276 1291/6/1275
f 1296/18/1278 1291/6/1275 1295/18/1276
f 1292/6/1271 1293/18/1265 1290/6/1263
f 1293/18/1265 1292/6/1271 1295/18/1272
f 1290/6/1269 1293/18/1267 1292/6/1277
f 1295/18/1276 1292/6/1277 1293/18/1267
f 1297/18/1280 1291/6/1273 1289/6/1279
f 1291/6/1273 1297/18/1280 1296/18/1274
f 1289/6/1282 1291/6/1275 1297/18/1281
f 1296/18/1278 1297/18/1281 1291/6/1275
f 1294/18/1266 1287/6/1283 1288/6/1264
f 1287/6/1283 1294/18/1266 1298/18/1284
f 1288/6/1268 1287/6/1285 1294/18/1270
f 1298/18/1286 1294/18/1270 1287/6/1285
f 1298/18/1284 1289/6/1279 1287/6/1283
f 1289/6/1279 1298/18/1284 1297/18/1280
f 1287/6/1285 1289/6/1282 1298/18/1286
f 1297/18/1281 1298/18/1286 1289/6/1282
f 1301/10/1289 1300/10/1288 1299/10/1287
f 1300/10/1288 1301/10/1289 1302/10/1290
f 1300/10/1288 1302/10/1290 1303/10/1291
f 1303/10/1291 1302/10/1290 1304/10/1292
f 1299/10/1295 1300/10/1294 1301/10/1293
f 1302/10/1296 1301/10/1293 1300/10/1294
f 1303/10/1297 1302/10/1296 1300/10/1294
f 1304/10/1298 1302/10/1296 1303/10/1297
f 1293/18/1265 1304/10/1292 1302/10/1290
f 1304/10/1292 1293/18/1265 1295/18/1272
f 1302/10/1296 1304/10/1298 1293/18/1267
f 1295/18/1276 1293/18/1267 1304/10/1298
f 1300/10/1288 1296/18/1274 1297/18/1280
f 1296/18/1274 1300/10/1288 1303/10/1291
f 1297/18/1281 1296/18/1278 1300/10/1294
f 1303/10/1297 1300/10/1294 1296/18/1278
f 1294/18/1266 1299/10/1287 1298/18/1284
f 1299/10/1287 1294/18/1266 1301/10/1289
f 1298/18/1286 1299/10/1295 1294/18/1270
f 1301/10/1293 1294/18/1270 1299/10/1295
f 1304/10/1292 1296/18/1274 1303/10/1291
f 1296/18/1274 1304/10/1292 1295/18/1272
f 1303/10/1297 1296/18/1278 1304/10/1298
f 1295/18/1276 1304/10/1298 1296/18/1278
f 1299/10/1287 1297/18/1280 1298/18/1284
f 1297/18/1280 1299/10/1287 1300/10/1288
f 1298/18/1286 1297/18/1281 1299/10/1295
f 1300/10/1294 1299/10/1295 1297/18/1281
f 1293/18/1265 1301/10/1289 1294/18/1266
f 1301/10/1289 1293/18/1265 1302/10/1290
f 1294/18/1270 1301/10/1293 1293/18/1267
f 1302/10/1296 1293/18/1267 1301/10/1293
f 1307/6/861 1306/7/858 1305/6/863
f 1306/7/858 1307/6/861 1308/7/857
f 1305/6/864 1306/7/860 1307/6/862
f 1308/7/859 1307/6/862 1306/7/860
f 1310/7/844 1307/6/861 1309/6/842
f 1307/6/861 1310/7/844 1308/7/857
f 1309/6/846 1307/6/862 1310/7/848
f 1308/7/859 1310/7/848 1307/6/862
f 1313/8/835 1312/6/834 1311/6/833
f 1312/6/834 1313/8/835 1314/8/836
f 1311/6/839 1312/6/838 1313/8/837
f 1314/8/840 1313/8/837 1312/6/838
f 1312/6/834 1316/8/851 1315/6/849
f 1316/8/851 1312/6/834 1314/8/836
f 1315/6/855 1316/8/853 1312/6/838
f 1314/8/840 1312/6/838 1316/8/853
f 1318/8/852 1311/6/833 1317/6/850
f 1311/6/833 1318/8/852 1313/8/835
f 1317/6/854 1311/6/839 1318/8/856
f 1313/8/837 1318/8/856 1311/6/839
f 1306/7/858 1319/6/841 1305/6/863
f 1319/6/841 1306/7/858 1320/7/843
f 1305/6/864 1319/6/847 1306/7/860
f 1320/7/845 1306/7/860 1319/6/847
f 1316/8/851 1317/6/850 1315/6/849
f 1317/6/850 1316/8/851 1318/8/852
f 1315/6/855 1317/6/854 1316/8/853
f 1318/8/856 1316/8/853 1317/6/854
f 1316/8/851 1313/8/835 1318/8/852
f 1313/8/835 1316/8/851 1314/8/836
f 1318/8/856 1313/8/837 1316/8/853
f 1314/8/840 1316/8/853 1313/8/837
f 1320/7/843 1308/7/857 1310/7/844
f 1308/7/857 1320/7/843 1306/7/858
f 1310/7/848 1308/7/859 1320/7/845
f 1306/7/860 1320/7/845 1308/7/859
f 1320/7/843 1309/6/842 1319/6/841
f 1309/6/842 1320/7/843 1310/7/844
f 1319/6/847 1309/6/846 1320/7/845
f 1310/7/848 1320/7/845 1309/6/846
f 1323/6/895 1322/8/879 1321/6/877
f 1322/8/879 1323/6/895 1324/8/886
f 1321/6/883 1322/8/881 1323/6/896
f 1324/8/888 1323/6/896 1322/8/881
f 1322/8/879 1326/8/885 1325/8/880
f 1326/8/885 1322/8/879 1324/8/886
f 1325/8/884 1326/8/887 1322/8/881
f 1324/8/888 1322/8/881 1326/8/887
f 1322/8/879 1327/6/878 1321/6/877
f 1327/6/878 1322/8/879 1325/8/880
f 1321/6/883 1327/6/882 1322/8/881
f 1325/8/884 1322/8/881 1327/6/882
f 1326/8/885 1323/6/895 1328/6/893
f 1323/6/895 1326/8/885 1324/8/886
f 1328/6/894 1323/6/896 1326/8/887
f 1324/8/888 1326/8/887 1323/6/896
f 1331/8/1175 1330/6/1174 1329/6/1173
f 1330/6/1174 1331/8/1175 1332/8/1176
f 1329/6/1179 1330/6/1178 1331/8/1177
f 1332/8/1180 1331/8/1177 1330/6/1178
f 1335/8/1183 1334/6/1182 1333/6/1181
f 1334/6/1182 1335/8/1183 1336/8/1184
f 1333/6/1187 1334/6/1186 1335/8/1185
f 1336/8/1188 1335/8/1185 1334/6/1186
f 1330/6/1174 1335/8/1183 1333/6/1181
f 1335/8/1183 1330/6/1174 1332/8/1176
f 1333/6/1187 1335/8/1185 1330/6/1178
f 1332/8/1180 1330/6/1178 1335/8/1185
f 1325/8/880 1328/6/893 1327/6/878
f 1328/6/893 1325/8/880 1326/8/885
f 1327/6/882 1328/6/894 1325/8/884
f 1326/8/887 1325/8/884 1328/6/894
f 1339/7/868 1338/7/889 1337/7/866
f 1338/7/889 1339/7/868 1340/7/874
f 1337/7/870 1338/7/892 1339/7/872
f 1340/7/876 1339/7/872 1338/7/892
f 1342/6/873 1339/7/868 1341/6/867
f 1339/7/868 1342/6/873 1340/7/874
f 1341/6/869 1339/7/872 1342/6/875
f 1340/7/876 1342/6/875 1339/7/872
f 1335/8/1183 1331/8/1175 1336/8/1184
f 1331/8/1175 1335/8/1183 1332/8/1176
f 1336/8/1188 1331/8/1177 1335/8/1185
f 1332/8/1180 1335/8/1185 1331/8/1177
f 1341/6/867 1337/7/866 1343/6/865
f 1337/7/866 1341/6/867 1339/7/868
f 1343/6/871 1337/7/870 1341/6/869
f 1339/7/872 1341/6/869 1337/7/870
f 1336/8/1184 1329/6/1173 1334/6/1182
f 1329/6/1173 1336/8/1184 1331/8/1175
f 1334/6/1186 1329/6/1179 1336/8/1188
f 1331/8/1177 1336/8/1188 1329/6/1179
f 1340/7/874 1344/6/890 1338/7/889
f 1344/6/890 1340/7/874 1342/6/873
f 1338/7/892 1344/6/891 1340/7/876
f 1342/6/875 1340/7/876 1344/6/891
f 1337/7/866 1344/6/890 1343/6/865
f 1344/6/890 1337/7/866 1338/7/889
f 1343/6/871 1344/6/891 1337/7/870
f 1338/7/892 1337/7/870 1344/6/891
f 1347/10/1 1346/10/1 1345/10/1
f 1346/10/1 1347/10/1 1348/10/1
f 1348/10/1 1347/10/1 1349/10/1
f 1348/10/1 1349/10/1 1350/10/1
f 1348/10/1 1350/10/1 1351/10/1
f 1348/10/1 1351/10/1 1352/10/1
f 1348/10/1 1352/10/1 1353/10/1
f 1345/10/2 1346/10/2 1347/10/2
f 1348/10/2 1347/10/2 1346/10/2
f 1349/10/2 1347/10/2 1348/10/2
f 1350/10/2 1349/10/2 1348/10/2
f 1351/10/2 1350/10/2 1348/10/2
f 1352/10/2 1351/10/2 1348/10/2
f 1353/10/2 1352/10/2 1348/10/2
f 1356/15/1191 1355/16/1190 1354/16/1189
f 1355/16/1190 1356/15/1191 1357/15/1192
f 1354/16/1195 1355/16/1194 1356/15/1193
f 1357/15/1196 1356/15/1193 1355/16/1194
f 1352/10/1197 1357/15/1192 1356/15/1191
f 1357/15/1192 1352/10/1197 1351/10/1198
f 1356/15/1193 1357/15/1196 1352/10/1199
f 1351/10/1200 1352/10/1199 1357/15/1196
f 1357/15/1192 1358/16/1201 1355/16/1190
f 1358/16/1201 1357/15/1192 1359/15/1202
f 1355/16/1194 1358/16/1203 1357/15/1196
f 1359/15/1204 1357/15/1196 1358/16/1203
f 1362/17/1207 1361/6/1206 1360/6/1205
f 1361/6/1206 1362/17/1207 1363/17/1208
f 1360/6/1211 1361/6/1210 1362/17/1209
f 1363/17/1212 1362/17/1209 1361/6/1210
f 1346/10/1213 1365/6/1213 1364/6/1213
f 1365/6/1213 1346/10/1213 1348/10/1213
f 1364/6/1214 1365/6/1214 1346/10/1214
f 1348/10/1214 1346/10/1214 1365/6/1214
f 1359/15/1202 1366/16/1215 1358/16/1201
f 1366/16/1215 1359/15/1202 1367/15/1216
f 1358/16/1203 1366/16/1217 1359/15/1204
f 1367/15/1218 1359/15/1204 1366/16/1217
f 1370/17/1221 1369/6/1220 1368/6/1219
f 1369/6/1220 1370/17/1221 1371/17/1222
f 1368/6/1225 1369/6/1224 1370/17/1223
f 1371/17/1226 1370/17/1223 1369/6/1224
f 1373/15/1228 1354/16/1189 1372/16/1227
f 1354/16/1189 1373/15/1228 1356/15/1191
f 1372/16/1230 1354/16/1195 1373/15/1229
f 1356/15/1193 1373/15/1229 1354/16/1195
f 1376/17/1233 1375/6/1232 1374/6/1231
f 1375/6/1232 1376/17/1233 1377/17/1234
f 1374/6/1237 1375/6/1236 1376/17/1235
f 1377/17/1238 1376/17/1235 1375/6/1236
f 1380/15/1241 1379/16/1240 1378/16/1239
f 1379/16/1240 1380/15/1241 1381/15/1242
f 1378/16/1245 1379/16/1244 1380/15/1243
f 1381/15/1246 1380/15/1243 1379/16/1244
f 1377/17/1234 1360/6/1205 1375/6/1232
f 1360/6/1205 1377/17/1234 1362/17/1207
f 1375/6/1236 1360/6/1211 1377/17/1238
f 1362/17/1209 1377/17/1238 1360/6/1211
f 1367/15/1216 1378/16/1239 1366/16/1215
f 1378/16/1239 1367/15/1216 1380/15/1241
f 1366/16/1217 1378/16/1245 1367/15/1218
f 1380/15/1243 1367/15/1218 1378/16/1245
f 1363/17/1208 1382/6/1247 1361/6/1206
f 1382/6/1247 1363/17/1208 1383/17/1248
f 1361/6/1210 1382/6/1249 1363/17/1212
f 1383/17/1250 1363/17/1212 1382/6/1249
f 1371/17/1222 1374/6/1231 1369/6/1220
f 1374/6/1231 1371/17/1222 1376/17/1233
f 1369/6/1224 1374/6/1237 1371/17/1226
f 1376/17/1235 1371/17/1226 1374/6/1237
f 1378/16/1239 1383/17/1248 1363/17/1208
f 1383/17/1248 1378/16/1239 1379/16/1240
f 1363/17/1212 1383/17/1250 1378/16/1245
f 1379/16/1244 1378/16/1245 1383/17/1250
f 1347/10/1251 1381/15/1242 1380/15/1241
f 1381/15/1242 1347/10/1251 1345/10/1252
f 1380/15/1243 1381/15/1246 1347/10/1253
f 1345/10/1254 1347/10/1253 1381/15/1246
f 1355/16/1190 1377/17/1234 1376/17/1233
f 1377/17/1234 1355/16/1190 1358/16/1201
f 1376/17/1235 1377/17/1238 1355/16/1194
f 1358/16/1203 1355/16/1194 1377/17/1238
f 1353/10/1255 1356/15/1191 1373/15/1228
f 1356/15/1191 1353/10/1255 1352/10/1197
f 1373/15/1229 1356/15/1193 1353/10/1256
f 1352/10/1199 1353/10/1256 1356/15/1193
f 1346/10/1257 1381/15/1257 1345/10/1257
f 1381/15/1257 1346/10/1257 1383/17/1257
f 1383/17/1257 1379/16/1257 1381/15/1257
f 1364/6/1257 1383/17/1257 1346/10/1257
f 1383/17/1257 1364/6/1257 1382/6/1257
f 1345/10/1258 1381/15/1258 1346/10/1258
f 1383/17/1258 1346/10/1258 1381/15/1258
f 1381/15/1258 1379/16/1258 1383/17/1258
f 1346/10/1258 1383/17/1258 1364/6/1258
f 1382/6/1258 1364/6/1258 1383/17/1258
f 1349/10/1259 1380/15/1241 1367/15/1216
f 1380/15/1241 1349/10/1259 1347/10/1251
f 1367/15/1218 1380/15/1243 1349/10/1260
f 1347/10/1253 1349/10/1260 1380/15/1243
f 1358/16/1201 1362/17/1207 1377/17/1234
f 1362/17/1207 1358/16/1201 1366/16/1215
f 1377/17/1238 1362/17/1209 1358/16/1203
f 1366/16/1217 1358/16/1203 1362/17/1209
f 1354/16/1189 1376/17/1233 1371/17/1222
f 1376/17/1233 1354/16/1189 1355/16/1190
f 1371/17/1226 1376/17/1235 1354/16/1195
f 1355/16/1194 1354/16/1195 1376/17/1235
f 1350/10/1261 1367/15/1216 1359/15/1202
f 1367/15/1216 1350/10/1261 1349/10/1259
f 1359/15/1204 1367/15/1218 1350/10/1262
f 1349/10/1260 1350/10/1262 1367/15/1218
f 1351/10/1198 1359/15/1202 1357/15/1192
f 1359/15/1202 1351/10/1198 1350/10/1261
f 1357/15/1196 1359/15/1204 1351/10/1200
f 1350/10/1262 1351/10/1200 1359/15/1204
f 1372/16/1227 1371/17/1222 1370/17/1221
f 1371/17/1222 1372/16/1227 1354/16/1189
f 1370/17/1223 1371/17/1226 1372/16/1230
f 1354/16/1195 1372/16/1230 1371/17/1226
f 1366/16/1215 1363/17/1208 1362/17/1207
f 1363/17/1208 1366/16/1215 1378/16/1239
f 1362/17/1209 1363/17/1212 1366/16/1217
f 1378/16/1245 1366/16/1217 1363/17/1212
f 1365/6/1258 1370/17/1258 1368/6/1258
f 1370/17/1258 1365/6/1258 1373/15/1258
f 1373/15/1258 1372/16/1258 1370/17/1258
f 1348/10/1258 1373/15/1258 1365/6/1258
f 1373/15/1258 1348/10/1258 1353/10/1258
f 1368/6/1257 1370/17/1257 1365/6/1257
f 1373/15/1257 1365/6/1257 1370/17/1257
f 1370/17/1257 1372/16/1257 1373/15/1257
f 1365/6/1257 1373/15/1257 1348/10/1257
f 1353/10/1257 1348/10/1257 1373/15/1257
f 1365/6/2 1382/6/2 1364/6/2
f 1382/6/2 1365/6/2 1361/6/2
f 1361/6/2 1365/6/2 1360/6/2
f 1360/6/2 1365/6/2 1375/6/2
f 1375/6/2 1365/6/2 1374/6/2
f 1374/6/2 1365/6/2 1369/6/2
f 1369/6/2 1365/6/2 1368/6/2
f 1364/6/1 1382/6/1 1365/6/1
f 1361/6/1 1365/6/1 1382/6/1
f 1360/6/1 1365/6/1 1361/6/1
f 1375/6/1 1365/6/1 1360/6/1
f 1374/6/1 1365/6/1 1375/6/1
f 1369/6/1 1365/6/1 1374/6/1
f 1368/6/1 1365/6/1 1369/6/1
f 1386/6/2 1385/6/2 1384/6/2
f 1385/6/2 1386/6/2 1387/6/2
f 1387/6/2 1386/6/2 1388/6/2
f 1387/6/2 1388/6/2 1389/6/2
f 1384/6/1 1385/6/1 1386/6/1
f 1387/6/1 1386/6/1 1385/6/1
f 1388/6/1 1386/6/1 1387/6/1
f 1389/6/1 1388/6/1 1387/6/1
f 1390/18/1265 1385/6/1264 1387/6/1263
f 1385/6/1264 1390/18/1265 1391/18/1266
f 1387/6/1269 1385/6/1268 1390/18/1267
f 1391/18/1270 1390/18/1267 1385/6/1268
f 1388/6/1273 1392/18/1272 1389/6/1271
f 1392/18/1272 1388/6/1273 1393/18/1274
f 1389/6/1277 1392/18/1276 1388/6/1275
f 1393/18/1278 1388/6/1275 1392/18/1276
f 1389/6/1271 1390/18/1265 1387/6/1263
f 1390/18/1265 1389/6/1271 1392/18/1272
f 1387/6/1269 1390/18/1267 1389/6/1277
f 1392/18/1276 1389/6/1277 1390/18/1267
f 1394/18/1280 1388/6/1273 1386/6/1279
f 1388/6/1273 1394/18/1280 1393/18/1274
f 1386/6/1282 1388/6/1275 1394/18/1281
f 1393/18/1278 1394/18/1281 1388/6/1275
f 1391/18/1266 1384/6/1283 1385/6/1264
f 1384/6/1283 1391/18/1266 1395/18/1284
f 1385/6/1268 1384/6/1285 1391/18/1270
f 1395/18/1286 1391/18/1270 1384/6/1285
f 1395/18/1284 1386/6/1279 1384/6/1283
f 1386/6/1279 1395/18/1284 1394/18/1280
f 1384/6/1285 1386/6/1282 1395/18/1286
f 1394/18/1281 1395/18/1286 1386/6/1282
f 1398/10/1289 1397/10/1288 1396/10/1287
f 1397/10/1288 1398/10/1289 1399/10/1290
f 1397/10/1288 1399/10/1290 1400/10/1291
f 1400/10/1291 1399/10/1290 1401/10/1292
f 1396/10/1295 1397/10/1294 1398/10/1293
f 1399/10/1296 1398/10/1293 1397/10/1294
f 1400/10/1297 1399/10/1296 1397/10/1294
f 1401/10/1298 1399/10/1296 1400/10/1297
f 1390/18/1265 1401/10/1292 1399/10/1290
f 1401/10/1292 1390/18/1265 1392/18/1272
f 1399/10/1296 1401/10/1298 1390/18/1267
f 1392/18/1276 1390/18/1267 1401/10/1298
f 1397/10/1288 1393/18/1274 1394/18/1280
f 1393/18/1274 1397/10/1288 1400/10/1291
f 1394/18/1281 1393/18/1278 1397/10/1294
f 1400/10/1297 1397/10/1294 1393/18/1278
f 1391/18/1266 1396/10/1287 1395/18/1284
f 1396/10/1287 1391/18/1266 1398/10/1289
f 1395/18/1286 1396/10/1295 1391/18/1270
f 1398/10/1293 1391/18/1270 1396/10/1295
f 1401/10/1292 1393/18/1274 1400/10/1291
f 1393/18/1274 1401/10/1292 1392/18/1272
f 1400/10/1297 1393/18/1278 1401/10/1298
f 1392/18/1276 1401/10/1298 1393/18/1278
f 1396/10/1287 1394/18/1280 1395/18/1284
f 1394/18/1280 1396/10/1287 1397/10/1288
f 1395/18/1286 1394/18/1281 1396/10/1295
f 1397/10/1294 1396/10/1295 1394/18/1281
f 1390/18/1265 1398/10/1289 1391/18/1266
f 1398/10/1289 1390/18/1265 1399/10/1290
f 1391/18/1270 1398/10/1293 1390/18/1267
f 1399/10/1296 1390/18/1267 1398/10/1293
f 1404/6/487 1403/7/484 1402/6/489
f 1403/7/484 1404/6/487 1405/7/483
f 1402/6/490 1403/7/486 1404/6/488
f 1405/7/485 1404/6/488 1403/7/486
f 1407/7/470 1404/6/487 1406/6/468
f 1404/6/487 1407/7/470 1405/7/483
f 1406/6/472 1404/6/488 1407/7/474
f 1405/7/485 1407/7/474 1404/6/488
f 1410/8/461 1409/6/460 1408/6/459
f 1409/6/460 1410/8/461 1411/8/462
f 1408/6/465 1409/6/464 1410/8/463
f 1411/8/466 1410/8/463 1409/6/464
f 1409/6/460 1413/8/477 1412/6/475
f 1413/8/477 1409/6/460 1411/8/462
f 1412/6/481 1413/8/479 1409/6/464
f 1411/8/466 1409/6/464 1413/8/479
f 1415/8/478 1408/6/459 1414/6/476
f 1408/6/459 1415/8/478 1410/8/461
f 1414/6/480 1408/6/465 1415/8/482
f 1410/8/463 1415/8/482 1408/6/465
f 1403/7/484 1416/6/467 1402/6/489
f 1416/6/467 1403/7/484 1417/7/469
f 1402/6/490 1416/6/473 1403/7/486
f 1417/7/471 1403/7/486 1416/6/473
f 1413/8/477 1414/6/476 1412/6/475
f 1414/6/476 1413/8/477 1415/8/478
f 1412/6/481 1414/6/480 1413/8/479
f 1415/8/482 1413/8/479 1414/6/480
f 1413/8/477 1410/8/461 1415/8/478
f 1410/8/461 1413/8/477 1411/8/462
f 1415/8/482 1410/8/463 1413/8/479
f 1411/8/466 1413/8/479 1410/8/463
f 1417/7/469 1405/7/483 1407/7/470
f 1405/7/483 1417/7/469 1403/7/484
f 1407/7/474 1405/7/485 1417/7/471
f 1403/7/486 1417/7/471 1405/7/485
f 1417/7/469 1406/6/468 1416/6/467
f 1406/6/468 1417/7/469 1407/7/470
f 1416/6/473 1406/6/472 1417/7/471
f 1407/7/474 1417/7/471 1406/6/472
f 1420/6/521 1419/8/505 1418/6/503
f 1419/8/505 1420/6/521 1421/8/512
f 1418/6/509 1419/8/507 1420/6/522
f 1421/8/514 1420/6/522 1419/8/507
f 1419/8/505 1423/8/511 1422/8/506
f 1423/8/511 1419/8/505 1421/8/512
f 1422/8/510 1423/8/513 1419/8/507
f 1421/8/514 1419/8/507 1423/8/513
f 1419/8/505 1424/6/504 1418/6/503
f 1424/6/504 1419/8/505 1422/8/506
f 1418/6/509 1424/6/508 1419/8/507
f 1422/8/510 1419/8/507 1424/6/508
f 1423/8/511 1420/6/521 1425/6/519
f 1420/6/521 1423/8/511 1421/8/512
f 1425/6/520 1420/6/522 1423/8/513
f 1421/8/514 1423/8/513 1420/6/522
f 1428/8/1301 1427/6/1300 1426/6/1299
f 1427/6/1300 1428/8/1301 1429/8/1302
f 1426/6/1305 1427/6/1304 1428/8/1303
f 1429/8/1306 1428/8/1303 1427/6/1304
f 1432/8/1309 1431/6/1308 1430/6/1307
f 1431/6/1308 1432/8/1309 1433/8/1310
f 1430/6/1313 1431/6/1312 1432/8/1311
f 1433/8/1314 1432/8/1311 1431/6/1312
f 1427/6/1300 1432/8/1309 1430/6/1307
f 1432/8/1309 1427/6/1300 1429/8/1302
f 1430/6/1313 1432/8/1311 1427/6/1304
f 1429/8/1306 1427/6/1304 1432/8/1311
f 1422/8/506 1425/6/519 1424/6/504
f 1425/6/519 1422/8/506 1423/8/511
f 1424/6/508 1425/6/520 1422/8/510
f 1423/8/513 1422/8/510 1425/6/520
f 1436/7/494 1435/7/515 1434/7/492
f 1435/7/515 1436/7/494 1437/7/500
f 1434/7/496 1435/7/518 1436/7/498
f 1437/7/502 1436/7/498 1435/7/518
f 1439/6/499 1436/7/494 1438/6/493
f 1436/7/494 1439/6/499 1437/7/500
f 1438/6/495 1436/7/498 1439/6/501
f 1437/7/502 1439/6/501 1436/7/498
f 1432/8/1309 1428/8/1301 1433/8/1310
f 1428/8/1301 1432/8/1309 1429/8/1302
f 1433/8/1314 1428/8/1303 1432/8/1311
f 1429/8/1306 1432/8/1311 1428/8/1303
f 1438/6/493 1434/7/492 1440/6/491
f 1434/7/492 1438/6/493 1436/7/494
f 1440/6/497 1434/7/496 1438/6/495
f 1436/7/498 1438/6/495 1434/7/496
f 1433/8/1310 1426/6/1299 1431/6/1308
f 1426/6/1299 1433/8/1310 1428/8/1301
f 1431/6/1312 1426/6/1305 1433/8/1314
f 1428/8/1303 1433/8/1314 1426/6/1305
f 1437/7/500 1441/6/516 1435/7/515
f 1441/6/516 1437/7/500 1439/6/499
f 1435/7/518 1441/6/517 1437/7/502
f 1439/6/501 1437/7/502 1441/6/517
f 1434/7/492 1441/6/516 1440/6/491
f 1441/6/516 1434/7/492 1435/7/515
f 1440/6/497 1441/6/517 1434/7/496
f 1435/7/518 1434/7/496 1441/6/517
f 1444/10/1 1443/10/1 1442/10/1
f 1443/10/1 1444/10/1 724/10/1
f 724/10/1 1444/10/1 1445/10/1
f 724/10/1 1445/10/1 1446/10/1
f 724/10/1 1446/10/1 1447/10/1
f 724/10/1 1447/10/1 1448/10/1
f 724/10/1 1448/10/1 689/10/1
f 1442/10/2 1443/10/2 1444/10/2
f 724/10/2 1444/10/2 1443/10/2
f 1445/10/2 1444/10/2 724/10/2
f 1446/10/2 1445/10/2 724/10/2
f 1447/10/2 1446/10/2 724/10/2
f 1448/10/2 1447/10/2 724/10/2
f 689/10/2 1448/10/2 724/10/2
f 1451/15/1317 1450/16/1316 1449/16/1315
f 1450/16/1316 1451/15/1317 1452/15/1318
f 1449/16/1321 1450/16/1320 1451/15/1319
f 1452/15/1322 1451/15/1319 1450/16/1320
f 1448/10/1323 1452/15/1318 1451/15/1317
f 1452/15/1318 1448/10/1323 1447/10/1324
f 1451/15/1319 1452/15/1322 1448/10/1325
f 1447/10/1326 1448/10/1325 1452/15/1322
f 1452/15/1318 1453/16/1327 1450/16/1316
f 1453/16/1327 1452/15/1318 1454/15/1328
f 1450/16/1320 1453/16/1329 1452/15/1322
f 1454/15/1330 1452/15/1322 1453/16/1329
f 1457/17/1333 1456/6/1332 1455/6/1331
f 1456/6/1332 1457/17/1333 1458/17/1334
f 1455/6/1337 1456/6/1336 1457/17/1335
f 1458/17/1338 1457/17/1335 1456/6/1336
f 1443/10/1339 1460/6/1339 1459/6/1339
f 1460/6/1339 1443/10/1339 724/10/1339
f 1459/6/1340 1460/6/1340 1443/10/1340
f 724/10/1340 1443/10/1340 1460/6/1340
f 1454/15/1328 1461/16/1341 1453/16/1327
f 1461/16/1341 1454/15/1328 1462/15/1342
f 1453/16/1329 1461/16/1343 1454/15/1330
f 1462/15/1344 1454/15/1330 1461/16/1343
f 1465/17/1347 1464/6/1346 1463/6/1345
f 1464/6/1346 1465/17/1347 1466/17/1348
f 1463/6/1351 1464/6/1350 1465/17/1349
f 1466/17/1352 1465/17/1349 1464/6/1350
f 1468/15/1354 1449/16/1315 1467/16/1353
f 1449/16/1315 1468/15/1354 1451/15/1317
f 1467/16/1356 1449/16/1321 1468/15/1355
f 1451/15/1319 1468/15/1355 1449/16/1321
f 1471/17/1359 1470/6/1358 1469/6/1357
f 1470/6/1358 1471/17/1359 1472/17/1360
f 1469/6/1363 1470/6/1362 1471/17/1361
f 1472/17/1364 1471/17/1361 1470/6/1362
f 1475/15/1367 1474/16/1366 1473/16/1365
f 1474/16/1366 1475/15/1367 1476/15/1368
f 1473/16/1371 1474/16/1370 1475/15/1369
f 1476/15/1372 1475/15/1369 1474/16/1370
f 1472/17/1360 1455/6/1331 1470/6/1358
f 1455/6/1331 1472/17/1360 1457/17/1333
f 1470/6/1362 1455/6/1337 1472/17/1364
f 1457/17/1335 1472/17/1364 1455/6/1337
f 1462/15/1342 1473/16/1365 1461/16/1341
f 1473/16/1365 1462/15/1342 1475/15/1367
f 1461/16/1343 1473/16/1371 1462/15/1344
f 1475/15/1369 1462/15/1344 1473/16/1371
f 1458/17/1334 1477/6/1373 1456/6/1332
f 1477/6/1373 1458/17/1334 1478/17/1374
f 1456/6/1336 1477/6/1375 1458/17/1338
f 1478/17/1376 1458/17/1338 1477/6/1375
f 1466/17/1348 1469/6/1357 1464/6/1346
f 1469/6/1357 1466/17/1348 1471/17/1359
f 1464/6/1350 1469/6/1363 1466/17/1352
f 1471/17/1361 1466/17/1352 1469/6/1363
f 1473/16/1365 1478/17/1374 1458/17/1334
f 1478/17/1374 1473/16/1365 1474/16/1366
f 1458/17/1338 1478/17/1376 1473/16/1371
f 1474/16/1370 1473/16/1371 1478/17/1376
f 1444/10/1377 1476/15/1368 1475/15/1367
f 1476/15/1368 1444/10/1377 1442/10/1378
f 1475/15/1369 1476/15/1372 1444/10/1379
f 1442/10/1380 1444/10/1379 1476/15/1372
f 1450/16/1316 1472/17/1360 1471/17/1359
f 1472/17/1360 1450/16/1316 1453/16/1327
f 1471/17/1361 1472/17/1364 1450/16/1320
f 1453/16/1329 1450/16/1320 1472/17/1364
f 689/10/1381 1451/15/1317 1468/15/1354
f 1451/15/1317 689/10/1381 1448/10/1323
f 1468/15/1355 1451/15/1319 689/10/1382
f 1448/10/1325 689/10/1382 1451/15/1319
f 1443/10/1383 1476/15/1383 1442/10/1383
f 1476/15/1383 1443/10/1383 1478/17/1383
f 1478/17/1383 1474/16/1383 1476/15/1383
f 1459/6/1383 1478/17/1383 1443/10/1383
f 1478/17/1383 1459/6/1383 1477/6/1383
f 1442/10/1384 1476/15/1384 1443/10/1384
f 1478/17/1384 1443/10/1384 1476/15/1384
f 1476/15/1384 1474/16/1384 1478/17/1384
f 1443/10/1384 1478/17/1384 1459/6/1384
f 1477/6/1384 1459/6/1384 1478/17/1384
f 1445/10/1385 1475/15/1367 1462/15/1342
f 1475/15/1367 1445/10/1385 1444/10/1377
f 1462/15/1344 1475/15/1369 1445/10/1386
f 1444/10/1379 1445/10/1386 1475/15/1369
f 1453/16/1327 1457/17/1333 1472/17/1360
f 1457/17/1333 1453/16/1327 1461/16/1341
f 1472/17/1364 1457/17/1335 1453/16/1329
f 1461/16/1343 1453/16/1329 1457/17/1335
f 1449/16/1315 1471/17/1359 1466/17/1348
f 1471/17/1359 1449/16/1315 1450/16/1316
f 1466/17/1352 1471/17/1361 1449/16/1321
f 1450/16/1320 1449/16/1321 1471/17/1361
f 1446/10/1387 1462/15/1342 1454/15/1328
f 1462/15/1342 1446/10/1387 1445/10/1385
f 1454/15/1330 1462/15/1344 1446/10/1388
f 1445/10/1386 1446/10/1388 1462/15/1344
f 1447/10/1324 1454/15/1328 1452/15/1318
f 1454/15/1328 1447/10/1324 1446/10/1387
f 1452/15/1322 1454/15/1330 1447/10/1326
f 1446/10/1388 1447/10/1326 1454/15/1330
f 1467/16/1353 1466/17/1348 1465/17/1347
f 1466/17/1348 1467/16/1353 1449/16/1315
f 1465/17/1349 1466/17/1352 1467/16/1356
f 1449/16/1321 1467/16/1356 1466/17/1352
f 1461/16/1341 1458/17/1334 1457/17/1333
f 1458/17/1334 1461/16/1341 1473/16/1365
f 1457/17/1335 1458/17/1338 1461/16/1343
f 1473/16/1371 1461/16/1343 1458/17/1338
f 1460/6/1384 1465/17/1384 1463/6/1384
f 1465/17/1384 1460/6/1384 1468/15/1384
f 1468/15/1384 1467/16/1384 1465/17/1384
f 724/10/1384 1468/15/1384 1460/6/1384
f 1468/15/1384 724/10/1384 689/10/1384
f 1463/6/1383 1465/17/1383 1460/6/1383
f 1468/15/1383 1460/6/1383 1465/17/1383
f 1465/17/1383 1467/16/1383 1468/15/1383
f 1460/6/1383 1468/15/1383 724/10/1383
f 689/10/1383 724/10/1383 1468/15/1383
f 1460/6/2 1477/6/2 1459/6/2
f 1477/6/2 1460/6/2 1456/6/2
f 1456/6/2 1460/6/2 1455/6/2
f 1455/6/2 1460/6/2 1470/6/2
f 1470/6/2 1460/6/2 1469/6/2
f 1469/6/2 1460/6/2 1464/6/2
f 1464/6/2 1460/6/2 1463/6/2
f 1459/6/1 1477/6/1 1460/6/1
f 1456/6/1 1460/6/1 1477/6/1
f 1455/6/1 1460/6/1 1456/6/1
f 1470/6/1 1460/6/1 1455/6/1
f 1469/6/1 1460/6/1 1470/6/1
f 1464/6/1 1460/6/1 1469/6/1
f 1463/6/1 1460/6/1 1464/6/1
f 1481/6/2 1480/6/2 1479/6/2
f 1480/6/2 1481/6/2 1482/6/2
f 1482/6/2 1481/6/2 1483/6/2
f 1482/6/2 1483/6/2 1484/6/2
f 1479/6/1 1480/6/1 1481/6/1
f 1482/6/1 1481/6/1 1480/6/1
f 1483/6/1 1481/6/1 1482/6/1
f 1484/6/1 1483/6/1 1482/6/1
f 1485/18/1391 1480/6/1390 1482/6/1389
f 1480/6/1390 1485/18/1391 1486/18/1392
f 1482/6/1395 1480/6/1394 1485/18/1393
f 1486/18/1396 1485/18/1393 1480/6/1394
f 1483/6/1399 1487/18/1398 1484/6/1397
f 1487/18/1398 1483/6/1399 1488/18/1400
f 1484/6/1403 1487/18/1402 1483/6/1401
f 1488/18/1404 1483/6/1401 1487/18/1402
f 1484/6/1397 1485/18/1391 1482/6/1389
f 1485/18/1391 1484/6/1397 1487/18/1398
f 1482/6/1395 1485/18/1393 1484/6/1403
f 1487/18/1402 1484/6/1403 1485/18/1393
f 1489/18/1406 1483/6/1399 1481/6/1405
f 1483/6/1399 1489/18/1406 1488/18/1400
f 1481/6/1408 1483/6/1401 1489/18/1407
f 1488/18/1404 1489/18/1407 1483/6/1401
f 1486/18/1392 1479/6/1409 1480/6/1390
f 1479/6/1409 1486/18/1392 1490/18/1410
f 1480/6/1394 1479/6/1411 1486/18/1396
f 1490/18/1412 1486/18/1396 1479/6/1411
f 1490/18/1410 1481/6/1405 1479/6/1409
f 1481/6/1405 1490/18/1410 1489/18/1406
f 1479/6/1411 1481/6/1408 1490/18/1412
f 1489/18/1407 1490/18/1412 1481/6/1408
f 1493/10/1415 1492/10/1414 1491/10/1413
f 1492/10/1414 1493/10/1415 1494/10/1416
f 1492/10/1414 1494/10/1416 1495/10/1417
f 1495/10/1417 1494/10/1416 1496/10/1418
f 1491/10/1421 1492/10/1420 1493/10/1419
f 1494/10/1422 1493/10/1419 1492/10/1420
f 1495/10/1423 1494/10/1422 1492/10/1420
f 1496/10/1424 1494/10/1422 1495/10/1423
f 1485/18/1391 1496/10/1418 1494/10/1416
f 1496/10/1418 1485/18/1391 1487/18/1398
f 1494/10/1422 1496/10/1424 1485/18/1393
f 1487/18/1402 1485/18/1393 1496/10/1424
f 1492/10/1414 1488/18/1400 1489/18/1406
f 1488/18/1400 1492/10/1414 1495/10/1417
f 1489/18/1407 1488/18/1404 1492/10/1420
f 1495/10/1423 1492/10/1420 1488/18/1404
f 1486/18/1392 1491/10/1413 1490/18/1410
f 1491/10/1413 1486/18/1392 1493/10/1415
f 1490/18/1412 1491/10/1421 1486/18/1396
f 1493/10/1419 1486/18/1396 1491/10/1421
f 1496/10/1418 1488/18/1400 1495/10/1417
f 1488/18/1400 1496/10/1418 1487/18/1398
f 1495/10/1423 1488/18/1404 1496/10/1424
f 1487/18/1402 1496/10/1424 1488/18/1404
f 1491/10/1413 1489/18/1406 1490/18/1410
f 1489/18/1406 1491/10/1413 1492/10/1414
f 1490/18/1412 1489/18/1407 1491/10/1421
f 1492/10/1420 1491/10/1421 1489/18/1407
f 1485/18/1391 1493/10/1415 1486/18/1392
f 1493/10/1415 1485/18/1391 1494/10/1416
f 1486/18/1396 1493/10/1419 1485/18/1393
f 1494/10/1422 1485/18/1393 1493/10/1419
f 1499/6/4 1498/7/16 1497/6/15
f 1498/7/16 1499/6/4 1500/7/6
f 1497/6/18 1498/7/17 1499/6/8
f 1500/7/10 1499/6/8 1498/7/17
f 1502/7/5 1499/6/4 1501/6/3
f 1499/6/4 1502/7/5 1500/7/6
f 1501/6/9 1499/6/8 1502/7/7
f 1500/7/10 1502/7/7 1499/6/8
f 1505/8/28 1504/6/19 1503/6/27
f 1504/6/19 1505/8/28 1506/8/21
f 1503/6/30 1504/6/25 1505/8/29
f 1506/8/23 1505/8/29 1504/6/25
f 1504/6/19 1508/8/22 1507/6/20
f 1508/8/22 1504/6/19 1506/8/21
f 1507/6/24 1508/8/26 1504/6/25
f 1506/8/23 1504/6/25 1508/8/26
f 1510/8/32 1503/6/27 1509/6/31
f 1503/6/27 1510/8/32 1505/8/28
f 1509/6/33 1503/6/30 1510/8/34
f 1505/8/29 1510/8/34 1503/6/30
f 1498/7/16 1511/6/11 1497/6/15
f 1511/6/11 1498/7/16 1512/7/12
f 1497/6/18 1511/6/13 1498/7/17
f 1512/7/14 1498/7/17 1511/6/13
f 1508/8/22 1509/6/31 1507/6/20
f 1509/6/31 1508/8/22 1510/8/32
f 1507/6/24 1509/6/33 1508/8/26
f 1510/8/34 1508/8/26 1509/6/33
f 1508/8/22 1505/8/28 1510/8/32
f 1505/8/28 1508/8/22 1506/8/21
f 1510/8/34 1505/8/29 1508/8/26
f 1506/8/23 1508/8/26 1505/8/29
f 1512/7/12 1500/7/6 1502/7/5
f 1500/7/6 1512/7/12 1498/7/16
f 1502/7/7 1500/7/10 1512/7/14
f 1498/7/17 1512/7/14 1500/7/10
f 1515/6/65 1514/7/43 1513/6/44
f 1514/7/43 1515/6/65 1516/7/59
f 1513/6/48 1514/7/49 1515/6/66
f 1516/7/62 1515/6/66 1514/7/49
f 1519/7/45 1518/6/63 1517/6/46
f 1518/6/63 1519/7/45 1520/7/60
f 1517/6/50 1518/6/64 1519/7/47
f 1520/7/61 1519/7/47 1518/6/64
f 1513/6/44 1519/7/45 1517/6/46
f 1519/7/45 1513/6/44 1514/7/43
f 1517/6/50 1519/7/47 1513/6/48
f 1514/7/49 1513/6/48 1519/7/47
f 1516/7/59 1518/6/63 1520/7/60
f 1518/6/63 1516/7/59 1515/6/65
f 1520/7/61 1518/6/64 1516/7/62
f 1515/6/66 1516/7/62 1518/6/64
f 1514/7/43 1520/7/60 1519/7/45
f 1520/7/60 1514/7/43 1516/7/59
f 1519/7/47 1520/7/61 1514/7/49
f 1516/7/62 1514/7/49 1520/7/61
f 1512/7/12 1501/6/3 1511/6/11
f 1501/6/3 1512/7/12 1502/7/5
f 1511/6/13 1501/6/9 1512/7/14
f 1502/7/7 1512/7/14 1501/6/9
f 1523/8/52 1522/6/55 1521/6/51
f 1522/6/55 1523/8/52 1524/8/56
f 1521/6/53 1522/6/58 1523/8/54
f 1524/8/57 1523/8/54 1522/6/58
f 1526/8/38 1521/6/51 1525/6/36
f 1521/6/51 1526/8/38 1523/8/52
f 1525/6/40 1521/6/53 1526/8/42
f 1523/8/54 1526/8/42 1521/6/53
f 1524/8/56 1527/6/35 1522/6/55
f 1527/6/35 1524/8/56 1528/8/37
f 1522/6/58 1527/6/41 1524/8/57
f 1528/8/39 1524/8/57 1527/6/41
f 1527/6/35 1526/8/38 1525/6/36
f 1526/8/38 1527/6/35 1528/8/37
f 1525/6/40 1526/8/42 1527/6/41
f 1528/8/39 1527/6/41 1526/8/42
f 1526/8/38 1524/8/56 1523/8/52
f 1524/8/56 1526/8/38 1528/8/37
f 1523/8/54 1524/8/57 1526/8/42
f 1528/8/39 1526/8/42 1524/8/57
f 1529/10/1 979/10/1 970/10/1
f 979/10/1 1529/10/1 1530/10/1
f 1530/10/1 1529/10/1 1531/10/1
f 1530/10/1 1531/10/1 1532/10/1
f 1530/10/1 1532/10/1 1533/10/1
f 1530/10/1 1533/10/1 1534/10/1
f 1530/10/1 1534/10/1 1535/10/1
f 970/10/2 979/10/2 1529/10/2
f 1530/10/2 1529/10/2 979/10/2
f 1531/10/2 1529/10/2 1530/10/2
f 1532/10/2 1531/10/2 1530/10/2
f 1533/10/2 1532/10/2 1530/10/2
f 1534/10/2 1533/10/2 1530/10/2
f 1535/10/2 1534/10/2 1530/10/2
f 1538/15/1427 1537/16/1426 1536/16/1425
f 1537/16/1426 1538/15/1427 1539/15/1428
f 1536/16/1431 1537/16/1430 1538/15/1429
f 1539/15/1432 1538/15/1429 1537/16/1430
f 1534/10/1433 1539/15/1428 1538/15/1427
f 1539/15/1428 1534/10/1433 1533/10/1434
f 1538/15/1429 1539/15/1432 1534/10/1435
f 1533/10/1436 1534/10/1435 1539/15/1432
f 1539/15/1428 1540/16/1437 1537/16/1426
f 1540/16/1437 1539/15/1428 1541/15/1438
f 1537/16/1430 1540/16/1439 1539/15/1432
f 1541/15/1440 1539/15/1432 1540/16/1439
f 1544/17/1443 1543/6/1442 1542/6/1441
f 1543/6/1442 1544/17/1443 1545/17/1444
f 1542/6/1447 1543/6/1446 1544/17/1445
f 1545/17/1448 1544/17/1445 1543/6/1446
f 979/10/1449 1547/6/1449 1546/6/1449
f 1547/6/1449 979/10/1449 1530/10/1449
f 1546/6/1450 1547/6/1450 979/10/1450
f 1530/10/1450 979/10/1450 1547/6/1450
f 1541/15/1438 1548/16/1451 1540/16/1437
f 1548/16/1451 1541/15/1438 1549/15/1452
f 1540/16/1439 1548/16/1453 1541/15/1440
f 1549/15/1454 1541/15/1440 1548/16/1453
f 1552/17/1457 1551/6/1456 1550/6/1455
f 1551/6/1456 1552/17/1457 1553/17/1458
f 1550/6/1461 1551/6/1460 1552/17/1459
f 1553/17/1462 1552/17/1459 1551/6/1460
f 1555/15/1464 1536/16/1425 1554/16/1463
f 1536/16/1425 1555/15/1464 1538/15/1427
f 1554/16/1466 1536/16/1431 1555/15/1465
f 1538/15/1429 1555/15/1465 1536/16/1431
f 1558/17/1469 1557/6/1468 1556/6/1467
f 1557/6/1468 1558/17/1469 1559/17/1470
f 1556/6/1473 1557/6/1472 1558/17/1471
f 1559/17/1474 1558/17/1471 1557/6/1472
f 1562/15/1477 1561/16/1476 1560/16/1475
f 1561/16/1476 1562/15/1477 1563/15/1478
f 1560/16/1481 1561/16/1480 1562/15/1479
f 1563/15/1482 1562/15/1479 1561/16/1480
f 1559/17/1470 1542/6/1441 1557/6/1468
f 1542/6/1441 1559/17/1470 1544/17/1443
f 1557/6/1472 1542/6/1447 1559/17/1474
f 1544/17/1445 1559/17/1474 1542/6/1447
f 1549/15/1452 1560/16/1475 1548/16/1451
f 1560/16/1475 1549/15/1452 1562/15/1477
f 1548/16/1453 1560/16/1481 1549/15/1454
f 1562/15/1479 1549/15/1454 1560/16/1481
f 1545/17/1444 1564/6/1483 1543/6/1442
f 1564/6/1483 1545/17/1444 1565/17/1484
f 1543/6/1446 1564/6/1485 1545/17/1448
f 1565/17/1486 1545/17/1448 1564/6/1485
f 1553/17/1458 1556/6/1467 1551/6/1456
f 1556/6/1467 1553/17/1458 1558/17/1469
f 1551/6/1460 1556/6/1473 1553/17/1462
f 1558/17/1471 1553/17/1462 1556/6/1473
f 1560/16/1475 1565/17/1484 1545/17/1444
f 1565/17/1484 1560/16/1475 1561/16/1476
f 1545/17/1448 1565/17/1486 1560/16/1481
f 1561/16/1480 1560/16/1481 1565/17/1486
f 1529/10/1487 1563/15/1478 1562/15/1477
f 1563/15/1478 1529/10/1487 970/10/1488
f 1562/15/1479 1563/15/1482 1529/10/1489
f 970/10/1490 1529/10/1489 1563/15/1482
f 1537/16/1426 1559/17/1470 1558/17/1469
f 1559/17/1470 1537/16/1426 1540/16/1437
f 1558/17/1471 1559/17/1474 1537/16/1430
f 1540/16/1439 1537/16/1430 1559/17/1474
f 1535/10/1491 1538/15/1427 1555/15/1464
f 1538/15/1427 1535/10/1491 1534/10/1433
f 1555/15/1465 1538/15/1429 1535/10/1492
f 1534/10/1435 1535/10/1492 1538/15/1429
f 979/10/1493 1563/15/1493 970/10/1493
f 1563/15/1493 979/10/1493 1565/17/1493
f 1565/17/1493 1561/16/1493 1563/15/1493
f 1546/6/1493 1565/17/1493 979/10/1493
f 1565/17/1493 1546/6/1493 1564/6/1493
f 970/10/1494 1563/15/1494 979/10/1494
f 1565/17/1494 979/10/1494 1563/15/1494
f 1563/15/1494 1561/16/1494 1565/17/1494
f 979/10/1494 1565/17/1494 1546/6/1494
f 1564/6/1494 1546/6/1494 1565/17/1494
f 1531/10/1495 1562/15/1477 1549/15/1452
f 1562/15/1477 1531/10/1495 1529/10/1487
f 1549/15/1454 1562/15/1479 1531/10/1496
f 1529/10/1489 1531/10/1496 1562/15/1479
f 1540/16/1437 1544/17/1443 1559/17/1470
f 1544/17/1443 1540/16/1437 1548/16/1451
f 1559/17/1474 1544/17/1445 1540/16/1439
f 1548/16/1453 1540/16/1439 1544/17/1445
f 1536/16/1425 1558/17/1469 1553/17/1458
f 1558/17/1469 1536/16/1425 1537/16/1426
f 1553/17/1462 1558/17/1471 1536/16/1431
f 1537/16/1430 1536/16/1431 1558/17/1471
f 1532/10/1497 1549/15/1452 1541/15/1438
f 1549/15/1452 1532/10/1497 1531/10/1495
f 1541/15/1440 1549/15/1454 1532/10/1498
f 1531/10/1496 1532/10/1498 1549/15/1454
f 1533/10/1434 1541/15/1438 1539/15/1428
f 1541/15/1438 1533/10/1434 1532/10/1497
f 1539/15/1432 1541/15/1440 1533/10/1436
f 1532/10/1498 1533/10/1436 1541/15/1440
f 1554/16/1463 1553/17/1458 1552/17/1457
f 1553/17/1458 1554/16/1463 1536/16/1425
f 1552/17/1459 1553/17/1462 1554/16/1466
f 1536/16/1431 1554/16/1466 1553/17/1462
f 1548/16/1451 1545/17/1444 1544/17/1443
f 1545/17/1444 1548/16/1451 1560/16/1475
f 1544/17/1445 1545/17/1448 1548/16/1453
f 1560/16/1481 1548/16/1453 1545/17/1448
f 1547/6/1494 1552/17/1494 1550/6/1494
f 1552/17/1494 1547/6/1494 1555/15/1494
f 1555/15/1494 1554/16/1494 1552/17/1494
f 1530/10/1494 1555/15/1494 1547/6/1494
f 1555/15/1494 1530/10/1494 1535/10/1494
f 1550/6/1493 1552/17/1493 1547/6/1493
f 1555/15/1493 1547/6/1493 1552/17/1493
f 1552/17/1493 1554/16/1493 1555/15/1493
f 1547/6/1493 1555/15/1493 1530/10/1493
f 1535/10/1493 1530/10/1493 1555/15/1493
f 1547/6/2 1564/6/2 1546/6/2
f 1564/6/2 1547/6/2 1543/6/2
f 1543/6/2 1547/6/2 1542/6/2
f 1542/6/2 1547/6/2 1557/6/2
f 1557/6/2 1547/6/2 1556/6/2
f 1556/6/2 1547/6/2 1551/6/2
f 1551/6/2 1547/6/2 1550/6/2
f 1546/6/1 1564/6/1 1547/6/1
f 1543/6/1 1547/6/1 1564/6/1
f 1542/6/1 1547/6/1 1543/6/1
f 1557/6/1 1547/6/1 1542/6/1
f 1556/6/1 1547/6/1 1557/6/1
f 1551/6/1 1547/6/1 1556/6/1
f 1550/6/1 1547/6/1 1551/6/1
f 1568/11/1501 1567/10/1500 1566/10/1499
f 1567/10/1500 1568/11/1501 1569/11/1502
f 1566/10/1505 1567/10/1504 1568/11/1503
f 1569/11/1506 1568/11/1503 1567/10/1504
f 1572/10/1509 1571/11/1508 1570/11/1507
f 1571/11/1508 1572/10/1509 1573/10/1510
f 1570/11/1513 1571/11/1512 1572/10/1511
f 1573/10/1514 1572/10/1511 1571/11/1512
f 1568/11/1501 1575/10/1516 1574/11/1515
f 1575/10/1516 1568/11/1501 1566/10/1499
f 1574/11/1518 1575/10/1517 1568/11/1503
f 1566/10/1505 1568/11/1503 1575/10/1517
f 1574/11/1515 1577/6/1520 1576/6/1519
f 1577/6/1520 1574/11/1515 1578/11/1521
f 1576/6/1523 1577/6/1522 1574/11/1518
f 1578/11/1524 1574/11/1518 1577/6/1522
f 1578/11/1521 1579/6/1525 1577/6/1520
f 1579/6/1525 1578/11/1521 1570/11/1507
f 1577/6/1522 1579/6/1526 1578/11/1524
f 1570/11/1513 1578/11/1524 1579/6/1526
f 1574/11/1515 1580/10/1527 1578/11/1521
f 1580/10/1527 1574/11/1515 1575/10/1516
f 1578/11/1524 1580/10/1528 1574/11/1518
f 1575/10/1517 1574/11/1518 1580/10/1528
f 1582/6/1530 1569/11/1502 1581/6/1529
f 1569/11/1502 1582/6/1530 1571/11/1508
f 1581/6/1532 1569/11/1506 1582/6/1531
f 1571/11/1512 1582/6/1531 1569/11/1506
f 1570/11/1507 1582/6/1530 1579/6/1525
f 1582/6/1530 1570/11/1507 1571/11/1508
f 1579/6/1526 1582/6/1531 1570/11/1513
f 1571/11/1512 1570/11/1513 1582/6/1531
f 1567/10/1500 1571/11/1508 1573/10/1510
f 1571/11/1508 1567/10/1500 1569/11/1502
f 1573/10/1514 1571/11/1512 1567/10/1504
f 1569/11/1506 1567/10/1504 1571/11/1512
f 1580/10/1527 1570/11/1507 1578/11/1521
f 1570/11/1507 1580/10/1527 1572/10/1509
f 1578/11/1524 1570/11/1513 1580/10/1528
f 1572/10/1511 1580/10/1528 1570/11/1513
f 1579/6/2 1576/6/2 1577/6/2
f 1576/6/2 1579/6/2 1583/6/2
f 1583/6/2 1579/6/2 1582/6/2
f 1583/6/2 1582/6/2 1581/6/2
f 1577/6/1 1576/6/1 1579/6/1
f 1583/6/1 1579/6/1 1576/6/1
f 1582/6/1 1579/6/1 1583/6/1
f 1581/6/1 1582/6/1 1583/6/1
f 1568/11/1501 1576/6/1519 1583/6/1533
f 1576/6/1519 1568/11/1501 1574/11/1515
f 1583/6/1534 1576/6/1523 1568/11/1503
f 1574/11/1518 1568/11/1503 1576/6/1523
f 1581/6/1529 1568/11/1501 1583/6/1533
f 1568/11/1501 1581/6/1529 1569/11/1502
f 1583/6/1534 1568/11/1503 1581/6/1532
f 1569/11/1506 1581/6/1532 1568/11/1503
f 1575/10/1516 1572/10/1509 1580/10/1527
f 1572/10/1509 1575/10/1516 1566/10/1499
f 1572/10/1509 1566/10/1499 1573/10/1510
f 1573/10/1510 1566/10/1499 1567/10/1500
f 1580/10/1528 1572/10/1511 1575/10/1517
f 1566/10/1505 1575/10/1517 1572/10/1511
f 1573/10/1514 1566/10/1505 1572/10/1511
f 1567/10/1504 1566/10/1505 1573/10/1514
f 1586/6/2 1585/6/2 1584/6/2
f 1585/6/2 1586/6/2 1587/6/2
f 1587/6/2 1586/6/2 1588/6/2
f 1587/6/2 1588/6/2 1589/6/2
f 1584/6/1 1585/6/1 1586/6/1
f 1587/6/1 1586/6/1 1585/6/1
f 1588/6/1 1586/6/1 1587/6/1
f 1589/6/1 1588/6/1 1587/6/1
f 1590/18/1537 1585/6/1536 1587/6/1535
f 1585/6/1536 1590/18/1537 1591/18/1538
f 1587/6/1541 1585/6/1540 1590/18/1539
f 1591/18/1542 1590/18/1539 1585/6/1540
f 1588/6/1545 1592/18/1544 1589/6/1543
f 1592/18/1544 1588/6/1545 1593/18/1546
f 1589/6/1549 1592/18/1548 1588/6/1547
f 1593/18/1550 1588/6/1547 1592/18/1548
f 1589/6/1543 1590/18/1537 1587/6/1535
f 1590/18/1537 1589/6/1543 1592/18/1544
f 1587/6/1541 1590/18/1539 1589/6/1549
f 1592/18/1548 1589/6/1549 1590/18/1539
f 1594/18/1552 1588/6/1545 1586/6/1551
f 1588/6/1545 1594/18/1552 1593/18/1546
f 1586/6/1554 1588/6/1547 1594/18/1553
f 1593/18/1550 1594/18/1553 1588/6/1547
f 1591/18/1538 1584/6/1555 1585/6/1536
f 1584/6/1555 1591/18/1538 1595/18/1556
f 1585/6/1540 1584/6/1557 1591/18/1542
f 1595/18/1558 1591/18/1542 1584/6/1557
f 1595/18/1556 1586/6/1551 1584/6/1555
f 1586/6/1551 1595/18/1556 1594/18/1552
f 1584/6/1557 1586/6/1554 1595/18/1558
f 1594/18/1553 1595/18/1558 1586/6/1554
f 1598/10/1561 1597/10/1560 1596/10/1559
f 1597/10/1560 1598/10/1561 1599/10/1562
f 1597/10/1560 1599/10/1562 1600/10/1563
f 1600/10/1563 1599/10/1562 1601/10/1564
f 1596/10/1567 1597/10/1566 1598/10/1565
f 1599/10/1568 1598/10/1565 1597/10/1566
f 1600/10/1569 1599/10/1568 1597/10/1566
f 1601/10/1570 1599/10/1568 1600/10/1569
f 1590/18/1537 1601/10/1564 1599/10/1562
f 1601/10/1564 1590/18/1537 1592/18/1544
f 1599/10/1568 1601/10/1570 1590/18/1539
f 1592/18/1548 1590/18/1539 1601/10/1570
f 1597/10/1560 1593/18/1546 1594/18/1552
f 1593/18/1546 1597/10/1560 1600/10/1563
f 1594/18/1553 1593/18/1550 1597/10/1566
f 1600/10/1569 1597/10/1566 1593/18/1550
f 1591/18/1538 1596/10/1559 1595/18/1556
f 1596/10/1559 1591/18/1538 1598/10/1561
f 1595/18/1558 1596/10/1567 1591/18/1542
f 1598/10/1565 1591/18/1542 1596/10/1567
f 1601/10/1564 1593/18/1546 1600/10/1563
f 1593/18/1546 1601/10/1564 1592/18/1544
f 1600/10/1569 1593/18/1550 1601/10/1570
f 1592/18/1548 1601/10/1570 1593/18/1550
f 1596/10/1559 1594/18/1552 1595/18/1556
f 1594/18/1552 1596/10/1559 1597/10/1560
f 1595/18/1558 1594/18/1553 1596/10/1567
f 1597/10/1566 1596/10/1567 1594/18/1553
f 1590/18/1537 1598/10/1561 1591/18/1538
f 1598/10/1561 1590/18/1537 1599/10/1562
f 1591/18/1542 1598/10/1565 1590/18/1539
f 1599/10/1568 1590/18/1539 1598/10/1565
f 1604/6/4 1603/7/16 1602/6/15
f 1603/7/16 1604/6/4 1605/7/6
f 1602/6/18 1603/7/17 1604/6/8
f 1605/7/10 1604/6/8 1603/7/17
f 1607/7/5 1604/6/4 1606/6/3
f 1604/6/4 1607/7/5 1605/7/6
f 1606/6/9 1604/6/8 1607/7/7
f 1605/7/10 1607/7/7 1604/6/8
f 1610/8/28 1609/6/19 1608/6/27
f 1609/6/19 1610/8/28 1611/8/21
f 1608/6/30 1609/6/25 1610/8/29
f 1611/8/23 1610/8/29 1609/6/25
f 1609/6/19 1613/8/22 1612/6/20
f 1613/8/22 1609/6/19 1611/8/21
f 1612/6/24 1613/8/26 1609/6/25
f 1611/8/23 1609/6/25 1613/8/26
f 1615/8/32 1608/6/27 1614/6/31
f 1608/6/27 1615/8/32 1610/8/28
f 1614/6/33 1608/6/30 1615/8/34
f 1610/8/29 1615/8/34 1608/6/30
f 1603/7/16 1616/6/11 1602/6/15
f 1616/6/11 1603/7/16 1617/7/12
f 1602/6/18 1616/6/13 1603/7/17
f 1617/7/14 1603/7/17 1616/6/13
f 1613/8/22 1614/6/31 1612/6/20
f 1614/6/31 1613/8/22 1615/8/32
f 1612/6/24 1614/6/33 1613/8/26
f 1615/8/34 1613/8/26 1614/6/33
f 1613/8/22 1610/8/28 1615/8/32
f 1610/8/28 1613/8/22 1611/8/21
f 1615/8/34 1610/8/29 1613/8/26
f 1611/8/23 1613/8/26 1610/8/29
f 1617/7/12 1605/7/6 1607/7/5
f 1605/7/6 1617/7/12 1603/7/16
f 1607/7/7 1605/7/10 1617/7/14
f 1603/7/17 1617/7/14 1605/7/10
f 1620/6/65 1619/7/43 1618/6/44
f 1619/7/43 1620/6/65 1621/7/59
f 1618/6/48 1619/7/49 1620/6/66
f 1621/7/62 1620/6/66 1619/7/49
f 1624/7/45 1623/6/63 1622/6/46
f 1623/6/63 1624/7/45 1625/7/60
f 1622/6/50 1623/6/64 1624/7/47
f 1625/7/61 1624/7/47 1623/6/64
f 1618/6/44 1624/7/45 1622/6/46
f 1624/7/45 1618/6/44 1619/7/43
f 1622/6/50 1624/7/47 1618/6/48
f 1619/7/49 1618/6/48 1624/7/47
f 1621/7/59 1623/6/63 1625/7/60
f 1623/6/63 1621/7/59 1620/6/65
f 1625/7/61 1623/6/64 1621/7/62
f 1620/6/66 1621/7/62 1623/6/64
f 1619/7/43 1625/7/60 1624/7/45
f 1625/7/60 1619/7/43 1621/7/59
f 1624/7/47 1625/7/61 1619/7/49
f 1621/7/62 1619/7/49 1625/7/61
f 1617/7/12 1606/6/3 1616/6/11
f 1606/6/3 1617/7/12 1607/7/5
f 1616/6/13 1606/6/9 1617/7/14
f 1607/7/7 1617/7/14 1606/6/9
f 1628/8/52 1627/6/55 1626/6/51
f 1627/6/55 1628/8/52 1629/8/56
f 1626/6/53 1627/6/58 1628/8/54
f 1629/8/57 1628/8/54 1627/6/58
f 1631/8/38 1626/6/51 1630/6/36
f 1626/6/51 1631/8/38 1628/8/52
f 1630/6/40 1626/6/53 1631/8/42
f 1628/8/54 1631/8/42 1626/6/53
f 1629/8/56 1632/6/35 1627/6/55
f 1632/6/35 1629/8/56 1633/8/37
f 1627/6/58 1632/6/41 1629/8/57
f 1633/8/39 1629/8/57 1632/6/41
f 1632/6/35 1631/8/38 1630/6/36
f 1631/8/38 1632/6/35 1633/8/37
f 1630/6/40 1631/8/42 1632/6/41
f 1633/8/39 1632/6/41 1631/8/42
f 1631/8/38 1629/8/56 1628/8/52
f 1629/8/56 1631/8/38 1633/8/37
f 1628/8/54 1629/8/57 1631/8/42
f 1633/8/39 1631/8/42 1629/8/57
f 1636/10/1 1635/10/1 1634/10/1
f 1635/10/1 1636/10/1 1637/10/1
f 1637/10/1 1636/10/1 1638/10/1
f 1637/10/1 1638/10/1 1639/10/1
f 1637/10/1 1639/10/1 1640/10/1
f 1637/10/1 1640/10/1 1641/10/1
f 1637/10/1 1641/10/1 1642/10/1
f 1634/10/2 1635/10/2 1636/10/2
f 1637/10/2 1636/10/2 1635/10/2
f 1638/10/2 1636/10/2 1637/10/2
f 1639/10/2 1638/10/2 1637/10/2
f 1640/10/2 1639/10/2 1637/10/2
f 1641/10/2 1640/10/2 1637/10/2
f 1642/10/2 1641/10/2 1637/10/2
f 1645/15/1427 1644/16/1426 1643/16/1425
f 1644/16/1426 1645/15/1427 1646/15/1428
f 1643/16/1431 1644/16/1430 1645/15/1429
f 1646/15/1432 1645/15/1429 1644/16/1430
f 1641/10/1433 1646/15/1428 1645/15/1427
f 1646/15/1428 1641/10/1433 1640/10/1434
f 1645/15/1429 1646/15/1432 1641/10/1435
f 1640/10/1436 1641/10/1435 1646/15/1432
f 1646/15/1428 1647/16/1437 1644/16/1426
f 1647/16/1437 1646/15/1428 1648/15/1438
f 1644/16/1430 1647/16/1439 1646/15/1432
f 1648/15/1440 1646/15/1432 1647/16/1439
f 1651/17/1443 1650/6/1442 1649/6/1441
f 1650/6/1442 1651/17/1443 1652/17/1444
f 1649/6/1447 1650/6/1446 1651/17/1445
f 1652/17/1448 1651/17/1445 1650/6/1446
f 1635/10/1449 1654/6/1449 1653/6/1449
f 1654/6/1449 1635/10/1449 1637/10/1449
f 1653/6/1450 1654/6/1450 1635/10/1450
f 1637/10/1450 1635/10/1450 1654/6/1450
f 1648/15/1438 1655/16/1451 1647/16/1437
f 1655/16/1451 1648/15/1438 1656/15/1452
f 1647/16/1439 1655/16/1453 1648/15/1440
f 1656/15/1454 1648/15/1440 1655/16/1453
f 1659/17/1457 1658/6/1456 1657/6/1455
f 1658/6/1456 1659/17/1457 1660/17/1458
f 1657/6/1461 1658/6/1460 1659/17/1459
f 1660/17/1462 1659/17/1459 1658/6/1460
f 1662/15/1464 1643/16/1425 1661/16/1463
f 1643/16/1425 1662/15/1464 1645/15/1427
f 1661/16/1466 1643/16/1431 1662/15/1465
f 1645/15/1429 1662/15/1465 1643/16/1431
f 1665/17/1469 1664/6/1468 1663/6/1467
f 1664/6/1468 1665/17/1469 1666/17/1470
f 1663/6/1473 1664/6/1472 1665/17/1471
f 1666/17/1474 1665/17/1471 1664/6/1472
f 1669/15/1477 1668/16/1476 1667/16/1475
f 1668/16/1476 1669/15/1477 1670/15/1478
f 1667/16/1481 1668/16/1480 1669/15/1479
f 1670/15/1482 1669/15/1479 1668/16/1480
f 1666/17/1470 1649/6/1441 1664/6/1468
f 1649/6/1441 1666/17/1470 1651/17/1443
f 1664/6/1472 1649/6/1447 1666/17/1474
f 1651/17/1445 1666/17/1474 1649/6/1447
f 1656/15/1452 1667/16/1475 1655/16/1451
f 1667/16/1475 1656/15/1452 1669/15/1477
f 1655/16/1453 1667/16/1481 1656/15/1454
f 1669/15/1479 1656/15/1454 1667/16/1481
f 1652/17/1444 1671/6/1483 1650/6/1442
f 1671/6/1483 1652/17/1444 1672/17/1484
f 1650/6/1446 1671/6/1485 1652/17/1448
f 1672/17/1486 1652/17/1448 1671/6/1485
f 1660/17/1458 1663/6/1467 1658/6/1456
f 1663/6/1467 1660/17/1458 1665/17/1469
f 1658/6/1460 1663/6/1473 1660/17/1462
f 1665/17/1471 1660/17/1462 1663/6/1473
f 1667/16/1475 1672/17/1484 1652/17/1444
f 1672/17/1484 1667/16/1475 1668/16/1476
f 1652/17/1448 1672/17/1486 1667/16/1481
f 1668/16/1480 1667/16/1481 1672/17/1486
f 1636/10/1487 1670/15/1478 1669/15/1477
f 1670/15/1478 1636/10/1487 1634/10/1488
f 1669/15/1479 1670/15/1482 1636/10/1489
f 1634/10/1490 1636/10/1489 1670/15/1482
f 1644/16/1426 1666/17/1470 1665/17/1469
f 1666/17/1470 1644/16/1426 1647/16/1437
f 1665/17/1471 1666/17/1474 1644/16/1430
f 1647/16/1439 1644/16/1430 1666/17/1474
f 1642/10/1491 1645/15/1427 1662/15/1464
f 1645/15/1427 1642/10/1491 1641/10/1433
f 1662/15/1465 1645/15/1429 1642/10/1492
f 1641/10/1435 1642/10/1492 1645/15/1429
f 1635/10/1493 1670/15/1493 1634/10/1493
f 1670/15/1493 1635/10/1493 1672/17/1493
f 1672/17/1493 1668/16/1493 1670/15/1493
f 1653/6/1493 1672/17/1493 1635/10/1493
f 1672/17/1493 1653/6/1493 1671/6/1493
f 1634/10/1494 1670/15/1494 1635/10/1494
f 1672/17/1494 1635/10/1494 1670/15/1494
f 1670/15/1494 1668/16/1494 1672/17/1494
f 1635/10/1494 1672/17/1494 1653/6/1494
f 1671/6/1494 1653/6/1494 1672/17/1494
f 1638/10/1495 1669/15/1477 1656/15/1452
f 1669/15/1477 1638/10/1495 1636/10/1487
f 1656/15/1454 1669/15/1479 1638/10/1496
f 1636/10/1489 1638/10/1496 1669/15/1479
f 1647/16/1437 1651/17/1443 1666/17/1470
f 1651/17/1443 1647/16/1437 1655/16/1451
f 1666/17/1474 1651/17/1445 1647/16/1439
f 1655/16/1453 1647/16/1439 1651/17/1445
f 1643/16/1425 1665/17/1469 1660/17/1458
f 1665/17/1469 1643/16/1425 1644/16/1426
f 1660/17/1462 1665/17/1471 1643/16/1431
f 1644/16/1430 1643/16/1431 1665/17/1471
f 1639/10/1497 1656/15/1452 1648/15/1438
f 1656/15/1452 1639/10/1497 1638/10/1495
f 1648/15/1440 1656/15/1454 1639/10/1498
f 1638/10/1496 1639/10/1498 1656/15/1454
f 1640/10/1434 1648/15/1438 1646/15/1428
f 1648/15/1438 1640/10/1434 1639/10/1497
f 1646/15/1432 1648/15/1440 1640/10/1436
f 1639/10/1498 1640/10/1436 1648/15/1440
f 1661/16/1463 1660/17/1458 1659/17/1457
f 1660/17/1458 1661/16/1463 1643/16/1425
f 1659/17/1459 1660/17/1462 1661/16/1466
f 1643/16/1431 1661/16/1466 1660/17/1462
f 1655/16/1451 1652/17/1444 1651/17/1443
f 1652/17/1444 1655/16/1451 1667/16/1475
f 1651/17/1445 1652/17/1448 1655/16/1453
f 1667/16/1481 1655/16/1453 1652/17/1448
f 1654/6/1494 1659/17/1494 1657/6/1494
f 1659/17/1494 1654/6/1494 1662/15/1494
f 1662/15/1494 1661/16/1494 1659/17/1494
f 1637/10/1494 1662/15/1494 1654/6/1494
f 1662/15/1494 1637/10/1494 1642/10/1494
f 1657/6/1493 1659/17/1493 1654/6/1493
f 1662/15/1493 1654/6/1493 1659/17/1493
f 1659/17/1493 1661/16/1493 1662/15/1493
f 1654/6/1493 1662/15/1493 1637/10/1493
f 1642/10/1493 1637/10/1493 1662/15/1493
f 1654/6/2 1671/6/2 1653/6/2
f 1671/6/2 1654/6/2 1650/6/2
f 1650/6/2 1654/6/2 1649/6/2
f 1649/6/2 1654/6/2 1664/6/2
f 1664/6/2 1654/6/2 1663/6/2
f 1663/6/2 1654/6/2 1658/6/2
f 1658/6/2 1654/6/2 1657/6/2
f 1653/6/1 1671/6/1 1654/6/1
f 1650/6/1 1654/6/1 1671/6/1
f 1649/6/1 1654/6/1 1650/6/1
f 1664/6/1 1654/6/1 1649/6/1
f 1663/6/1 1654/6/1 1664/6/1
f 1658/6/1 1654/6/1 1663/6/1
f 1657/6/1 1654/6/1 1658/6/1
f 1675/11/1501 1674/10/1500 1673/10/1499
f 1674/10/1500 1675/11/1501 1676/11/1502
f 1673/10/1505 1674/10/1504 1675/11/1503
f 1676/11/1506 1675/11/1503 1674/10/1504
f 1679/10/1509 1678/11/1508 1677/11/1507
f 1678/11/1508 1679/10/1509 1680/10/1510
f 1677/11/1513 1678/11/1512 1679/10/1511
f 1680/10/1514 1679/10/1511 1678/11/1512
f 1675/11/1501 1682/10/1516 1681/11/1515
f 1682/10/1516 1675/11/1501 1673/10/1499
f 1681/11/1518 1682/10/1517 1675/11/1503
f 1673/10/1505 1675/11/1503 1682/10/1517
f 1681/11/1515 1684/6/1520 1683/6/1519
f 1684/6/1520 1681/11/1515 1685/11/1521
f 1683/6/1523 1684/6/1522 1681/11/1518
f 1685/11/1524 1681/11/1518 1684/6/1522
f 1685/11/1521 1686/6/1525 1684/6/1520
f 1686/6/1525 1685/11/1521 1677/11/1507
f 1684/6/1522 1686/6/1526 1685/11/1524
f 1677/11/1513 1685/11/1524 1686/6/1526
f 1681/11/1515 1687/10/1527 1685/11/1521
f 1687/10/1527 1681/11/1515 1682/10/1516
f 1685/11/1524 1687/10/1528 1681/11/1518
f 1682/10/1517 1681/11/1518 1687/10/1528
f 1689/6/1530 1676/11/1502 1688/6/1529
f 1676/11/1502 1689/6/1530 1678/11/1508
f 1688/6/1532 1676/11/1506 1689/6/1531
f 1678/11/1512 1689/6/1531 1676/11/1506
f 1677/11/1507 1689/6/1530 1686/6/1525
f 1689/6/1530 1677/11/1507 1678/11/1508
f 1686/6/1526 1689/6/1531 1677/11/1513
f 1678/11/1512 1677/11/1513 1689/6/1531
f 1674/10/1500 1678/11/1508 1680/10/1510
f 1678/11/1508 1674/10/1500 1676/11/1502
f 1680/10/1514 1678/11/1512 1674/10/1504
f 1676/11/1506 1674/10/1504 1678/11/1512
f 1687/10/1527 1677/11/1507 1685/11/1521
f 1677/11/1507 1687/10/1527 1679/10/1509
f 1685/11/1524 1677/11/1513 1687/10/1528
f 1679/10/1511 1687/10/1528 1677/11/1513
f 1686/6/2 1683/6/2 1684/6/2
f 1683/6/2 1686/6/2 1690/6/2
f 1690/6/2 1686/6/2 1689/6/2
f 1690/6/2 1689/6/2 1688/6/2
f 1684/6/1 1683/6/1 1686/6/1
f 1690/6/1 1686/6/1 1683/6/1
f 1689/6/1 1686/6/1 1690/6/1
f 1688/6/1 1689/6/1 1690/6/1
f 1675/11/1501 1683/6/1519 1690/6/1533
f 1683/6/1519 1675/11/1501 1681/11/1515
f 1690/6/1534 1683/6/1523 1675/11/1503
f 1681/11/1518 1675/11/1503 1683/6/1523
f 1688/6/1529 1675/11/1501 1690/6/1533
f 1675/11/1501 1688/6/1529 1676/11/1502
f 1690/6/1534 1675/11/1503 1688/6/1532
f 1676/11/1506 1688/6/1532 1675/11/1503
f 1682/10/1516 1679/10/1509 1687/10/1527
f 1679/10/1509 1682/10/1516 1673/10/1499
f 1679/10/1509 1673/10/1499 1680/10/1510
f 1680/10/1510 1673/10/1499 1674/10/1500
f 1687/10/1528 1679/10/1511 1682/10/1517
f 1673/10/1505 1682/10/1517 1679/10/1511
f 1680/10/1514 1673/10/1505 1679/10/1511
f 1674/10/1504 1673/10/1505 1680/10/1514
f 1693/6/2 1692/6/2 1691/6/2
f 1692/6/2 1693/6/2 1694/6/2
f 1694/6/2 1693/6/2 1695/6/2
f 1694/6/2 1695/6/2 1696/6/2
f 1691/6/1 1692/6/1 1693/6/1
f 1694/6/1 1693/6/1 1692/6/1
f 1695/6/1 1693/6/1 1694/6/1
f 1696/6/1 1695/6/1 1694/6/1
f 1697/18/1537 1692/6/1536 1694/6/1535
f 1692/6/1536 1697/18/1537 1698/18/1538
f 1694/6/1541 1692/6/1540 1697/18/1539
f 1698/18/1542 1697/18/1539 1692/6/1540
f 1695/6/1545 1699/18/1544 1696/6/1543
f 1699/18/1544 1695/6/1545 1700/18/1546
f 1696/6/1549 1699/18/1548 1695/6/1547
f 1700/18/1550 1695/6/1547 1699/18/1548
f 1696/6/1543 1697/18/1537 1694/6/1535
f 1697/18/1537 1696/6/1543 1699/18/1544
f 1694/6/1541 1697/18/1539 1696/6/1549
f 1699/18/1548 1696/6/1549 1697/18/1539
f 1701/18/1552 1695/6/1545 1693/6/1551
f 1695/6/1545 1701/18/1552 1700/18/1546
f 1693/6/1554 1695/6/1547 1701/18/1553
f 1700/18/1550 1701/18/1553 1695/6/1547
f 1698/18/1538 1691/6/1555 1692/6/1536
f 1691/6/1555 1698/18/1538 1702/18/1556
f 1692/6/1540 1691/6/1557 1698/18/1542
f 1702/18/1558 1698/18/1542 1691/6/1557
f 1702/18/1556 1693/6/1551 1691/6/1555
f 1693/6/1551 1702/18/1556 1701/18/1552
f 1691/6/1557 1693/6/1554 1702/18/1558
f 1701/18/1553 1702/18/1558 1693/6/1554
f 1705/10/1561 1704/10/1560 1703/10/1559
f 1704/10/1560 1705/10/1561 1706/10/1562
f 1704/10/1560 1706/10/1562 1707/10/1563
f 1707/10/1563 1706/10/1562 1708/10/1564
f 1703/10/1567 1704/10/1566 1705/10/1565
f 1706/10/1568 1705/10/1565 1704/10/1566
f 1707/10/1569 1706/10/1568 1704/10/1566
f 1708/10/1570 1706/10/1568 1707/10/1569
f 1697/18/1537 1708/10/1564 1706/10/1562
f 1708/10/1564 1697/18/1537 1699/18/1544
f 1706/10/1568 1708/10/1570 1697/18/1539
f 1699/18/1548 1697/18/1539 1708/10/1570
f 1704/10/1560 1700/18/1546 1701/18/1552
f 1700/18/1546 1704/10/1560 1707/10/1563
f 1701/18/1553 1700/18/1550 1704/10/1566
f 1707/10/1569 1704/10/1566 1700/18/1550
f 1698/18/1538 1703/10/1559 1702/18/1556
f 1703/10/1559 1698/18/1538 1705/10/1561
f 1702/18/1558 1703/10/1567 1698/18/1542
f 1705/10/1565 1698/18/1542 1703/10/1567
f 1708/10/1564 1700/18/1546 1707/10/1563
f 1700/18/1546 1708/10/1564 1699/18/1544
f 1707/10/1569 1700/18/1550 1708/10/1570
f 1699/18/1548 1708/10/1570 1700/18/1550
f 1703/10/1559 1701/18/1552 1702/18/1556
f 1701/18/1552 1703/10/1559 1704/10/1560
f 1702/18/1558 1701/18/1553 1703/10/1567
f 1704/10/1566 1703/10/1567 1701/18/1553
f 1697/18/1537 1705/10/1561 1698/18/1538
f 1705/10/1561 1697/18/1537 1706/10/1562
f 1698/18/1542 1705/10/1565 1697/18/1539
f 1706/10/1568 1697/18/1539 1705/10/1565
f 1711/6/11 1710/7/5 1709/6/3
f 1710/7/5 1711/6/11 1712/7/12
f 1709/6/9 1710/7/7 1711/6/13
f 1712/7/14 1711/6/13 1710/7/7
f 1714/7/16 1711/6/11 1713/6/15
f 1711/6/11 1714/7/16 1712/7/12
f 1713/6/18 1711/6/13 1714/7/17
f 1712/7/14 1714/7/17 1711/6/13
f 1717/8/22 1716/6/31 1715/6/20
f 1716/6/31 1717/8/22 1718/8/32
f 1715/6/24 1716/6/33 1717/8/26
f 1718/8/34 1717/8/26 1716/6/33
f 1716/6/31 1720/8/28 1719/6/27
f 1720/8/28 1716/6/31 1718/8/32
f 1719/6/30 1720/8/29 1716/6/33
f 1718/8/34 1716/6/33 1720/8/29
f 1722/8/21 1715/6/20 1721/6/19
f 1715/6/20 1722/8/21 1717/8/22
f 1721/6/25 1715/6/24 1722/8/23
f 1717/8/26 1722/8/23 1715/6/24
f 1710/7/5 1723/6/4 1709/6/3
f 1723/6/4 1710/7/5 1724/7/6
f 1709/6/9 1723/6/8 1710/7/7
f 1724/7/10 1710/7/7 1723/6/8
f 1720/8/28 1721/6/19 1719/6/27
f 1721/6/19 1720/8/28 1722/8/21
f 1719/6/30 1721/6/25 1720/8/29
f 1722/8/23 1720/8/29 1721/6/25
f 1720/8/28 1717/8/22 1722/8/21
f 1717/8/22 1720/8/28 1718/8/32
f 1722/8/23 1717/8/26 1720/8/29
f 1718/8/34 1720/8/29 1717/8/26
f 1724/7/6 1712/7/12 1714/7/16
f 1712/7/12 1724/7/6 1710/7/5
f 1714/7/17 1712/7/14 1724/7/10
f 1710/7/7 1724/7/10 1712/7/14
f 1727/6/46 1726/7/60 1725/6/63
f 1726/7/60 1727/6/46 1728/7/45
f 1725/6/64 1726/7/61 1727/6/50
f 1728/7/47 1727/6/50 1726/7/61
f 1731/7/59 1730/6/44 1729/6/65
f 1730/6/44 1731/7/59 1732/7/43
f 1729/6/66 1730/6/48 1731/7/62
f 1732/7/49 1731/7/62 1730/6/48
f 1725/6/63 1731/7/59 1729/6/65
f 1731/7/59 1725/6/63 1726/7/60
f 1729/6/66 1731/7/62 1725/6/64
f 1726/7/61 1725/6/64 1731/7/62
f 1728/7/45 1730/6/44 1732/7/43
f 1730/6/44 1728/7/45 1727/6/46
f 1732/7/49 1730/6/48 1728/7/47
f 1727/6/50 1728/7/47 1730/6/48
f 1726/7/60 1732/7/43 1731/7/59
f 1732/7/43 1726/7/60 1728/7/45
f 1731/7/62 1732/7/49 1726/7/61
f 1728/7/47 1726/7/61 1732/7/49
f 1724/7/6 1713/6/15 1723/6/4
f 1713/6/15 1724/7/6 1714/7/16
f 1723/6/8 1713/6/18 1724/7/10
f 1714/7/17 1724/7/10 1713/6/18
f 1735/8/37 1734/6/36 1733/6/35
f 1734/6/36 1735/8/37 1736/8/38
f 1733/6/41 1734/6/40 1735/8/39
f 1736/8/42 1735/8/39 1734/6/40
f 1738/8/56 1733/6/35 1737/6/55
f 1733/6/35 1738/8/56 1735/8/37
f 1737/6/58 1733/6/41 1738/8/57
f 1735/8/39 1738/8/57 1733/6/41
f 1736/8/38 1739/6/51 1734/6/36
f 1739/6/51 1736/8/38 1740/8/52
f 1734/6/40 1739/6/53 1736/8/42
f 1740/8/54 1736/8/42 1739/6/53
f 1739/6/51 1738/8/56 1737/6/55
f 1738/8/56 1739/6/51 1740/8/52
f 1737/6/58 1738/8/57 1739/6/53
f 1740/8/54 1739/6/53 1738/8/57
f 1738/8/56 1736/8/38 1735/8/37
f 1736/8/38 1738/8/56 1740/8/52
f 1735/8/39 1736/8/42 1738/8/57
f 1740/8/54 1738/8/57 1736/8/42
f 1741/10/1 725/10/1 716/10/1
f 725/10/1 1741/10/1 1742/10/1
f 1742/10/1 1741/10/1 1743/10/1
f 1742/10/1 1743/10/1 1744/10/1
f 1742/10/1 1744/10/1 1745/10/1
f 1742/10/1 1745/10/1 1746/10/1
f 1742/10/1 1746/10/1 1747/10/1
f 716/10/2 725/10/2 1741/10/2
f 1742/10/2 1741/10/2 725/10/2
f 1743/10/2 1741/10/2 1742/10/2
f 1744/10/2 1743/10/2 1742/10/2
f 1745/10/2 1744/10/2 1742/10/2
f 1746/10/2 1745/10/2 1742/10/2
f 1747/10/2 1746/10/2 1742/10/2
f 1750/15/1571 1749/16/1430 1748/16/1431
f 1749/16/1430 1750/15/1571 1751/15/1572
f 1748/16/1425 1749/16/1426 1750/15/1573
f 1751/15/1574 1750/15/1573 1749/16/1426
f 1746/10/1575 1751/15/1572 1750/15/1571
f 1751/15/1572 1746/10/1575 1745/10/1576
f 1750/15/1573 1751/15/1574 1746/10/1577
f 1745/10/1578 1746/10/1577 1751/15/1574
f 1751/15/1572 1752/16/1439 1749/16/1430
f 1752/16/1439 1751/15/1572 1753/15/1579
f 1749/16/1426 1752/16/1437 1751/15/1574
f 1753/15/1580 1751/15/1574 1752/16/1437
f 1756/17/1583 1755/6/1582 1754/6/1581
f 1755/6/1582 1756/17/1583 1757/17/1584
f 1754/6/1587 1755/6/1586 1756/17/1585
f 1757/17/1588 1756/17/1585 1755/6/1586
f 725/10/418 1759/6/418 1758/6/418
f 1759/6/418 725/10/418 1742/10/418
f 1758/6/417 1759/6/417 725/10/417
f 1742/10/417 725/10/417 1759/6/417
f 1753/15/1579 1760/16/1453 1752/16/1439
f 1760/16/1453 1753/15/1579 1761/15/1589
f 1752/16/1437 1760/16/1451 1753/15/1580
f 1761/15/1590 1753/15/1580 1760/16/1451
f 1764/17/1593 1763/6/1592 1762/6/1591
f 1763/6/1592 1764/17/1593 1765/17/1594
f 1762/6/1597 1763/6/1596 1764/17/1595
f 1765/17/1598 1764/17/1595 1763/6/1596
f 1767/15/1599 1748/16/1431 1766/16/1466
f 1748/16/1431 1767/15/1599 1750/15/1571
f 1766/16/1463 1748/16/1425 1767/15/1600
f 1750/15/1573 1767/15/1600 1748/16/1425
f 1770/17/1603 1769/6/1602 1768/6/1601
f 1769/6/1602 1770/17/1603 1771/17/1604
f 1768/6/1607 1769/6/1606 1770/17/1605
f 1771/17/1608 1770/17/1605 1769/6/1606
f 1774/15/1609 1773/16/1480 1772/16/1481
f 1773/16/1480 1774/15/1609 1775/15/1610
f 1772/16/1475 1773/16/1476 1774/15/1611
f 1775/15/1612 1774/15/1611 1773/16/1476
f 1771/17/1604 1754/6/1581 1769/6/1602
f 1754/6/1581 1771/17/1604 1756/17/1583
f 1769/6/1606 1754/6/1587 1771/17/1608
f 1756/17/1585 1771/17/1608 1754/6/1587
f 1761/15/1589 1772/16/1481 1760/16/1453
f 1772/16/1481 1761/15/1589 1774/15/1609
f 1760/16/1451 1772/16/1475 1761/15/1590
f 1774/15/1611 1761/15/1590 1772/16/1475
f 1757/17/1584 1776/6/1613 1755/6/1582
f 1776/6/1613 1757/17/1584 1777/17/1614
f 1755/6/1586 1776/6/1615 1757/17/1588
f 1777/17/1616 1757/17/1588 1776/6/1615
f 1765/17/1594 1768/6/1601 1763/6/1592
f 1768/6/1601 1765/17/1594 1770/17/1603
f 1763/6/1596 1768/6/1607 1765/17/1598
f 1770/17/1605 1765/17/1598 1768/6/1607
f 1772/16/1481 1777/17/1614 1757/17/1584
f 1777/17/1614 1772/16/1481 1773/16/1480
f 1757/17/1588 1777/17/1616 1772/16/1475
f 1773/16/1476 1772/16/1475 1777/17/1616
f 1741/10/1617 1775/15/1610 1774/15/1609
f 1775/15/1610 1741/10/1617 716/10/1618
f 1774/15/1611 1775/15/1612 1741/10/1619
f 716/10/1620 1741/10/1619 1775/15/1612
f 1749/16/1430 1771/17/1604 1770/17/1603
f 1771/17/1604 1749/16/1430 1752/16/1439
f 1770/17/1605 1771/17/1608 1749/16/1426
f 1752/16/1437 1749/16/1426 1771/17/1608
f 1747/10/1621 1750/15/1571 1767/15/1599
f 1750/15/1571 1747/10/1621 1746/10/1575
f 1767/15/1600 1750/15/1573 1747/10/1622
f 1746/10/1577 1747/10/1622 1750/15/1573
f 725/10/420 1775/15/420 716/10/420
f 1775/15/420 725/10/420 1777/17/420
f 1777/17/420 1773/16/420 1775/15/420
f 1758/6/420 1777/17/420 725/10/420
f 1777/17/420 1758/6/420 1776/6/420
f 716/10/419 1775/15/419 725/10/419
f 1777/17/419 725/10/419 1775/15/419
f 1775/15/419 1773/16/419 1777/17/419
f 725/10/419 1777/17/419 1758/6/419
f 1776/6/419 1758/6/419 1777/17/419
f 1743/10/1623 1774/15/1609 1761/15/1589
f 1774/15/1609 1743/10/1623 1741/10/1617
f 1761/15/1590 1774/15/1611 1743/10/1624
f 1741/10/1619 1743/10/1624 1774/15/1611
f 1752/16/1439 1756/17/1583 1771/17/1604
f 1756/17/1583 1752/16/1439 1760/16/1453
f 1771/17/1608 1756/17/1585 1752/16/1437
f 1760/16/1451 1752/16/1437 1756/17/1585
f 1748/16/1431 1770/17/1603 1765/17/1594
f 1770/17/1603 1748/16/1431 1749/16/1430
f 1765/17/1598 1770/17/1605 1748/16/1425
f 1749/16/1426 1748/16/1425 1770/17/1605
f 1744/10/1625 1761/15/1589 1753/15/1579
f 1761/15/1589 1744/10/1625 1743/10/1623
f 1753/15/1580 1761/15/1590 1744/10/1626
f 1743/10/1624 1744/10/1626 1761/15/1590
f 1745/10/1576 1753/15/1579 1751/15/1572
f 1753/15/1579 1745/10/1576 1744/10/1625
f 1751/15/1574 1753/15/1580 1745/10/1578
f 1744/10/1626 1745/10/1578 1753/15/1580
f 1766/16/1466 1765/17/1594 1764/17/1593
f 1765/17/1594 1766/16/1466 1748/16/1431
f 1764/17/1595 1765/17/1598 1766/16/1463
f 1748/16/1425 1766/16/1463 1765/17/1598
f 1760/16/1453 1757/17/1584 1756/17/1583
f 1757/17/1584 1760/16/1453 1772/16/1481
f 1756/17/1585 1757/17/1588 1760/16/1451
f 1772/16/1475 1760/16/1451 1757/17/1588
f 1759/6/419 1764/17/419 1762/6/419
f 1764/17/419 1759/6/419 1767/15/419
f 1767/15/419 1766/16/419 1764/17/419
f 1742/10/419 1767/15/419 1759/6/419
f 1767/15/419 1742/10/419 1747/10/419
f 1762/6/420 1764/17/420 1759/6/420
f 1767/15/420 1759/6/420 1764/17/420
f 1764/17/420 1766/16/420 1767/15/420
f 1759/6/420 1767/15/420 1742/10/420
f 1747/10/420 1742/10/420 1767/15/420
f 1759/6/2 1776/6/2 1758/6/2
f 1776/6/2 1759/6/2 1755/6/2
f 1755/6/2 1759/6/2 1754/6/2
f 1754/6/2 1759/6/2 1769/6/2
f 1769/6/2 1759/6/2 1768/6/2
f 1768/6/2 1759/6/2 1763/6/2
f 1763/6/2 1759/6/2 1762/6/2
f 1758/6/1 1776/6/1 1759/6/1
f 1755/6/1 1759/6/1 1776/6/1
f 1754/6/1 1759/6/1 1755/6/1
f 1769/6/1 1759/6/1 1754/6/1
f 1768/6/1 1759/6/1 1769/6/1
f 1763/6/1 1759/6/1 1768/6/1
f 1762/6/1 1759/6/1 1763/6/1
f 1780/11/1507 1779/10/1627 1778/10/1509
f 1779/10/1627 1780/11/1507 1781/11/1628
f 1778/10/1511 1779/10/1629 1780/11/1513
f 1781/11/1630 1780/11/1513 1779/10/1629
f 1784/10/1499 1783/11/1515 1782/11/1501
f 1783/11/1515 1784/10/1499 1785/10/1516
f 1782/11/1503 1783/11/1518 1784/10/1505
f 1785/10/1517 1784/10/1505 1783/11/1518
f 1780/11/1507 1787/10/1510 1786/11/1508
f 1787/10/1510 1780/11/1507 1778/10/1509
f 1786/11/1512 1787/10/1514 1780/11/1513
f 1778/10/1511 1780/11/1513 1787/10/1514
f 1786/11/1508 1789/6/1631 1788/6/1530
f 1789/6/1631 1786/11/1508 1790/11/1632
f 1788/6/1531 1789/6/1633 1786/11/1512
f 1790/11/1634 1786/11/1512 1789/6/1633
f 1790/11/1632 1791/6/1533 1789/6/1631
f 1791/6/1533 1790/11/1632 1782/11/1501
f 1789/6/1633 1791/6/1534 1790/11/1634
f 1782/11/1503 1790/11/1634 1791/6/1534
f 1786/11/1508 1792/10/1635 1790/11/1632
f 1792/10/1635 1786/11/1508 1787/10/1510
f 1790/11/1634 1792/10/1636 1786/11/1512
f 1787/10/1514 1786/11/1512 1792/10/1636
f 1794/6/1519 1781/11/1628 1793/6/1637
f 1781/11/1628 1794/6/1519 1783/11/1515
f 1793/6/1638 1781/11/1630 1794/6/1523
f 1783/11/1518 1794/6/1523 1781/11/1630
f 1782/11/1501 1794/6/1519 1791/6/1533
f 1794/6/1519 1782/11/1501 1783/11/1515
f 1791/6/1534 1794/6/1523 1782/11/1503
f 1783/11/1518 1782/11/1503 1794/6/1523
f 1779/10/1627 1783/11/1515 1785/10/1516
f 1783/11/1515 1779/10/1627 1781/11/1628
f 1785/10/1517 1783/11/1518 1779/10/1629
f 1781/11/1630 1779/10/1629 1783/11/1518
f 1792/10/1635 1782/11/1501 1790/11/1632
f 1782/11/1501 1792/10/1635 1784/10/1499
f 1790/11/1634 1782/11/1503 1792/10/1636
f 1784/10/1505 1792/10/1636 1782/11/1503
f 1791/6/2 1788/6/2 1789/6/2
f 1788/6/2 1791/6/2 1795/6/2
f 1795/6/2 1791/6/2 1794/6/2
f 1795/6/2 1794/6/2 1793/6/2
f 1789/6/1 1788/6/1 1791/6/1
f 1795/6/1 1791/6/1 1788/6/1
f 1794/6/1 1791/6/1 1795/6/1
f 1793/6/1 1794/6/1 1795/6/1
f 1780/11/1507 1788/6/1530 1795/6/1525
f 1788/6/1530 1780/11/1507 1786/11/1508
f 1795/6/1526 1788/6/1531 1780/11/1513
f 1786/11/1512 1780/11/1513 1788/6/1531
f 1793/6/1637 1780/11/1507 1795/6/1525
f 1780/11/1507 1793/6/1637 1781/11/1628
f 1795/6/1526 1780/11/1513 1793/6/1638
f 1781/11/1630 1793/6/1638 1780/11/1513
f 1787/10/1510 1784/10/1499 1792/10/1635
f 1784/10/1499 1787/10/1510 1778/10/1509
f 1784/10/1499 1778/10/1509 1785/10/1516
f 1785/10/1516 1778/10/1509 1779/10/1627
f 1792/10/1636 1784/10/1505 1787/10/1514
f 1778/10/1511 1787/10/1514 1784/10/1505
f 1785/10/1517 1778/10/1511 1784/10/1505
f 1779/10/1629 1778/10/1511 1785/10/1517
f 1798/6/2 1797/6/2 1796/6/2
f 1797/6/2 1798/6/2 1799/6/2
f 1799/6/2 1798/6/2 1800/6/2
f 1799/6/2 1800/6/2 1801/6/2
f 1796/6/1 1797/6/1 1798/6/1
f 1799/6/1 1798/6/1 1797/6/1
f 1800/6/1 1798/6/1 1799/6/1
f 1801/6/1 1800/6/1 1799/6/1
f 1802/18/1552 1797/6/1545 1799/6/1551
f 1797/6/1545 1802/18/1552 1803/18/1546
f 1799/6/1554 1797/6/1547 1802/18/1553
f 1803/18/1550 1802/18/1553 1797/6/1547
f 1800/6/1536 1804/18/1556 1801/6/1555
f 1804/18/1556 1800/6/1536 1805/18/1538
f 1801/6/1557 1804/18/1558 1800/6/1540
f 1805/18/1542 1800/6/1540 1804/18/1558
f 1801/6/1555 1802/18/1552 1799/6/1551
f 1802/18/1552 1801/6/1555 1804/18/1556
f 1799/6/1554 1802/18/1553 1801/6/1557
f 1804/18/1558 1801/6/1557 1802/18/1553
f 1806/18/1537 1800/6/1536 1798/6/1535
f 1800/6/1536 1806/18/1537 1805/18/1538
f 1798/6/1541 1800/6/1540 1806/18/1539
f 1805/18/1542 1806/18/1539 1800/6/1540
f 1803/18/1546 1796/6/1543 1797/6/1545
f 1796/6/1543 1803/18/1546 1807/18/1544
f 1797/6/1547 1796/6/1549 1803/18/1550
f 1807/18/1548 1803/18/1550 1796/6/1549
f 1807/18/1544 1798/6/1535 1796/6/1543
f 1798/6/1535 1807/18/1544 1806/18/1537
f 1796/6/1549 1798/6/1541 1807/18/1548
f 1806/18/1539 1807/18/1548 1798/6/1541
f 1810/10/1563 1809/10/1562 1808/10/1564
f 1809/10/1562 1810/10/1563 1811/10/1560
f 1809/10/1562 1811/10/1560 1812/10/1561
f 1812/10/1561 1811/10/1560 1813/10/1559
f 1808/10/1570 1809/10/1568 1810/10/1569
f 1811/10/1566 1810/10/1569 1809/10/1568
f 1812/10/1565 1811/10/1566 1809/10/1568
f 1813/10/1567 1811/10/1566 1812/10/1565
f 1802/18/1552 1813/10/1559 1811/10/1560
f 1813/10/1559 1802/18/1552 1804/18/1556
f 1811/10/1566 1813/10/1567 1802/18/1553
f 1804/18/1558 1802/18/1553 1813/10/1567
f 1809/10/1562 1805/18/1538 1806/18/1537
f 1805/18/1538 1809/10/1562 1812/10/1561
f 1806/18/1539 1805/18/1542 1809/10/1568
f 1812/10/1565 1809/10/1568 1805/18/1542
f 1803/18/1546 1808/10/1564 1807/18/1544
f 1808/10/1564 1803/18/1546 1810/10/1563
f 1807/18/1548 1808/10/1570 1803/18/1550
f 1810/10/1569 1803/18/1550 1808/10/1570
f 1813/10/1559 1805/18/1538 1812/10/1561
f 1805/18/1538 1813/10/1559 1804/18/1556
f 1812/10/1565 1805/18/1542 1813/10/1567
f 1804/18/1558 1813/10/1567 1805/18/1542
f 1808/10/1564 1806/18/1537 1807/18/1544
f 1806/18/1537 1808/10/1564 1809/10/1562
f 1807/18/1548 1806/18/1539 1808/10/1570
f 1809/10/1568 1808/10/1570 1806/18/1539
f 1802/18/1552 1810/10/1563 1803/18/1546
f 1810/10/1563 1802/18/1552 1811/10/1560
f 1803/18/1550 1810/10/1569 1802/18/1553
f 1811/10/1566 1802/18/1553 1810/10/1569
f 1816/6/11 1815/7/5 1814/6/3
f 1815/7/5 1816/6/11 1817/7/12
f 1814/6/9 1815/7/7 1816/6/13
f 1817/7/14 1816/6/13 1815/7/7
f 1819/7/16 1816/6/11 1818/6/15
f 1816/6/11 1819/7/16 1817/7/12
f 1818/6/18 1816/6/13 1819/7/17
f 1817/7/14 1819/7/17 1816/6/13
f 1822/8/22 1821/6/31 1820/6/20
f 1821/6/31 1822/8/22 1823/8/32
f 1820/6/24 1821/6/33 1822/8/26
f 1823/8/34 1822/8/26 1821/6/33
f 1821/6/31 1825/8/28 1824/6/27
f 1825/8/28 1821/6/31 1823/8/32
f 1824/6/30 1825/8/29 1821/6/33
f 1823/8/34 1821/6/33 1825/8/29
f 1827/8/21 1820/6/20 1826/6/19
f 1820/6/20 1827/8/21 1822/8/22
f 1826/6/25 1820/6/24 1827/8/23
f 1822/8/26 1827/8/23 1820/6/24
f 1815/7/5 1828/6/4 1814/6/3
f 1828/6/4 1815/7/5 1829/7/6
f 1814/6/9 1828/6/8 1815/7/7
f 1829/7/10 1815/7/7 1828/6/8
f 1825/8/28 1826/6/19 1824/6/27
f 1826/6/19 1825/8/28 1827/8/21
f 1824/6/30 1826/6/25 1825/8/29
f 1827/8/23 1825/8/29 1826/6/25
f 1825/8/28 1822/8/22 1827/8/21
f 1822/8/22 1825/8/28 1823/8/32
f 1827/8/23 1822/8/26 1825/8/29
f 1823/8/34 1825/8/29 1822/8/26
f 1829/7/6 1817/7/12 1819/7/16
f 1817/7/12 1829/7/6 1815/7/5
f 1819/7/17 1817/7/14 1829/7/10
f 1815/7/7 1829/7/10 1817/7/14
f 1832/6/46 1831/7/60 1830/6/63
f 1831/7/60 1832/6/46 1833/7/45
f 1830/6/64 1831/7/61 1832/6/50
f 1833/7/47 1832/6/50 1831/7/61
f 1836/7/59 1835/6/44 1834/6/65
f 1835/6/44 1836/7/59 1837/7/43
f 1834/6/66 1835/6/48 1836/7/62
f 1837/7/49 1836/7/62 1835/6/48
f 1830/6/63 1836/7/59 1834/6/65
f 1836/7/59 1830/6/63 1831/7/60
f 1834/6/66 1836/7/62 1830/6/64
f 1831/7/61 1830/6/64 1836/7/62
f 1833/7/45 1835/6/44 1837/7/43
f 1835/6/44 1833/7/45 1832/6/46
f 1837/7/49 1835/6/48 1833/7/47
f 1832/6/50 1833/7/47 1835/6/48
f 1831/7/60 1837/7/43 1836/7/59
f 1837/7/43 1831/7/60 1833/7/45
f 1836/7/62 1837/7/49 1831/7/61
f 1833/7/47 1831/7/61 1837/7/49
f 1829/7/6 1818/6/15 1828/6/4
f 1818/6/15 1829/7/6 1819/7/16
f 1828/6/8 1818/6/18 1829/7/10
f 1819/7/17 1829/7/10 1818/6/18
f 1840/8/37 1839/6/36 1838/6/35
f 1839/6/36 1840/8/37 1841/8/38
f 1838/6/41 1839/6/40 1840/8/39
f 1841/8/42 1840/8/39 1839/6/40
f 1843/8/56 1838/6/35 1842/6/55
f 1838/6/35 1843/8/56 1840/8/37
f 1842/6/58 1838/6/41 1843/8/57
f 1840/8/39 1843/8/57 1838/6/41
f 1841/8/38 1844/6/51 1839/6/36
f 1844/6/51 1841/8/38 1845/8/52
f 1839/6/40 1844/6/53 1841/8/42
f 1845/8/54 1841/8/42 1844/6/53
f 1844/6/51 1843/8/56 1842/6/55
f 1843/8/56 1844/6/51 1845/8/52
f 1842/6/58 1843/8/57 1844/6/53
f 1845/8/54 1844/6/53 1843/8/57
f 1843/8/56 1841/8/38 1840/8/37
f 1841/8/38 1843/8/56 1845/8/52
f 1840/8/39 1841/8/42 1843/8/57
f 1845/8/54 1843/8/57 1841/8/42
f 1848/10/1 1847/10/1 1846/10/1
f 1847/10/1 1848/10/1 1105/10/1
f 1105/10/1 1848/10/1 1849/10/1
f 1105/10/1 1849/10/1 1850/10/1
f 1105/10/1 1850/10/1 1851/10/1
f 1105/10/1 1851/10/1 1852/10/1
f 1105/10/1 1852/10/1 1853/10/1
f 1846/10/2 1847/10/2 1848/10/2
f 1105/10/2 1848/10/2 1847/10/2
f 1849/10/2 1848/10/2 1105/10/2
f 1850/10/2 1849/10/2 1105/10/2
f 1851/10/2 1850/10/2 1105/10/2
f 1852/10/2 1851/10/2 1105/10/2
f 1853/10/2 1852/10/2 1105/10/2
f 1856/15/1571 1855/16/1430 1854/16/1431
f 1855/16/1430 1856/15/1571 1857/15/1572
f 1854/16/1425 1855/16/1426 1856/15/1573
f 1857/15/1574 1856/15/1573 1855/16/1426
f 1852/10/1575 1857/15/1572 1856/15/1571
f 1857/15/1572 1852/10/1575 1851/10/1576
f 1856/15/1573 1857/15/1574 1852/10/1577
f 1851/10/1578 1852/10/1577 1857/15/1574
f 1857/15/1572 1858/16/1439 1855/16/1430
f 1858/16/1439 1857/15/1572 1859/15/1579
f 1855/16/1426 1858/16/1437 1857/15/1574
f 1859/15/1580 1857/15/1574 1858/16/1437
f 1862/17/1583 1861/6/1582 1860/6/1581
f 1861/6/1582 1862/17/1583 1863/17/1584
f 1860/6/1587 1861/6/1586 1862/17/1585
f 1863/17/1588 1862/17/1585 1861/6/1586
f 1847/10/418 1865/6/418 1864/6/418
f 1865/6/418 1847/10/418 1105/10/418
f 1864/6/417 1865/6/417 1847/10/417
f 1105/10/417 1847/10/417 1865/6/417
f 1859/15/1579 1866/16/1453 1858/16/1439
f 1866/16/1453 1859/15/1579 1867/15/1589
f 1858/16/1437 1866/16/1451 1859/15/1580
f 1867/15/1590 1859/15/1580 1866/16/1451
f 1870/17/1593 1869/6/1592 1868/6/1591
f 1869/6/1592 1870/17/1593 1871/17/1594
f 1868/6/1597 1869/6/1596 1870/17/1595
f 1871/17/1598 1870/17/1595 1869/6/1596
f 1873/15/1599 1854/16/1431 1872/16/1466
f 1854/16/1431 1873/15/1599 1856/15/1571
f 1872/16/1463 1854/16/1425 1873/15/1600
f 1856/15/1573 1873/15/1600 1854/16/1425
f 1876/17/1603 1875/6/1602 1874/6/1601
f 1875/6/1602 1876/17/1603 1877/17/1604
f 1874/6/1607 1875/6/1606 1876/17/1605
f 1877/17/1608 1876/17/1605 1875/6/1606
f 1880/15/1609 1879/16/1480 1878/16/1481
f 1879/16/1480 1880/15/1609 1881/15/1610
f 1878/16/1475 1879/16/1476 1880/15/1611
f 1881/15/1612 1880/15/1611 1879/16/1476
f 1877/17/1604 1860/6/1581 1875/6/1602
f 1860/6/1581 1877/17/1604 1862/17/1583
f 1875/6/1606 1860/6/1587 1877/17/1608
f 1862/17/1585 1877/17/1608 1860/6/1587
f 1867/15/1589 1878/16/1481 1866/16/1453
f 1878/16/1481 1867/15/1589 1880/15/1609
f 1866/16/1451 1878/16/1475 1867/15/1590
f 1880/15/1611 1867/15/1590 1878/16/1475
f 1863/17/1584 1882/6/1613 1861/6/1582
f 1882/6/1613 1863/17/1584 1883/17/1614
f 1861/6/1586 1882/6/1615 1863/17/1588
f 1883/17/1616 1863/17/1588 1882/6/1615
f 1871/17/1594 1874/6/1601 1869/6/1592
f 1874/6/1601 1871/17/1594 1876/17/1603
f 1869/6/1596 1874/6/1607 1871/17/1598
f 1876/17/1605 1871/17/1598 1874/6/1607
f 1878/16/1481 1883/17/1614 1863/17/1584
f 1883/17/1614 1878/16/1481 1879/16/1480
f 1863/17/1588 1883/17/1616 1878/16/1475
f 1879/16/1476 1878/16/1475 1883/17/1616
f 1848/10/1617 1881/15/1610 1880/15/1609
f 1881/15/1610 1848/10/1617 1846/10/1618
f 1880/15/1611 1881/15/1612 1848/10/1619
f 1846/10/1620 1848/10/1619 1881/15/1612
f 1855/16/1430 1877/17/1604 1876/17/1603
f 1877/17/1604 1855/16/1430 1858/16/1439
f 1876/17/1605 1877/17/1608 1855/16/1426
f 1858/16/1437 1855/16/1426 1877/17/1608
f 1853/10/1621 1856/15/1571 1873/15/1599
f 1856/15/1571 1853/10/1621 1852/10/1575
f 1873/15/1600 1856/15/1573 1853/10/1622
f 1852/10/1577 1853/10/1622 1856/15/1573
f 1847/10/420 1881/15/420 1846/10/420
f 1881/15/420 1847/10/420 1883/17/420
f 1883/17/420 1879/16/420 1881/15/420
f 1864/6/420 1883/17/420 1847/10/420
f 1883/17/420 1864/6/420 1882/6/420
f 1846/10/419 1881/15/419 1847/10/419
f 1883/17/419 1847/10/419 1881/15/419
f 1881/15/419 1879/16/419 1883/17/419
f 1847/10/419 1883/17/419 1864/6/419
f 1882/6/419 1864/6/419 1883/17/419
f 1849/10/1623 1880/15/1609 1867/15/1589
f 1880/15/1609 1849/10/1623 1848/10/1617
f 1867/15/1590 1880/15/1611 1849/10/1624
f 1848/10/1619 1849/10/1624 1880/15/1611
f 1858/16/1439 1862/17/1583 1877/17/1604
f 1862/17/1583 1858/16/1439 1866/16/1453
f 1877/17/1608 1862/17/1585 1858/16/1437
f 1866/16/1451 1858/16/1437 1862/17/1585
f 1854/16/1431 1876/17/1603 1871/17/1594
f 1876/17/1603 1854/16/1431 1855/16/1430
f 1871/17/1598 1876/17/1605 1854/16/1425
f 1855/16/1426 1854/16/1425 1876/17/1605
f 1850/10/1625 1867/15/1589 1859/15/1579
f 1867/15/1589 1850/10/1625 1849/10/1623
f 1859/15/1580 1867/15/1590 1850/10/1626
f 1849/10/1624 1850/10/1626 1867/15/1590
f 1851/10/1576 1859/15/1579 1857/15/1572
f 1859/15/1579 1851/10/1576 1850/10/1625
f 1857/15/1574 1859/15/1580 1851/10/1578
f 1850/10/1626 1851/10/1578 1859/15/1580
f 1872/16/1466 1871/17/1594 1870/17/1593
f 1871/17/1594 1872/16/1466 1854/16/1431
f 1870/17/1595 1871/17/1598 1872/16/1463
f 1854/16/1425 1872/16/1463 1871/17/1598
f 1866/16/1453 1863/17/1584 1862/17/1583
f 1863/17/1584 1866/16/1453 1878/16/1481
f 1862/17/1585 1863/17/1588 1866/16/1451
f 1878/16/1475 1866/16/1451 1863/17/1588
f 1865/6/419 1870/17/419 1868/6/419
f 1870/17/419 1865/6/419 1873/15/419
f 1873/15/419 1872/16/419 1870/17/419
f 1105/10/419 1873/15/419 1865/6/419
f 1873/15/419 1105/10/419 1853/10/419
f 1868/6/420 1870/17/420 1865/6/420
f 1873/15/420 1865/6/420 1870/17/420
f 1870/17/420 1872/16/420 1873/15/420
f 1865/6/420 1873/15/420 1105/10/420
f 1853/10/420 1105/10/420 1873/15/420
f 1865/6/2 1882/6/2 1864/6/2
f 1882/6/2 1865/6/2 1861/6/2
f 1861/6/2 1865/6/2 1860/6/2
f 1860/6/2 1865/6/2 1875/6/2
f 1875/6/2 1865/6/2 1874/6/2
f 1874/6/2 1865/6/2 1869/6/2
f 1869/6/2 1865/6/2 1868/6/2
f 1864/6/1 1882/6/1 1865/6/1
f 1861/6/1 1865/6/1 1882/6/1
f 1860/6/1 1865/6/1 1861/6/1
f 1875/6/1 1865/6/1 1860/6/1
f 1874/6/1 1865/6/1 1875/6/1
f 1869/6/1 1865/6/1 1874/6/1
f 1868/6/1 1865/6/1 1869/6/1
f 1886/11/1507 1885/10/1627 1884/10/1509
f 1885/10/1627 1886/11/1507 1887/11/1628
f 1884/10/1511 1885/10/1629 1886/11/1513
f 1887/11/1630 1886/11/1513 1885/10/1629
f 1890/10/1499 1889/11/1515 1888/11/1501
f 1889/11/1515 1890/10/1499 1891/10/1516
f 1888/11/1503 1889/11/1518 1890/10/1505
f 1891/10/1517 1890/10/1505 1889/11/1518
f 1886/11/1507 1893/10/1510 1892/11/1508
f 1893/10/1510 1886/11/1507 1884/10/1509
f 1892/11/1512 1893/10/1514 1886/11/1513
f 1884/10/1511 1886/11/1513 1893/10/1514
f 1892/11/1508 1895/6/1631 1894/6/1530
f 1895/6/1631 1892/11/1508 1896/11/1632
f 1894/6/1531 1895/6/1633 1892/11/1512
f 1896/11/1634 1892/11/1512 1895/6/1633
f 1896/11/1632 1897/6/1533 1895/6/1631
f 1897/6/1533 1896/11/1632 1888/11/1501
f 1895/6/1633 1897/6/1534 1896/11/1634
f 1888/11/1503 1896/11/1634 1897/6/1534
f 1892/11/1508 1898/10/1635 1896/11/1632
f 1898/10/1635 1892/11/1508 1893/10/1510
f 1896/11/1634 1898/10/1636 1892/11/1512
f 1893/10/1514 1892/11/1512 1898/10/1636
f 1900/6/1519 1887/11/1628 1899/6/1637
f 1887/11/1628 1900/6/1519 1889/11/1515
f 1899/6/1638 1887/11/1630 1900/6/1523
f 1889/11/1518 1900/6/1523 1887/11/1630
f 1888/11/1501 1900/6/1519 1897/6/1533
f 1900/6/1519 1888/11/1501 1889/11/1515
f 1897/6/1534 1900/6/1523 1888/11/1503
f 1889/11/1518 1888/11/1503 1900/6/1523
f 1885/10/1627 1889/11/1515 1891/10/1516
f 1889/11/1515 1885/10/1627 1887/11/1628
f 1891/10/1517 1889/11/1518 1885/10/1629
f 1887/11/1630 1885/10/1629 1889/11/1518
f 1898/10/1635 1888/11/1501 1896/11/1632
f 1888/11/1501 1898/10/1635 1890/10/1499
f 1896/11/1634 1888/11/1503 1898/10/1636
f 1890/10/1505 1898/10/1636 1888/11/1503
f 1897/6/2 1894/6/2 1895/6/2
f 1894/6/2 1897/6/2 1901/6/2
f 1901/6/2 1897/6/2 1900/6/2
f 1901/6/2 1900/6/2 1899/6/2
f 1895/6/1 1894/6/1 1897/6/1
f 1901/6/1 1897/6/1 1894/6/1
f 1900/6/1 1897/6/1 1901/6/1
f 1899/6/1 1900/6/1 1901/6/1
f 1886/11/1507 1894/6/1530 1901/6/1525
f 1894/6/1530 1886/11/1507 1892/11/1508
f 1901/6/1526 1894/6/1531 1886/11/1513
f 1892/11/1512 1886/11/1513 1894/6/1531
f 1899/6/1637 1886/11/1507 1901/6/1525
f 1886/11/1507 1899/6/1637 1887/11/1628
f 1901/6/1526 1886/11/1513 1899/6/1638
f 1887/11/1630 1899/6/1638 1886/11/1513
f 1893/10/1510 1890/10/1499 1898/10/1635
f 1890/10/1499 1893/10/1510 1884/10/1509
f 1890/10/1499 1884/10/1509 1891/10/1516
f 1891/10/1516 1884/10/1509 1885/10/1627
f 1898/10/1636 1890/10/1505 1893/10/1514
f 1884/10/1511 1893/10/1514 1890/10/1505
f 1891/10/1517 1884/10/1511 1890/10/1505
f 1885/10/1629 1884/10/1511 1891/10/1517
f 1904/6/2 1903/6/2 1902/6/2
f 1903/6/2 1904/6/2 1905/6/2
f 1905/6/2 1904/6/2 1906/6/2
f 1905/6/2 1906/6/2 1907/6/2
f 1902/6/1 1903/6/1 1904/6/1
f 1905/6/1 1904/6/1 1903/6/1
f 1906/6/1 1904/6/1 1905/6/1
f 1907/6/1 1906/6/1 1905/6/1
f 1908/18/1552 1903/6/1545 1905/6/1551
f 1903/6/1545 1908/18/1552 1909/18/1546
f 1905/6/1554 1903/6/1547 1908/18/1553
f 1909/18/1550 1908/18/1553 1903/6/1547
f 1906/6/1536 1910/18/1556 1907/6/1555
f 1910/18/1556 1906/6/1536 1911/18/1538
f 1907/6/1557 1910/18/1558 1906/6/1540
f 1911/18/1542 1906/6/1540 1910/18/1558
f 1907/6/1555 1908/18/1552 1905/6/1551
f 1908/18/1552 1907/6/1555 1910/18/1556
f 1905/6/1554 1908/18/1553 1907/6/1557
f 1910/18/1558 1907/6/1557 1908/18/1553
f 1912/18/1537 1906/6/1536 1904/6/1535
f 1906/6/1536 1912/18/1537 1911/18/1538
f 1904/6/1541 1906/6/1540 1912/18/1539
f 1911/18/1542 1912/18/1539 1906/6/1540
f 1909/18/1546 1902/6/1543 1903/6/1545
f 1902/6/1543 1909/18/1546 1913/18/1544
f 1903/6/1547 1902/6/1549 1909/18/1550
f 1913/18/1548 1909/18/1550 1902/6/1549
f 1913/18/1544 1904/6/1535 1902/6/1543
f 1904/6/1535 1913/18/1544 1912/18/1537
f 1902/6/1549 1904/6/1541 1913/18/1548
f 1912/18/1539 1913/18/1548 1904/6/1541
f 1916/10/1563 1915/10/1562 1914/10/1564
f 1915/10/1562 1916/10/1563 1917/10/1560
f 1915/10/1562 1917/10/1560 1918/10/1561
f 1918/10/1561 1917/10/1560 1919/10/1559
f 1914/10/1570 1915/10/1568 1916/10/1569
f 1917/10/1566 1916/10/1569 1915/10/1568
f 1918/10/1565 1917/10/1566 1915/10/1568
f 1919/10/1567 1917/10/1566 1918/10/1565
f 1908/18/1552 1919/10/1559 1917/10/1560
f 1919/10/1559 1908/18/1552 1910/18/1556
f 1917/10/1566 1919/10/1567 1908/18/1553
f 1910/18/1558 1908/18/1553 1919/10/1567
f 1915/10/1562 1911/18/1538 1912/18/1537
f 1911/18/1538 1915/10/1562 1918/10/1561
f 1912/18/1539 1911/18/1542 1915/10/1568
f 1918/10/1565 1915/10/1568 1911/18/1542
f 1909/18/1546 1914/10/1564 1913/18/1544
f 1914/10/1564 1909/18/1546 1916/10/1563
f 1913/18/1548 1914/10/1570 1909/18/1550
f 1916/10/1569 1909/18/1550 1914/10/1570
f 1919/10/1559 1911/18/1538 1918/10/1561
f 1911/18/1538 1919/10/1559 1910/18/1556
f 1918/10/1565 1911/18/1542 1919/10/1567
f 1910/18/1558 1919/10/1567 1911/18/1542
f 1914/10/1564 1912/18/1537 1913/18/1544
f 1912/18/1537 1914/10/1564 1915/10/1562
f 1913/18/1548 1912/18/1539 1914/10/1570
f 1915/10/1568 1914/10/1570 1912/18/1539
f 1908/18/1552 1916/10/1563 1909/18/1546
f 1916/10/1563 1908/18/1552 1917/10/1560
f 1909/18/1550 1916/10/1569 1908/18/1553
f 1917/10/1566 1908/18/1553 1916/10/1569
f 1922/15/1641 1921/16/1640 1920/16/1639
f 1921/16/1640 1922/15/1641 1923/15/1642
f 1920/16/1645 1921/16/1644 1922/15/1643
f 1923/15/1646 1922/15/1643 1921/16/1644
f 1922/15/1641 1925/10/1648 1924/10/1647
f 1925/10/1648 1922/15/1641 1926/15/1649
f 1924/10/1651 1925/10/1650 1922/15/1643
f 1926/15/1652 1922/15/1643 1925/10/1650
f 1929/6/1655 1928/17/1654 1927/6/1653
f 1928/17/1654 1929/6/1655 1930/17/1656
f 1927/6/1659 1928/17/1658 1929/6/1657
f 1930/17/1660 1929/6/1657 1928/17/1658
f 1927/6/1653 1932/17/1662 1931/6/1661
f 1932/17/1662 1927/6/1653 1928/17/1654
f 1931/6/1664 1932/17/1663 1927/6/1659
f 1928/17/1658 1927/6/1659 1932/17/1663
f 1924/10/1 1934/10/1 1933/10/1
f 1934/10/1 1924/10/1 1925/10/1
f 1933/10/2 1934/10/2 1924/10/2
f 1925/10/2 1924/10/2 1934/10/2
f 1935/6/1339 1930/17/1339 1929/6/1339
f 1930/17/1339 1935/6/1339 1934/10/1339
f 1930/17/1339 1934/10/1339 1936/16/1339
f 1936/16/1339 1934/10/1339 1926/15/1339
f 1926/15/1339 1934/10/1339 1925/10/1339
f 1929/6/1340 1930/17/1340 1935/6/1340
f 1934/10/1340 1935/6/1340 1930/17/1340
f 1936/16/1340 1934/10/1340 1930/17/1340
f 1926/15/1340 1934/10/1340 1936/16/1340
f 1925/10/1340 1934/10/1340 1926/15/1340
f 1928/17/1654 1936/16/1665 1920/16/1639
f 1936/16/1665 1928/17/1654 1930/17/1656
f 1920/16/1645 1936/16/1666 1928/17/1658
f 1930/17/1660 1928/17/1658 1936/16/1666
f 1924/10/1647 1923/15/1642 1922/15/1641
f 1923/15/1642 1924/10/1647 1933/10/1667
f 1922/15/1643 1923/15/1646 1924/10/1651
f 1933/10/1668 1924/10/1651 1923/15/1646
f 1920/16/1639 1932/17/1662 1928/17/1654
f 1932/17/1662 1920/16/1639 1921/16/1640
f 1928/17/1658 1932/17/1663 1920/16/1645
f 1921/16/1644 1920/16/1645 1932/17/1663
f 1929/6/2 1931/6/2 1935/6/2
f 1931/6/2 1929/6/2 1927/6/2
f 1935/6/1 1931/6/1 1929/6/1
f 1927/6/1 1929/6/1 1931/6/1
f 1934/10/1383 1923/15/1383 1933/10/1383
f 1923/15/1383 1934/10/1383 1932/17/1383
f 1932/17/1383 1921/16/1383 1923/15/1383
f 1935/6/1383 1932/17/1383 1934/10/1383
f 1932/17/1383 1935/6/1383 1931/6/1383
f 1933/10/1384 1923/15/1384 1934/10/1384
f 1932/17/1384 1934/10/1384 1923/15/1384
f 1923/15/1384 1921/16/1384 1932/17/1384
f 1934/10/1384 1932/17/1384 1935/6/1384
f 1931/6/1384 1935/6/1384 1932/17/1384
f 1936/16/1665 1922/15/1641 1920/16/1639
f 1922/15/1641 1936/16/1665 1926/15/1649
f 1920/16/1645 1922/15/1643 1936/16/1666
f 1926/15/1652 1936/16/1666 1922/15/1643
f 1939/15/1670 1938/16/1669 1937/16/409
f 1938/16/1669 1939/15/1670 1940/15/1671
f 1937/16/410 1938/16/1673 1939/15/1672
f 1940/15/1674 1939/15/1672 1938/16/1673
f 1939/15/1670 1942/10/1676 1941/10/1675
f 1942/10/1676 1939/15/1670 1943/15/1677
f 1941/10/1679 1942/10/1678 1939/15/1672
f 1943/15/1680 1939/15/1672 1942/10/1678
f 1946/6/1683 1945/17/1682 1944/6/1681
f 1945/17/1682 1946/6/1683 1947/17/1684
f 1944/6/1687 1945/17/1686 1946/6/1685
f 1947/17/1688 1946/6/1685 1945/17/1686
f 1944/6/1681 1949/17/1690 1948/6/1689
f 1949/17/1690 1944/6/1681 1945/17/1682
f 1948/6/1692 1949/17/1691 1944/6/1687
f 1945/17/1686 1944/6/1687 1949/17/1691
f 1941/10/1 1951/10/1 1950/10/1
f 1951/10/1 1941/10/1 1942/10/1
f 1950/10/2 1951/10/2 1941/10/2
f 1942/10/2 1941/10/2 1951/10/2
f 1952/6/1693 1947/17/1693 1946/6/1693
f 1947/17/1693 1952/6/1693 1951/10/1693
f 1947/17/1693 1951/10/1693 1953/16/1693
f 1953/16/1693 1951/10/1693 1943/15/1693
f 1943/15/1693 1951/10/1693 1942/10/1693
f 1946/6/1694 1947/17/1694 1952/6/1694
f 1951/10/1694 1952/6/1694 1947/17/1694
f 1953/16/1694 1951/10/1694 1947/17/1694
f 1943/15/1694 1951/10/1694 1953/16/1694
f 1942/10/1694 1951/10/1694 1943/15/1694
f 1945/17/1682 1953/16/1695 1937/16/409
f 1953/16/1695 1945/17/1682 1947/17/1684
f 1937/16/410 1953/16/1696 1945/17/1686
f 1947/17/1688 1945/17/1686 1953/16/1696
f 1941/10/1675 1940/15/1671 1939/15/1670
f 1940/15/1671 1941/10/1675 1950/10/1697
f 1939/15/1672 1940/15/1674 1941/10/1679
f 1950/10/1698 1941/10/1679 1940/15/1674
f 1937/16/409 1949/17/1690 1945/17/1682
f 1949/17/1690 1937/16/409 1938/16/1669
f 1945/17/1686 1949/17/1691 1937/16/410
f 1938/16/1673 1937/16/410 1949/17/1691
f 1946/6/2 1948/6/2 1952/6/2
f 1948/6/2 1946/6/2 1944/6/2
f 1952/6/1 1948/6/1 1946/6/1
f 1944/6/1 1946/6/1 1948/6/1
f 1951/10/1699 1940/15/1699 1950/10/1699
f 1940/15/1699 1951/10/1699 1949/17/1699
f 1949/17/1699 1938/16/1699 1940/15/1699
f 1952/6/1699 1949/17/1699 1951/10/1699
f 1949/17/1699 1952/6/1699 1948/6/1699
f 1950/10/1700 1940/15/1700 1951/10/1700
f 1949/17/1700 1951/10/1700 1940/15/1700
f 1940/15/1700 1938/16/1700 1949/17/1700
f 1951/10/1700 1949/17/1700 1952/6/1700
f 1948/6/1700 1952/6/1700 1949/17/1700
f 1953/16/1695 1939/15/1670 1937/16/409
f 1939/15/1670 1953/16/1695 1943/15/1677
f 1937/16/410 1939/15/1672 1953/16/1696
f 1943/15/1680 1953/16/1696 1939/15/1672
f 1955/15/1670 1554/16/1669 1954/16/409
f 1554/16/1669 1955/15/1670 1555/15/1671
f 1954/16/410 1554/16/1673 1955/15/1672
f 1555/15/1674 1955/15/1672 1554/16/1673
f 1955/15/1670 1957/10/1676 1956/10/1675
f 1957/10/1676 1955/15/1670 1958/15/1677
f 1956/10/1679 1957/10/1678 1955/15/1672
f 1958/15/1680 1955/15/1672 1957/10/1678
f 1961/6/1683 1960/17/1682 1959/6/1681
f 1960/17/1682 1961/6/1683 1962/17/1684
f 1959/6/1687 1960/17/1686 1961/6/1685
f 1962/17/1688 1961/6/1685 1960/17/1686
f 1959/6/1681 1552/17/1690 1963/6/1689
f 1552/17/1690 1959/6/1681 1960/17/1682
f 1963/6/1692 1552/17/1691 1959/6/1687
f 1960/17/1686 1959/6/1687 1552/17/1691
f 1956/10/1 1530/10/1 1535/10/1
f 1530/10/1 1956/10/1 1957/10/1
f 1535/10/2 1530/10/2 1956/10/2
f 1957/10/2 1956/10/2 1530/10/2
f 1964/6/1701 1962/17/1701 1961/6/1701
f 1962/17/1701 1964/6/1701 1530/10/1701
f 1962/17/1701 1530/10/1701 1965/16/1701
f 1965/16/1701 1530/10/1701 1958/15/1701
f 1958/15/1701 1530/10/1701 1957/10/1701
f 1961/6/1702 1962/17/1702 1964/6/1702
f 1530/10/1702 1964/6/1702 1962/17/1702
f 1965/16/1702 1530/10/1702 1962/17/1702
f 1958/15/1702 1530/10/1702 1965/16/1702
f 1957/10/1702 1530/10/1702 1958/15/1702
f 1960/17/1682 1965/16/1695 1954/16/409
f 1965/16/1695 1960/17/1682 1962/17/1684
f 1954/16/410 1965/16/1696 1960/17/1686
f 1962/17/1688 1960/17/1686 1965/16/1696
f 1956/10/1675 1555/15/1671 1955/15/1670
f 1555/15/1671 1956/10/1675 1535/10/1697
f 1955/15/1672 1555/15/1674 1956/10/1679
f 1535/10/1698 1956/10/1679 1555/15/1674
f 1954/16/409 1552/17/1690 1960/17/1682
f 1552/17/1690 1954/16/409 1554/16/1669
f 1960/17/1686 1552/17/1691 1954/16/410
f 1554/16/1673 1954/16/410 1552/17/1691
f 1961/6/2 1963/6/2 1964/6/2
f 1963/6/2 1961/6/2 1959/6/2
f 1964/6/1 1963/6/1 1961/6/1
f 1959/6/1 1961/6/1 1963/6/1
f 1530/10/1703 1555/15/1703 1535/10/1703
f 1555/15/1703 1530/10/1703 1552/17/1703
f 1552/17/1703 1554/16/1703 1555/15/1703
f 1964/6/1703 1552/17/1703 1530/10/1703
f 1552/17/1703 1964/6/1703 1963/6/1703
f 1535/10/1704 1555/15/1704 1530/10/1704
f 1552/17/1704 1530/10/1704 1555/15/1704
f 1555/15/1704 1554/16/1704 1552/17/1704
f 1530/10/1704 1552/17/1704 1964/6/1704
f 1963/6/1704 1964/6/1704 1552/17/1704
f 1965/16/1695 1955/15/1670 1954/16/409
f 1955/15/1670 1965/16/1695 1958/15/1677
f 1954/16/410 1955/15/1672 1965/16/1696
f 1958/15/1680 1965/16/1696 1955/15/1672
f 1968/15/1705 1967/16/1673 1966/16/410
f 1967/16/1673 1968/15/1705 1969/15/1706
f 1966/16/409 1967/16/1669 1968/15/1707
f 1969/15/1708 1968/15/1707 1967/16/1669
f 1968/15/1705 1971/10/1710 1970/10/1709
f 1971/10/1710 1968/15/1705 1972/15/1711
f 1970/10/1713 1971/10/1712 1968/15/1707
f 1972/15/1714 1968/15/1707 1971/10/1712
f 1975/6/1717 1974/17/1716 1973/6/1715
f 1974/17/1716 1975/6/1717 1976/17/1718
f 1973/6/1721 1974/17/1720 1975/6/1719
f 1976/17/1722 1975/6/1719 1974/17/1720
f 1973/6/1715 1978/17/1724 1977/6/1723
f 1978/17/1724 1973/6/1715 1974/17/1716
f 1977/6/1726 1978/17/1725 1973/6/1721
f 1974/17/1720 1973/6/1721 1978/17/1725
f 1970/10/1 1980/10/1 1979/10/1
f 1980/10/1 1970/10/1 1971/10/1
f 1979/10/2 1980/10/2 1970/10/2
f 1971/10/2 1970/10/2 1980/10/2
f 1981/6/418 1976/17/418 1975/6/418
f 1976/17/418 1981/6/418 1980/10/418
f 1976/17/418 1980/10/418 1982/16/418
f 1982/16/418 1980/10/418 1972/15/418
f 1972/15/418 1980/10/418 1971/10/418
f 1975/6/417 1976/17/417 1981/6/417
f 1980/10/417 1981/6/417 1976/17/417
f 1982/16/417 1980/10/417 1976/17/417
f 1972/15/417 1980/10/417 1982/16/417
f 1971/10/417 1980/10/417 1972/15/417
f 1974/17/1716 1982/16/1696 1966/16/410
f 1982/16/1696 1974/17/1716 1976/17/1718
f 1966/16/409 1982/16/1695 1974/17/1720
f 1976/17/1722 1974/17/1720 1982/16/1695
f 1970/10/1709 1969/15/1706 1968/15/1705
f 1969/15/1706 1970/10/1709 1979/10/1727
f 1968/15/1707 1969/15/1708 1970/10/1713
f 1979/10/1728 1970/10/1713 1969/15/1708
f 1966/16/410 1978/17/1724 1974/17/1716
f 1978/17/1724 1966/16/410 1967/16/1673
f 1974/17/1720 1978/17/1725 1966/16/409
f 1967/16/1669 1966/16/409 1978/17/1725
f 1975/6/2 1977/6/2 1981/6/2
f 1977/6/2 1975/6/2 1973/6/2
f 1981/6/1 1977/6/1 1975/6/1
f 1973/6/1 1975/6/1 1977/6/1
f 1980/10/420 1969/15/420 1979/10/420
f 1969/15/420 1980/10/420 1978/17/420
f 1978/17/420 1967/16/420 1969/15/420
f 1981/6/420 1978/17/420 1980/10/420
f 1978/17/420 1981/6/420 1977/6/420
f 1979/10/419 1969/15/419 1980/10/419
f 1978/17/419 1980/10/419 1969/15/419
f 1969/15/419 1967/16/419 1978/17/419
f 1980/10/419 1978/17/419 1981/6/419
f 1977/6/419 1981/6/419 1978/17/419
f 1982/16/1696 1968/15/1705 1966/16/410
f 1968/15/1705 1982/16/1696 1972/15/1711
f 1966/16/409 1968/15/1707 1982/16/1695
f 1972/15/1714 1982/16/1695 1968/15/1707
f 1985/15/1641 1984/16/1640 1983/16/1639
f 1984/16/1640 1985/15/1641 1986/15/1642
f 1983/16/1645 1984/16/1644 1985/15/1643
f 1986/15/1646 1985/15/1643 1984/16/1644
f 1985/15/1641 1634/10/1648 1987/10/1647
f 1634/10/1648 1985/15/1641 1670/15/1649
f 1987/10/1651 1634/10/1650 1985/15/1643
f 1670/15/1652 1985/15/1643 1634/10/1650
f 1990/6/1655 1989/17/1654 1988/6/1653
f 1989/17/1654 1990/6/1655 1672/17/1656
f 1988/6/1659 1989/17/1658 1990/6/1657
f 1672/17/1660 1990/6/1657 1989/17/1658
f 1988/6/1653 1992/17/1662 1991/6/1661
f 1992/17/1662 1988/6/1653 1989/17/1654
f 1991/6/1664 1992/17/1663 1988/6/1659
f 1989/17/1658 1988/6/1659 1992/17/1663
f 1987/10/1 1635/10/1 1993/10/1
f 1635/10/1 1987/10/1 1634/10/1
f 1993/10/2 1635/10/2 1987/10/2
f 1634/10/2 1987/10/2 1635/10/2
f 1994/6/1339 1672/17/1339 1990/6/1339
f 1672/17/1339 1994/6/1339 1635/10/1339
f 1672/17/1339 1635/10/1339 1668/16/1339
f 1668/16/1339 1635/10/1339 1670/15/1339
f 1670/15/1339 1635/10/1339 1634/10/1339
f 1990/6/1340 1672/17/1340 1994/6/1340
f 1635/10/1340 1994/6/1340 1672/17/1340
f 1668/16/1340 1635/10/1340 1672/17/1340
f 1670/15/1340 1635/10/1340 1668/16/1340
f 1634/10/1340 1635/10/1340 1670/15/1340
f 1989/17/1654 1668/16/1665 1983/16/1639
f 1668/16/1665 1989/17/1654 1672/17/1656
f 1983/16/1645 1668/16/1666 1989/17/1658
f 1672/17/1660 1989/17/1658 1668/16/1666
f 1987/10/1647 1986/15/1642 1985/15/1641
f 1986/15/1642 1987/10/1647 1993/10/1667
f 1985/15/1643 1986/15/1646 1987/10/1651
f 1993/10/1668 1987/10/1651 1986/15/1646
f 1983/16/1639 1992/17/1662 1989/17/1654
f 1992/17/1662 1983/16/1639 1984/16/1640
f 1989/17/1658 1992/17/1663 1983/16/1645
f 1984/16/1644 1983/16/1645 1992/17/1663
f 1990/6/2 1991/6/2 1994/6/2
f 1991/6/2 1990/6/2 1988/6/2
f 1994/6/1 1991/6/1 1990/6/1
f 1988/6/1 1990/6/1 1991/6/1
f 1635/10/1383 1986/15/1383 1993/10/1383
f 1986/15/1383 1635/10/1383 1992/17/1383
f 1992/17/1383 1984/16/1383 1986/15/1383
f 1994/6/1383 1992/17/1383 1635/10/1383
f 1992/17/1383 1994/6/1383 1991/6/1383
f 1993/10/1384 1986/15/1384 1635/10/1384
f 1992/17/1384 1635/10/1384 1986/15/1384
f 1986/15/1384 1984/16/1384 1992/17/1384
f 1635/10/1384 1992/17/1384 1994/6/1384
f 1991/6/1384 1994/6/1384 1992/17/1384
f 1668/16/1665 1985/15/1641 1983/16/1639
f 1985/15/1641 1668/16/1665 1670/15/1649
f 1983/16/1645 1985/15/1643 1668/16/1666
f 1670/15/1652 1668/16/1666 1985/15/1643
f 1996/15/1705 1766/16/1673 1995/16/410
f 1766/16/1673 1996/15/1705 1767/15/1706
f 1995/16/409 1766/16/1669 1996/15/1707
f 1767/15/1708 1996/15/1707 1766/16/1669
f 1996/15/1705 1998/10/1710 1997/10/1709
f 1998/10/1710 1996/15/1705 1999/15/1711
f 1997/10/1713 1998/10/1712 1996/15/1707
f 1999/15/1714 1996/15/1707 1998/10/1712
f 2002/6/1717 2001/17/1716 2000/6/1715
f 2001/17/1716 2002/6/1717 2003/17/1718
f 2000/6/1721 2001/17/1720 2002/6/1719
f 2003/17/1722 2002/6/1719 2001/17/1720
f 2000/6/1715 1764/17/1724 2004/6/1723
f 1764/17/1724 2000/6/1715 2001/17/1716
f 2004/6/1726 1764/17/1725 2000/6/1721
f 2001/17/1720 2000/6/1721 1764/17/1725
f 1997/10/1 1742/10/1 1747/10/1
f 1742/10/1 1997/10/1 1998/10/1
f 1747/10/2 1742/10/2 1997/10/2
f 1998/10/2 1997/10/2 1742/10/2
f 2005/6/418 2003/17/418 2002/6/418
f 2003/17/418 2005/6/418 1742/10/418
f 2003/17/418 1742/10/418 2006/16/418
f 2006/16/418 1742/10/418 1999/15/418
f 1999/15/418 1742/10/418 1998/10/418
f 2002/6/417 2003/17/417 2005/6/417
f 1742/10/417 2005/6/417 2003/17/417
f 2006/16/417 1742/10/417 2003/17/417
f 1999/15/417 1742/10/417 2006/16/417
f 1998/10/417 1742/10/417 1999/15/417
f 2001/17/1716 2006/16/1696 1995/16/410
f 2006/16/1696 2001/17/1716 2003/17/1718
f 1995/16/409 2006/16/1695 2001/17/1720
f 2003/17/1722 2001/17/1720 2006/16/1695
f 1997/10/1709 1767/15/1706 1996/15/1705
f 1767/15/1706 1997/10/1709 1747/10/1727
f 1996/15/1707 1767/15/1708 1997/10/1713
f 1747/10/1728 1997/10/1713 1767/15/1708
f 1995/16/410 1764/17/1724 2001/17/1716
f 1764/17/1724 1995/16/410 1766/16/1673
f 2001/17/1720 1764/17/1725 1995/16/409
f 1766/16/1669 1995/16/409 1764/17/1725
f 2002/6/2 2004/6/2 2005/6/2
f 2004/6/2 2002/6/2 2000/6/2
f 2005/6/1 2004/6/1 2002/6/1
f 2000/6/1 2002/6/1 2004/6/1
f 1742/10/420 1767/15/420 1747/10/420
f 1767/15/420 1742/10/420 1764/17/420
f 1764/17/420 1766/16/420 1767/15/420
f 2005/6/420 1764/17/420 1742/10/420
f 1764/17/420 2005/6/420 2004/6/420
f 1747/10/419 1767/15/419 1742/10/419
f 1764/17/419 1742/10/419 1767/15/419
f 1767/15/419 1766/16/419 1764/17/419
f 1742/10/419 1764/17/419 2005/6/419
f 2004/6/419 2005/6/419 1764/17/419
f 2006/16/1696 1996/15/1705 1995/16/410
f 1996/15/1705 2006/16/1696 1999/15/1711
f 1995/16/409 1996/15/1707 2006/16/1695
f 1999/15/1714 2006/16/1695 1996/15/1707
f 2009/15/1731 2008/16/1730 2007/16/1729
f 2008/16/1730 2009/15/1731 2010/15/1732
f 2007/16/1735 2008/16/1734 2009/15/1733
f 2010/15/1736 2009/15/1733 2008/16/1734
f 2009/15/1731 1846/10/1738 2011/10/1737
f 1846/10/1738 2009/15/1731 1881/15/1739
f 2011/10/1741 1846/10/1740 2009/15/1733
f 1881/15/1742 2009/15/1733 1846/10/1740
f 2014/6/1745 2013/17/1744 2012/6/1743
f 2013/17/1744 2014/6/1745 1883/17/1746
f 2012/6/1749 2013/17/1748 2014/6/1747
f 1883/17/1750 2014/6/1747 2013/17/1748
f 2012/6/1743 2016/17/1752 2015/6/1751
f 2016/17/1752 2012/6/1743 2013/17/1744
f 2015/6/1754 2016/17/1753 2012/6/1749
f 2013/17/1748 2012/6/1749 2016/17/1753
f 2011/10/1 1847/10/1 2017/10/1
f 1847/10/1 2011/10/1 1846/10/1
f 2017/10/2 1847/10/2 2011/10/2
f 1846/10/2 2011/10/2 1847/10/2
f 2018/6/1213 1883/17/1213 2014/6/1213
f 1883/17/1213 2018/6/1213 1847/10/1213
f 1883/17/1213 1847/10/1213 1879/16/1213
f 1879/16/1213 1847/10/1213 1881/15/1213
f 1881/15/1213 1847/10/1213 1846/10/1213
f 2014/6/1214 1883/17/1214 2018/6/1214
f 1847/10/1214 2018/6/1214 1883/17/1214
f 1879/16/1214 1847/10/1214 1883/17/1214
f 1881/15/1214 1847/10/1214 1879/16/1214
f 1846/10/1214 1847/10/1214 1881/15/1214
f 2013/17/1744 1879/16/1755 2007/16/1729
f 1879/16/1755 2013/17/1744 1883/17/1746
f 2007/16/1735 1879/16/1756 2013/17/1748
f 1883/17/1750 2013/17/1748 1879/16/1756
f 2011/10/1737 2010/15/1732 2009/15/1731
f 2010/15/1732 2011/10/1737 2017/10/1757
f 2009/15/1733 2010/15/1736 2011/10/1741
f 2017/10/1758 2011/10/1741 2010/15/1736
f 2007/16/1729 2016/17/1752 2013/17/1744
f 2016/17/1752 2007/16/1729 2008/16/1730
f 2013/17/1748 2016/17/1753 2007/16/1735
f 2008/16/1734 2007/16/1735 2016/17/1753
f 2014/6/2 2015/6/2 2018/6/2
f 2015/6/2 2014/6/2 2012/6/2
f 2018/6/1 2015/6/1 2014/6/1
f 2012/6/1 2014/6/1 2015/6/1
f 1847/10/1257 2010/15/1257 2017/10/1257
f 2010/15/1257 1847/10/1257 2016/17/1257
f 2016/17/1257 2008/16/1257 2010/15/1257
f 2018/6/1257 2016/17/1257 1847/10/1257
f 2016/17/1257 2018/6/1257 2015/6/1257
f 2017/10/1258 2010/15/1258 1847/10/1258
f 2016/17/1258 1847/10/1258 2010/15/1258
f 2010/15/1258 2008/16/1258 2016/17/1258
f 1847/10/1258 2016/17/1258 2018/6/1258
f 2015/6/1258 2018/6/1258 2016/17/1258
f 1879/16/1755 2009/15/1731 2007/16/1729
f 2009/15/1731 1879/16/1755 1881/15/1739
f 2007/16/1735 2009/15/1733 1879/16/1756
f 1881/15/1742 1879/16/1756 2009/15/1733
f 2021/15/1731 2020/16/1730 2019/16/1729
f 2020/16/1730 2021/15/1731 2022/15/1732
f 2019/16/1735 2020/16/1734 2021/15/1733
f 2022/15/1736 2021/15/1733 2020/16/1734
f 2021/15/1731 2024/10/1738 2023/10/1737
f 2024/10/1738 2021/15/1731 2025/15/1739
f 2023/10/1741 2024/10/1740 2021/15/1733
f 2025/15/1742 2021/15/1733 2024/10/1740
f 2028/6/1745 2027/17/1744 2026/6/1743
f 2027/17/1744 2028/6/1745 2029/17/1746
f 2026/6/1749 2027/17/1748 2028/6/1747
f 2029/17/1750 2028/6/1747 2027/17/1748
f 2026/6/1743 2031/17/1752 2030/6/1751
f 2031/17/1752 2026/6/1743 2027/17/1744
f 2030/6/1754 2031/17/1753 2026/6/1749
f 2027/17/1748 2026/6/1749 2031/17/1753
f 2023/10/1 2033/10/1 2032/10/1
f 2033/10/1 2023/10/1 2024/10/1
f 2032/10/2 2033/10/2 2023/10/2
f 2024/10/2 2023/10/2 2033/10/2
f 2034/6/1213 2029/17/1213 2028/6/1213
f 2029/17/1213 2034/6/1213 2033/10/1213
f 2029/17/1213 2033/10/1213 2035/16/1213
f 2035/16/1213 2033/10/1213 2025/15/1213
f 2025/15/1213 2033/10/1213 2024/10/1213
f 2028/6/1214 2029/17/1214 2034/6/1214
f 2033/10/1214 2034/6/1214 2029/17/1214
f 2035/16/1214 2033/10/1214 2029/17/1214
f 2025/15/1214 2033/10/1214 2035/16/1214
f 2024/10/1214 2033/10/1214 2025/15/1214
f 2027/17/1744 2035/16/1755 2019/16/1729
f 2035/16/1755 2027/17/1744 2029/17/1746
f 2019/16/1735 2035/16/1756 2027/17/1748
f 2029/17/1750 2027/17/1748 2035/16/1756
f 2023/10/1737 2022/15/1732 2021/15/1731
f 2022/15/1732 2023/10/1737 2032/10/1757
f 2021/15/1733 2022/15/1736 2023/10/1741
f 2032/10/1758 2023/10/1741 2022/15/1736
f 2019/16/1729 2031/17/1752 2027/17/1744
f 2031/17/1752 2019/16/1729 2020/16/1730
f 2027/17/1748 2031/17/1753 2019/16/1735
f 2020/16/1734 2019/16/1735 2031/17/1753
f 2028/6/2 2030/6/2 2034/6/2
f 2030/6/2 2028/6/2 2026/6/2
f 2034/6/1 2030/6/1 2028/6/1
f 2026/6/1 2028/6/1 2030/6/1
f 2033/10/1257 2022/15/1257 2032/10/1257
f 2022/15/1257 2033/10/1257 2031/17/1257
f 2031/17/1257 2020/16/1257 2022/15/1257
f 2034/6/1257 2031/17/1257 2033/10/1257
f 2031/17/1257 2034/6/1257 2030/6/1257
f 2032/10/1258 2022/15/1258 2033/10/1258
f 2031/17/1258 2033/10/1258 2022/15/1258
f 2022/15/1258 2020/16/1258 2031/17/1258
f 2033/10/1258 2031/17/1258 2034/6/1258
f 2030/6/1258 2034/6/1258 2031/17/1258
f 2035/16/1755 2021/15/1731 2019/16/1729
f 2021/15/1731 2035/16/1755 2025/15/1739
f 2019/16/1735 2021/15/1733 2035/16/1756
f 2025/15/1742 2035/16/1756 2021/15/1733
f 2038/6/487 2037/7/484 2036/6/489
f 2037/7/484 2038/6/487 2039/7/483
f 2036/6/490 2037/7/486 2038/6/488
f 2039/7/485 2038/6/488 2037/7/486
f 2041/7/470 2038/6/487 2040/6/468
f 2038/6/487 2041/7/470 2039/7/483
f 2040/6/472 2038/6/488 2041/7/474
f 2039/7/485 2041/7/474 2038/6/488
f 2044/8/461 2043/6/460 2042/6/459
f 2043/6/460 2044/8/461 2045/8/462
f 2042/6/465 2043/6/464 2044/8/463
f 2045/8/466 2044/8/463 2043/6/464
f 2043/6/460 2047/8/477 2046/6/475
f 2047/8/477 2043/6/460 2045/8/462
f 2046/6/481 2047/8/479 2043/6/464
f 2045/8/466 2043/6/464 2047/8/479
f 2049/8/478 2042/6/459 2048/6/476
f 2042/6/459 2049/8/478 2044/8/461
f 2048/6/480 2042/6/465 2049/8/482
f 2044/8/463 2049/8/482 2042/6/465
f 2037/7/484 2050/6/467 2036/6/489
f 2050/6/467 2037/7/484 2051/7/469
f 2036/6/490 2050/6/473 2037/7/486
f 2051/7/471 2037/7/486 2050/6/473
f 2047/8/477 2048/6/476 2046/6/475
f 2048/6/476 2047/8/477 2049/8/478
f 2046/6/481 2048/6/480 2047/8/479
f 2049/8/482 2047/8/479 2048/6/480
f 2047/8/477 2044/8/461 2049/8/478
f 2044/8/461 2047/8/477 2045/8/462
f 2049/8/482 2044/8/463 2047/8/479
f 2045/8/466 2047/8/479 2044/8/463
f 2051/7/469 2039/7/483 2041/7/470
f 2039/7/483 2051/7/469 2037/7/484
f 2041/7/474 2039/7/485 2051/7/471
f 2037/7/486 2051/7/471 2039/7/485
f 2051/7/469 2040/6/468 2050/6/467
f 2040/6/468 2051/7/469 2041/7/470
f 2050/6/473 2040/6/472 2051/7/471
f 2041/7/474 2051/7/471 2040/6/472
f 2054/6/521 2053/8/505 2052/6/503
f 2053/8/505 2054/6/521 2055/8/512
f 2052/6/509 2053/8/507 2054/6/522
f 2055/8/514 2054/6/522 2053/8/507
f 2053/8/505 2057/8/511 2056/8/506
f 2057/8/511 2053/8/505 2055/8/512
f 2056/8/510 2057/8/513 2053/8/507
f 2055/8/514 2053/8/507 2057/8/513
f 2053/8/505 2058/6/504 2052/6/503
f 2058/6/504 2053/8/505 2056/8/506
f 2052/6/509 2058/6/508 2053/8/507
f 2056/8/510 2053/8/507 2058/6/508
f 2057/8/511 2054/6/521 2059/6/519
f 2054/6/521 2057/8/511 2055/8/512
f 2059/6/520 2054/6/522 2057/8/513
f 2055/8/514 2057/8/513 2054/6/522
f 2062/8/1301 2061/6/1300 2060/6/1299
f 2061/6/1300 2062/8/1301 2063/8/1302
f 2060/6/1305 2061/6/1304 2062/8/1303
f 2063/8/1306 2062/8/1303 2061/6/1304
f 2066/8/1309 2065/6/1308 2064/6/1307
f 2065/6/1308 2066/8/1309 2067/8/1310
f 2064/6/1313 2065/6/1312 2066/8/1311
f 2067/8/1314 2066/8/1311 2065/6/1312
f 2061/6/1300 2066/8/1309 2064/6/1307
f 2066/8/1309 2061/6/1300 2063/8/1302
f 2064/6/1313 2066/8/1311 2061/6/1304
f 2063/8/1306 2061/6/1304 2066/8/1311
f 2056/8/506 2059/6/519 2058/6/504
f 2059/6/519 2056/8/506 2057/8/511
f 2058/6/508 2059/6/520 2056/8/510
f 2057/8/513 2056/8/510 2059/6/520
f 2070/7/494 2069/7/515 2068/7/492
f 2069/7/515 2070/7/494 2071/7/500
f 2068/7/496 2069/7/518 2070/7/498
f 2071/7/502 2070/7/498 2069/7/518
f 2073/6/499 2070/7/494 2072/6/493
f 2070/7/494 2073/6/499 2071/7/500
f 2072/6/495 2070/7/498 2073/6/501
f 2071/7/502 2073/6/501 2070/7/498
f 2066/8/1309 2062/8/1301 2067/8/1310
f 2062/8/1301 2066/8/1309 2063/8/1302
f 2067/8/1314 2062/8/1303 2066/8/1311
f 2063/8/1306 2066/8/1311 2062/8/1303
f 2072/6/493 2068/7/492 2074/6/491
f 2068/7/492 2072/6/493 2070/7/494
f 2074/6/497 2068/7/496 2072/6/495
f 2070/7/498 2072/6/495 2068/7/496
f 2067/8/1310 2060/6/1299 2065/6/1308
f 2060/6/1299 2067/8/1310 2062/8/1301
f 2065/6/1312 2060/6/1305 2067/8/1314
f 2062/8/1303 2067/8/1314 2060/6/1305
f 2071/7/500 2075/6/516 2069/7/515
f 2075/6/516 2071/7/500 2073/6/499
f 2069/7/518 2075/6/517 2071/7/502
f 2073/6/501 2071/7/502 2075/6/517
f 2068/7/492 2075/6/516 2074/6/491
f 2075/6/516 2068/7/492 2069/7/515
f 2074/6/497 2075/6/517 2068/7/496
f 2069/7/518 2068/7/496 2075/6/517
f 2077/10/1 852/10/1 2076/10/1
f 852/10/1 2077/10/1 2078/10/1
f 2078/10/1 2077/10/1 2079/10/1
f 2078/10/1 2079/10/1 2080/10/1
f 2078/10/1 2080/10/1 2081/10/1
f 2078/10/1 2081/10/1 2082/10/1
f 2078/10/1 2082/10/1 2083/10/1
f 2076/10/2 852/10/2 2077/10/2
f 2078/10/2 2077/10/2 852/10/2
f 2079/10/2 2077/10/2 2078/10/2
f 2080/10/2 2079/10/2 2078/10/2
f 2081/10/2 2080/10/2 2078/10/2
f 2082/10/2 2081/10/2 2078/10/2
f 2083/10/2 2082/10/2 2078/10/2
f 2086/15/1317 2085/16/1316 2084/16/1315
f 2085/16/1316 2086/15/1317 2087/15/1318
f 2084/16/1321 2085/16/1320 2086/15/1319
f 2087/15/1322 2086/15/1319 2085/16/1320
f 2082/10/1323 2087/15/1318 2086/15/1317
f 2087/15/1318 2082/10/1323 2081/10/1324
f 2086/15/1319 2087/15/1322 2082/10/1325
f 2081/10/1326 2082/10/1325 2087/15/1322
f 2087/15/1318 2088/16/1327 2085/16/1316
f 2088/16/1327 2087/15/1318 2089/15/1328
f 2085/16/1320 2088/16/1329 2087/15/1322
f 2089/15/1330 2087/15/1322 2088/16/1329
f 2092/17/1333 2091/6/1332 2090/6/1331
f 2091/6/1332 2092/17/1333 2093/17/1334
f 2090/6/1337 2091/6/1336 2092/17/1335
f 2093/17/1338 2092/17/1335 2091/6/1336
f 852/10/1339 2095/6/1339 2094/6/1339
f 2095/6/1339 852/10/1339 2078/10/1339
f 2094/6/1340 2095/6/1340 852/10/1340
f 2078/10/1340 852/10/1340 2095/6/1340
f 2089/15/1328 2096/16/1341 2088/16/1327
f 2096/16/1341 2089/15/1328 2097/15/1342
f 2088/16/1329 2096/16/1343 2089/15/1330
f 2097/15/1344 2089/15/1330 2096/16/1343
f 2100/17/1347 2099/6/1346 2098/6/1345
f 2099/6/1346 2100/17/1347 2101/17/1348
f 2098/6/1351 2099/6/1350 2100/17/1349
f 2101/17/1352 2100/17/1349 2099/6/1350
f 2103/15/1354 2084/16/1315 2102/16/1353
f 2084/16/1315 2103/15/1354 2086/15/1317
f 2102/16/1356 2084/16/1321 2103/15/1355
f 2086/15/1319 2103/15/1355 2084/16/1321
f 2106/17/1359 2105/6/1358 2104/6/1357
f 2105/6/1358 2106/17/1359 2107/17/1360
f 2104/6/1363 2105/6/1362 2106/17/1361
f 2107/17/1364 2106/17/1361 2105/6/1362
f 2110/15/1367 2109/16/1366 2108/16/1365
f 2109/16/1366 2110/15/1367 2111/15/1368
f 2108/16/1371 2109/16/1370 2110/15/1369
f 2111/15/1372 2110/15/1369 2109/16/1370
f 2107/17/1360 2090/6/1331 2105/6/1358
f 2090/6/1331 2107/17/1360 2092/17/1333
f 2105/6/1362 2090/6/1337 2107/17/1364
f 2092/17/1335 2107/17/1364 2090/6/1337
f 2097/15/1342 2108/16/1365 2096/16/1341
f 2108/16/1365 2097/15/1342 2110/15/1367
f 2096/16/1343 2108/16/1371 2097/15/1344
f 2110/15/1369 2097/15/1344 2108/16/1371
f 2093/17/1334 2112/6/1373 2091/6/1332
f 2112/6/1373 2093/17/1334 2113/17/1374
f 2091/6/1336 2112/6/1375 2093/17/1338
f 2113/17/1376 2093/17/1338 2112/6/1375
f 2101/17/1348 2104/6/1357 2099/6/1346
f 2104/6/1357 2101/17/1348 2106/17/1359
f 2099/6/1350 2104/6/1363 2101/17/1352
f 2106/17/1361 2101/17/1352 2104/6/1363
f 2108/16/1365 2113/17/1374 2093/17/1334
f 2113/17/1374 2108/16/1365 2109/16/1366
f 2093/17/1338 2113/17/1376 2108/16/1371
f 2109/16/1370 2108/16/1371 2113/17/1376
f 2077/10/1377 2111/15/1368 2110/15/1367
f 2111/15/1368 2077/10/1377 2076/10/1378
f 2110/15/1369 2111/15/1372 2077/10/1379
f 2076/10/1380 2077/10/1379 2111/15/1372
f 2085/16/1316 2107/17/1360 2106/17/1359
f 2107/17/1360 2085/16/1316 2088/16/1327
f 2106/17/1361 2107/17/1364 2085/16/1320
f 2088/16/1329 2085/16/1320 2107/17/1364
f 2083/10/1381 2086/15/1317 2103/15/1354
f 2086/15/1317 2083/10/1381 2082/10/1323
f 2103/15/1355 2086/15/1319 2083/10/1382
f 2082/10/1325 2083/10/1382 2086/15/1319
f 852/10/1383 2111/15/1383 2076/10/1383
f 2111/15/1383 852/10/1383 2113/17/1383
f 2113/17/1383 2109/16/1383 2111/15/1383
f 2094/6/1383 2113/17/1383 852/10/1383
f 2113/17/1383 2094/6/1383 2112/6/1383
f 2076/10/1384 2111/15/1384 852/10/1384
f 2113/17/1384 852/10/1384 2111/15/1384
f 2111/15/1384 2109/16/1384 2113/17/1384
f 852/10/1384 2113/17/1384 2094/6/1384
f 2112/6/1384 2094/6/1384 2113/17/1384
f 2079/10/1385 2110/15/1367 2097/15/1342
f 2110/15/1367 2079/10/1385 2077/10/1377
f 2097/15/1344 2110/15/1369 2079/10/1386
f 2077/10/1379 2079/10/1386 2110/15/1369
f 2088/16/1327 2092/17/1333 2107/17/1360
f 2092/17/1333 2088/16/1327 2096/16/1341
f 2107/17/1364 2092/17/1335 2088/16/1329
f 2096/16/1343 2088/16/1329 2092/17/1335
f 2084/16/1315 2106/17/1359 2101/17/1348
f 2106/17/1359 2084/16/1315 2085/16/1316
f 2101/17/1352 2106/17/1361 2084/16/1321
f 2085/16/1320 2084/16/1321 2106/17/1361
f 2080/10/1387 2097/15/1342 2089/15/1328
f 2097/15/1342 2080/10/1387 2079/10/1385
f 2089/15/1330 2097/15/1344 2080/10/1388
f 2079/10/1386 2080/10/1388 2097/15/1344
f 2081/10/1324 2089/15/1328 2087/15/1318
f 2089/15/1328 2081/10/1324 2080/10/1387
f 2087/15/1322 2089/15/1330 2081/10/1326
f 2080/10/1388 2081/10/1326 2089/15/1330
f 2102/16/1353 2101/17/1348 2100/17/1347
f 2101/17/1348 2102/16/1353 2084/16/1315
f 2100/17/1349 2101/17/1352 2102/16/1356
f 2084/16/1321 2102/16/1356 2101/17/1352
f 2096/16/1341 2093/17/1334 2092/17/1333
f 2093/17/1334 2096/16/1341 2108/16/1365
f 2092/17/1335 2093/17/1338 2096/16/1343
f 2108/16/1371 2096/16/1343 2093/17/1338
f 2095/6/1384 2100/17/1384 2098/6/1384
f 2100/17/1384 2095/6/1384 2103/15/1384
f 2103/15/1384 2102/16/1384 2100/17/1384
f 2078/10/1384 2103/15/1384 2095/6/1384
f 2103/15/1384 2078/10/1384 2083/10/1384
f 2098/6/1383 2100/17/1383 2095/6/1383
f 2103/15/1383 2095/6/1383 2100/17/1383
f 2100/17/1383 2102/16/1383 2103/15/1383
f 2095/6/1383 2103/15/1383 2078/10/1383
f 2083/10/1383 2078/10/1383 2103/15/1383
f 2095/6/2 2112/6/2 2094/6/2
f 2112/6/2 2095/6/2 2091/6/2
f 2091/6/2 2095/6/2 2090/6/2
f 2090/6/2 2095/6/2 2105/6/2
f 2105/6/2 2095/6/2 2104/6/2
f 2104/6/2 2095/6/2 2099/6/2
f 2099/6/2 2095/6/2 2098/6/2
f 2094/6/1 2112/6/1 2095/6/1
f 2091/6/1 2095/6/1 2112/6/1
f 2090/6/1 2095/6/1 2091/6/1
f 2105/6/1 2095/6/1 2090/6/1
f 2104/6/1 2095/6/1 2105/6/1
f 2099/6/1 2095/6/1 2104/6/1
f 2098/6/1 2095/6/1 2099/6/1
f 2116/6/2 2115/6/2 2114/6/2
f 2115/6/2 2116/6/2 2117/6/2
f 2117/6/2 2116/6/2 2118/6/2
f 2117/6/2 2118/6/2 2119/6/2
f 2114/6/1 2115/6/1 2116/6/1
f 2117/6/1 2116/6/1 2115/6/1
f 2118/6/1 2116/6/1 2117/6/1
f 2119/6/1 2118/6/1 2117/6/1
f 2120/18/1391 2115/6/1390 2117/6/1389
f 2115/6/1390 2120/18/1391 2121/18/1392
f 2117/6/1395 2115/6/1394 2120/18/1393
f 2121/18/1396 2120/18/1393 2115/6/1394
f 2118/6/1399 2122/18/1398 2119/6/1397
f 2122/18/1398 2118/6/1399 2123/18/1400
f 2119/6/1403 2122/18/1402 2118/6/1401
f 2123/18/1404 2118/6/1401 2122/18/1402
f 2119/6/1397 2120/18/1391 2117/6/1389
f 2120/18/1391 2119/6/1397 2122/18/1398
f 2117/6/1395 2120/18/1393 2119/6/1403
f 2122/18/1402 2119/6/1403 2120/18/1393
f 2124/18/1406 2118/6/1399 2116/6/1405
f 2118/6/1399 2124/18/1406 2123/18/1400
f 2116/6/1408 2118/6/1401 2124/18/1407
f 2123/18/1404 2124/18/1407 2118/6/1401
f 2121/18/1392 2114/6/1409 2115/6/1390
f 2114/6/1409 2121/18/1392 2125/18/1410
f 2115/6/1394 2114/6/1411 2121/18/1396
f 2125/18/1412 2121/18/1396 2114/6/1411
f 2125/18/1410 2116/6/1405 2114/6/1409
f 2116/6/1405 2125/18/1410 2124/18/1406
f 2114/6/1411 2116/6/1408 2125/18/1412
f 2124/18/1407 2125/18/1412 2116/6/1408
f 2128/10/1415 2127/10/1414 2126/10/1413
f 2127/10/1414 2128/10/1415 2129/10/1416
f 2127/10/1414 2129/10/1416 2130/10/1417
f 2130/10/1417 2129/10/1416 2131/10/1418
f 2126/10/1421 2127/10/1420 2128/10/1419
f 2129/10/1422 2128/10/1419 2127/10/1420
f 2130/10/1423 2129/10/1422 2127/10/1420
f 2131/10/1424 2129/10/1422 2130/10/1423
f 2120/18/1391 2131/10/1418 2129/10/1416
f 2131/10/1418 2120/18/1391 2122/18/1398
f 2129/10/1422 2131/10/1424 2120/18/1393
f 2122/18/1402 2120/18/1393 2131/10/1424
f 2127/10/1414 2123/18/1400 2124/18/1406
f 2123/18/1400 2127/10/1414 2130/10/1417
f 2124/18/1407 2123/18/1404 2127/10/1420
f 2130/10/1423 2127/10/1420 2123/18/1404
f 2121/18/1392 2126/10/1413 2125/18/1410
f 2126/10/1413 2121/18/1392 2128/10/1415
f 2125/18/1412 2126/10/1421 2121/18/1396
f 2128/10/1419 2121/18/1396 2126/10/1421
f 2131/10/1418 2123/18/1400 2130/10/1417
f 2123/18/1400 2131/10/1418 2122/18/1398
f 2130/10/1423 2123/18/1404 2131/10/1424
f 2122/18/1402 2131/10/1424 2123/18/1404
f 2126/10/1413 2124/18/1406 2125/18/1410
f 2124/18/1406 2126/10/1413 2127/10/1414
f 2125/18/1412 2124/18/1407 2126/10/1421
f 2127/10/1420 2126/10/1421 2124/18/1407
f 2120/18/1391 2128/10/1415 2121/18/1392
f 2128/10/1415 2120/18/1391 2129/10/1416
f 2121/18/1396 2128/10/1419 2120/18/1393
f 2129/10/1422 2120/18/1393 2128/10/1419
f 2134/20/1761 2133/19/1760 2132/19/1759
f 2133/19/1760 2134/20/1761 2135/20/1762
f 2132/19/1765 2133/19/1764 2134/20/1763
f 2135/20/1766 2134/20/1763 2133/19/1764
f 2138/19/1769 2137/20/1768 2136/20/1767
f 2137/20/1768 2138/19/1769 2139/19/1770
f 2136/20/1773 2137/20/1772 2138/19/1771
f 2139/19/1774 2138/19/1771 2137/20/1772
f 2134/20/1761 2141/19/1776 2140/20/1775
f 2141/19/1776 2134/20/1761 2132/19/1759
f 2140/20/1778 2141/19/1777 2134/20/1763
f 2132/19/1765 2134/20/1763 2141/19/1777
f 2140/20/1775 2143/21/1780 2142/21/1779
f 2143/21/1780 2140/20/1775 2144/20/1781
f 2142/21/1783 2143/21/1782 2140/20/1778
f 2144/20/1784 2140/20/1778 2143/21/1782
f 2144/20/1781 2145/21/1785 2143/21/1780
f 2145/21/1785 2144/20/1781 2136/20/1767
f 2143/21/1782 2145/21/1786 2144/20/1784
f 2136/20/1773 2144/20/1784 2145/21/1786
f 2140/20/1775 2146/19/1787 2144/20/1781
f 2146/19/1787 2140/20/1775 2141/19/1776
f 2144/20/1784 2146/19/1788 2140/20/1778
f 2141/19/1777 2140/20/1778 2146/19/1788
f 2148/21/1790 2135/20/1762 2147/21/1789
f 2135/20/1762 2148/21/1790 2137/20/1768
f 2147/21/1792 2135/20/1766 2148/21/1791
f 2137/20/1772 2148/21/1791 2135/20/1766
f 2136/20/1767 2148/21/1790 2145/21/1785
f 2148/21/1790 2136/20/1767 2137/20/1768
f 2145/21/1786 2148/21/1791 2136/20/1773
f 2137/20/1772 2136/20/1773 2148/21/1791
f 2133/19/1760 2137/20/1768 2139/19/1770
f 2137/20/1768 2133/19/1760 2135/20/1762
f 2139/19/1774 2137/20/1772 2133/19/1764
f 2135/20/1766 2133/19/1764 2137/20/1772
f 2146/19/1787 2136/20/1767 2144/20/1781
f 2136/20/1767 2146/19/1787 2138/19/1769
f 2144/20/1784 2136/20/1773 2146/19/1788
f 2138/19/1771 2146/19/1788 2136/20/1773
f 2145/21/2 2142/21/2 2143/21/2
f 2142/21/2 2145/21/2 2149/21/2
f 2149/21/2 2145/21/2 2148/21/2
f 2149/21/2 2148/21/2 2147/21/2
f 2143/21/1 2142/21/1 2145/21/1
f 2149/21/1 2145/21/1 2142/21/1
f 2148/21/1 2145/21/1 2149/21/1
f 2147/21/1 2148/21/1 2149/21/1
f 2134/20/1761 2142/21/1779 2149/21/1793
f 2142/21/1779 2134/20/1761 2140/20/1775
f 2149/21/1794 2142/21/1783 2134/20/1763
f 2140/20/1778 2134/20/1763 2142/21/1783
f 2147/21/1789 2134/20/1761 2149/21/1793
f 2134/20/1761 2147/21/1789 2135/20/1762
f 2149/21/1794 2134/20/1763 2147/21/1792
f 2135/20/1766 2147/21/1792 2134/20/1763
f 2141/19/1776 2138/19/1769 2146/19/1787
f 2138/19/1769 2141/19/1776 2132/19/1759
f 2138/19/1769 2132/19/1759 2139/19/1770
f 2139/19/1770 2132/19/1759 2133/19/1760
f 2146/19/1788 2138/19/1771 2141/19/1777
f 2132/19/1765 2141/19/1777 2138/19/1771
f 2139/19/1774 2132/19/1765 2138/19/1771
f 2133/19/1764 2132/19/1765 2139/19/1774
f 2152/20/1797 2151/19/1796 2150/19/1795
f 2151/19/1796 2152/20/1797 2153/20/1798
f 2150/19/1801 2151/19/1800 2152/20/1799
f 2153/20/1802 2152/20/1799 2151/19/1800
f 2156/19/1805 2155/20/1804 2154/20/1803
f 2155/20/1804 2156/19/1805 2157/19/1806
f 2154/20/1809 2155/20/1808 2156/19/1807
f 2157/19/1810 2156/19/1807 2155/20/1808
f 2152/20/1797 2159/19/1812 2158/20/1811
f 2159/19/1812 2152/20/1797 2150/19/1795
f 2158/20/1814 2159/19/1813 2152/20/1799
f 2150/19/1801 2152/20/1799 2159/19/1813
f 2158/20/1811 2161/21/1816 2160/21/1815
f 2161/21/1816 2158/20/1811 2162/20/1817
f 2160/21/1819 2161/21/1818 2158/20/1814
f 2162/20/1820 2158/20/1814 2161/21/1818
f 2162/20/1817 2163/21/1821 2161/21/1816
f 2163/21/1821 2162/20/1817 2154/20/1803
f 2161/21/1818 2163/21/1822 2162/20/1820
f 2154/20/1809 2162/20/1820 2163/21/1822
f 2158/20/1811 2164/19/1823 2162/20/1817
f 2164/19/1823 2158/20/1811 2159/19/1812
f 2162/20/1820 2164/19/1824 2158/20/1814
f 2159/19/1813 2158/20/1814 2164/19/1824
f 2166/21/1826 2153/20/1798 2165/21/1825
f 2153/20/1798 2166/21/1826 2155/20/1804
f 2165/21/1828 2153/20/1802 2166/21/1827
f 2155/20/1808 2166/21/1827 2153/20/1802
f 2154/20/1803 2166/21/1826 2163/21/1821
f 2166/21/1826 2154/20/1803 2155/20/1804
f 2163/21/1822 2166/21/1827 2154/20/1809
f 2155/20/1808 2154/20/1809 2166/21/1827
f 2151/19/1796 2155/20/1804 2157/19/1806
f 2155/20/1804 2151/19/1796 2153/20/1798
f 2157/19/1810 2155/20/1808 2151/19/1800
f 2153/20/1802 2151/19/1800 2155/20/1808
f 2164/19/1823 2154/20/1803 2162/20/1817
f 2154/20/1803 2164/19/1823 2156/19/1805
f 2162/20/1820 2154/20/1809 2164/19/1824
f 2156/19/1807 2164/19/1824 2154/20/1809
f 2163/21/2 2160/21/2 2161/21/2
f 2160/21/2 2163/21/2 2167/21/2
f 2167/21/2 2163/21/2 2166/21/2
f 2167/21/2 2166/21/2 2165/21/2
f 2161/21/1 2160/21/1 2163/21/1
f 2167/21/1 2163/21/1 2160/21/1
f 2166/21/1 2163/21/1 2167/21/1
f 2165/21/1 2166/21/1 2167/21/1
f 2152/20/1797 2160/21/1815 2167/21/1829
f 2160/21/1815 2152/20/1797 2158/20/1811
f 2167/21/1830 2160/21/1819 2152/20/1799
f 2158/20/1814 2152/20/1799 2160/21/1819
f 2165/21/1825 2152/20/1797 2167/21/1829
f 2152/20/1797 2165/21/1825 2153/20/1798
f 2167/21/1830 2152/20/1799 2165/21/1828
f 2153/20/1802 2165/21/1828 2152/20/1799
f 2159/19/1812 2156/19/1805 2164/19/1823
f 2156/19/1805 2159/19/1812 2150/19/1795
f 2156/19/1805 2150/19/1795 2157/19/1806
f 2157/19/1806 2150/19/1795 2151/19/1796
f 2164/19/1824 2156/19/1807 2159/19/1813
f 2150/19/1801 2159/19/1813 2156/19/1807
f 2157/19/1810 2150/19/1801 2156/19/1807
f 2151/19/1800 2150/19/1801 2157/19/1810
f 2170/20/1507 2169/19/1627 2168/19/1509
f 2169/19/1627 2170/20/1507 2171/20/1628
f 2168/19/1511 2169/19/1629 2170/20/1513
f 2171/20/1630 2170/20/1513 2169/19/1629
f 2174/19/1499 2173/20/1515 2172/20/1501
f 2173/20/1515 2174/19/1499 2175/19/1516
f 2172/20/1503 2173/20/1518 2174/19/1505
f 2175/19/1517 2174/19/1505 2173/20/1518
f 2170/20/1507 2177/19/1510 2176/20/1508
f 2177/19/1510 2170/20/1507 2168/19/1509
f 2176/20/1512 2177/19/1514 2170/20/1513
f 2168/19/1511 2170/20/1513 2177/19/1514
f 2176/20/1508 2179/21/1631 2178/21/1530
f 2179/21/1631 2176/20/1508 2180/20/1632
f 2178/21/1531 2179/21/1633 2176/20/1512
f 2180/20/1634 2176/20/1512 2179/21/1633
f 2180/20/1632 2181/21/1533 2179/21/1631
f 2181/21/1533 2180/20/1632 2172/20/1501
f 2179/21/1633 2181/21/1534 2180/20/1634
f 2172/20/1503 2180/20/1634 2181/21/1534
f 2176/20/1508 2182/19/1635 2180/20/1632
f 2182/19/1635 2176/20/1508 2177/19/1510
f 2180/20/1634 2182/19/1636 2176/20/1512
f 2177/19/1514 2176/20/1512 2182/19/1636
f 2184/21/1519 2171/20/1628 2183/21/1637
f 2171/20/1628 2184/21/1519 2173/20/1515
f 2183/21/1638 2171/20/1630 2184/21/1523
f 2173/20/1518 2184/21/1523 2171/20/1630
f 2172/20/1501 2184/21/1519 2181/21/1533
f 2184/21/1519 2172/20/1501 2173/20/1515
f 2181/21/1534 2184/21/1523 2172/20/1503
f 2173/20/1518 2172/20/1503 2184/21/1523
f 2169/19/1627 2173/20/1515 2175/19/1516
f 2173/20/1515 2169/19/1627 2171/20/1628
f 2175/19/1517 2173/20/1518 2169/19/1629
f 2171/20/1630 2169/19/1629 2173/20/1518
f 2182/19/1635 2172/20/1501 2180/20/1632
f 2172/20/1501 2182/19/1635 2174/19/1499
f 2180/20/1634 2172/20/1503 2182/19/1636
f 2174/19/1505 2182/19/1636 2172/20/1503
f 2181/21/2 2178/21/2 2179/21/2
f 2178/21/2 2181/21/2 2185/21/2
f 2185/21/2 2181/21/2 2184/21/2
f 2185/21/2 2184/21/2 2183/21/2
f 2179/21/1 2178/21/1 2181/21/1
f 2185/21/1 2181/21/1 2178/21/1
f 2184/21/1 2181/21/1 2185/21/1
f 2183/21/1 2184/21/1 2185/21/1
f 2170/20/1507 2178/21/1530 2185/21/1525
f 2178/21/1530 2170/20/1507 2176/20/1508
f 2185/21/1526 2178/21/1531 2170/20/1513
f 2176/20/1512 2170/20/1513 2178/21/1531
f 2183/21/1637 2170/20/1507 2185/21/1525
f 2170/20/1507 2183/21/1637 2171/20/1628
f 2185/21/1526 2170/20/1513 2183/21/1638
f 2171/20/1630 2183/21/1638 2170/20/1513
f 2177/19/1510 2174/19/1499 2182/19/1635
f 2174/19/1499 2177/19/1510 2168/19/1509
f 2174/19/1499 2168/19/1509 2175/19/1516
f 2175/19/1516 2168/19/1509 2169/19/1627
f 2182/19/1636 2174/19/1505 2177/19/1514
f 2168/19/1511 2177/19/1514 2174/19/1505
f 2175/19/1517 2168/19/1511 2174/19/1505
f 2169/19/1629 2168/19/1511 2175/19/1517
f 2188/20/1833 2187/19/1832 2186/19/1831
f 2187/19/1832 2188/20/1833 2189/20/1834
f 2186/19/1837 2187/19/1836 2188/20/1835
f 2189/20/1838 2188/20/1835 2187/19/1836
f 2192/19/1841 2191/20/1840 2190/20/1839
f 2191/20/1840 2192/19/1841 2193/19/1842
f 2190/20/1845 2191/20/1844 2192/19/1843
f 2193/19/1846 2192/19/1843 2191/20/1844
f 2188/20/1833 2195/19/1848 2194/20/1847
f 2195/19/1848 2188/20/1833 2186/19/1831
f 2194/20/1850 2195/19/1849 2188/20/1835
f 2186/19/1837 2188/20/1835 2195/19/1849
f 2194/20/1847 2197/21/1852 2196/21/1851
f 2197/21/1852 2194/20/1847 2198/20/1853
f 2196/21/1855 2197/21/1854 2194/20/1850
f 2198/20/1856 2194/20/1850 2197/21/1854
f 2198/20/1853 2199/21/1857 2197/21/1852
f 2199/21/1857 2198/20/1853 2190/20/1839
f 2197/21/1854 2199/21/1858 2198/20/1856
f 2190/20/1845 2198/20/1856 2199/21/1858
f 2194/20/1847 2200/19/1859 2198/20/1853
f 2200/19/1859 2194/20/1847 2195/19/1848
f 2198/20/1856 2200/19/1860 2194/20/1850
f 2195/19/1849 2194/20/1850 2200/19/1860
f 2202/21/1862 2189/20/1834 2201/21/1861
f 2189/20/1834 2202/21/1862 2191/20/1840
f 2201/21/1864 2189/20/1838 2202/21/1863
f 2191/20/1844 2202/21/1863 2189/20/1838
f 2190/20/1839 2202/21/1862 2199/21/1857
f 2202/21/1862 2190/20/1839 2191/20/1840
f 2199/21/1858 2202/21/1863 2190/20/1845
f 2191/20/1844 2190/20/1845 2202/21/1863
f 2187/19/1832 2191/20/1840 2193/19/1842
f 2191/20/1840 2187/19/1832 2189/20/1834
f 2193/19/1846 2191/20/1844 2187/19/1836
f 2189/20/1838 2187/19/1836 2191/20/1844
f 2200/19/1859 2190/20/1839 2198/20/1853
f 2190/20/1839 2200/19/1859 2192/19/1841
f 2198/20/1856 2190/20/1845 2200/19/1860
f 2192/19/1843 2200/19/1860 2190/20/1845
f 2199/21/2 2196/21/2 2197/21/2
f 2196/21/2 2199/21/2 2203/21/2
f 2203/21/2 2199/21/2 2202/21/2
f 2203/21/2 2202/21/2 2201/21/2
f 2197/21/1 2196/21/1 2199/21/1
f 2203/21/1 2199/21/1 2196/21/1
f 2202/21/1 2199/21/1 2203/21/1
f 2201/21/1 2202/21/1 2203/21/1
f 2188/20/1833 2196/21/1851 2203/21/1865
f 2196/21/1851 2188/20/1833 2194/20/1847
f 2203/21/1866 2196/21/1855 2188/20/1835
f 2194/20/1850 2188/20/1835 2196/21/1855
f 2201/21/1861 2188/20/1833 2203/21/1865
f 2188/20/1833 2201/21/1861 2189/20/1834
f 2203/21/1866 2188/20/1835 2201/21/1864
f 2189/20/1838 2201/21/1864 2188/20/1835
f 2195/19/1848 2192/19/1841 2200/19/1859
f 2192/19/1841 2195/19/1848 2186/19/1831
f 2192/19/1841 2186/19/1831 2193/19/1842
f 2193/19/1842 2186/19/1831 2187/19/1832
f 2200/19/1860 2192/19/1843 2195/19/1849
f 2186/19/1837 2195/19/1849 2192/19/1843
f 2193/19/1846 2186/19/1837 2192/19/1843
f 2187/19/1836 2186/19/1837 2193/19/1846
f 2206/20/1869 2205/19/1868 2204/19/1867
f 2205/19/1868 2206/20/1869 2207/20/1870
f 2204/19/1873 2205/19/1872 2206/20/1871
f 2207/20/1874 2206/20/1871 2205/19/1872
f 2210/19/1877 2209/20/1876 2208/20/1875
f 2209/20/1876 2210/19/1877 2211/19/1878
f 2208/20/1881 2209/20/1880 2210/19/1879
f 2211/19/1882 2210/19/1879 2209/20/1880
f 2206/20/1869 2213/19/1884 2212/20/1883
f 2213/19/1884 2206/20/1869 2204/19/1867
f 2212/20/1886 2213/19/1885 2206/20/1871
f 2204/19/1873 2206/20/1871 2213/19/1885
f 2212/20/1883 2215/21/1888 2214/21/1887
f 2215/21/1888 2212/20/1883 2216/20/1889
f 2214/21/1891 2215/21/1890 2212/20/1886
f 2216/20/1892 2212/20/1886 2215/21/1890
f 2216/20/1889 2217/21/1893 2215/21/1888
f 2217/21/1893 2216/20/1889 2208/20/1875
f 2215/21/1890 2217/21/1894 2216/20/1892
f 2208/20/1881 2216/20/1892 2217/21/1894
f 2212/20/1883 2218/19/1895 2216/20/1889
f 2218/19/1895 2212/20/1883 2213/19/1884
f 2216/20/1892 2218/19/1896 2212/20/1886
f 2213/19/1885 2212/20/1886 2218/19/1896
f 2220/21/1898 2207/20/1870 2219/21/1897
f 2207/20/1870 2220/21/1898 2209/20/1876
f 2219/21/1900 2207/20/1874 2220/21/1899
f 2209/20/1880 2220/21/1899 2207/20/1874
f 2208/20/1875 2220/21/1898 2217/21/1893
f 2220/21/1898 2208/20/1875 2209/20/1876
f 2217/21/1894 2220/21/1899 2208/20/1881
f 2209/20/1880 2208/20/1881 2220/21/1899
f 2205/19/1868 2209/20/1876 2211/19/1878
f 2209/20/1876 2205/19/1868 2207/20/1870
f 2211/19/1882 2209/20/1880 2205/19/1872
f 2207/20/1874 2205/19/1872 2209/20/1880
f 2218/19/1895 2208/20/1875 2216/20/1889
f 2208/20/1875 2218/19/1895 2210/19/1877
f 2216/20/1892 2208/20/1881 2218/19/1896
f 2210/19/1879 2218/19/1896 2208/20/1881
f 2217/21/2 2214/21/2 2215/21/2
f 2214/21/2 2217/21/2 2221/21/2
f 2221/21/2 2217/21/2 2220/21/2
f 2221/21/2 2220/21/2 2219/21/2
f 2215/21/1 2214/21/1 2217/21/1
f 2221/21/1 2217/21/1 2214/21/1
f 2220/21/1 2217/21/1 2221/21/1
f 2219/21/1 2220/21/1 2221/21/1
f 2206/20/1869 2214/21/1887 2221/21/1901
f 2214/21/1887 2206/20/1869 2212/20/1883
f 2221/21/1902 2214/21/1891 2206/20/1871
f 2212/20/1886 2206/20/1871 2214/21/1891
f 2219/21/1897 2206/20/1869 2221/21/1901
f 2206/20/1869 2219/21/1897 2207/20/1870
f 2221/21/1902 2206/20/1871 2219/21/1900
f 2207/20/1874 2219/21/1900 2206/20/1871
f 2213/19/1884 2210/19/1877 2218/19/1895
f 2210/19/1877 2213/19/1884 2204/19/1867
f 2210/19/1877 2204/19/1867 2211/19/1878
f 2211/19/1878 2204/19/1867 2205/19/1868
f 2218/19/1896 2210/19/1879 2213/19/1885
f 2204/19/1873 2213/19/1885 2210/19/1879
f 2211/19/1882 2204/19/1873 2210/19/1879
f 2205/19/1872 2204/19/1873 2211/19/1882
f 2224/20/1905 2223/19/1904 2222/19/1903
f 2223/19/1904 2224/20/1905 2225/20/1906
f 2222/19/1909 2223/19/1908 2224/20/1907
f 2225/20/1910 2224/20/1907 2223/19/1908
f 2228/19/1913 2227/20/1912 2226/20/1911
f 2227/20/1912 2228/19/1913 2229/19/1914
f 2226/20/1917 2227/20/1916 2228/19/1915
f 2229/19/1918 2228/19/1915 2227/20/1916
f 2224/20/1905 2231/19/1920 2230/20/1919
f 2231/19/1920 2224/20/1905 2222/19/1903
f 2230/20/1922 2231/19/1921 2224/20/1907
f 2222/19/1909 2224/20/1907 2231/19/1921
f 2230/20/1919 2233/21/1924 2232/21/1923
f 2233/21/1924 2230/20/1919 2234/20/1925
f 2232/21/1927 2233/21/1926 2230/20/1922
f 2234/20/1928 2230/20/1922 2233/21/1926
f 2234/20/1925 2235/21/1929 2233/21/1924
f 2235/21/1929 2234/20/1925 2226/20/1911
f 2233/21/1926 2235/21/1930 2234/20/1928
f 2226/20/1917 2234/20/1928 2235/21/1930
f 2230/20/1919 2236/19/1931 2234/20/1925
f 2236/19/1931 2230/20/1919 2231/19/1920
f 2234/20/1928 2236/19/1932 2230/20/1922
f 2231/19/1921 2230/20/1922 2236/19/1932
f 2238/21/1934 2225/20/1906 2237/21/1933
f 2225/20/1906 2238/21/1934 2227/20/1912
f 2237/21/1936 2225/20/1910 2238/21/1935
f 2227/20/1916 2238/21/1935 2225/20/1910
f 2226/20/1911 2238/21/1934 2235/21/1929
f 2238/21/1934 2226/20/1911 2227/20/1912
f 2235/21/1930 2238/21/1935 2226/20/1917
f 2227/20/1916 2226/20/1917 2238/21/1935
f 2223/19/1904 2227/20/1912 2229/19/1914
f 2227/20/1912 2223/19/1904 2225/20/1906
f 2229/19/1918 2227/20/1916 2223/19/1908
f 2225/20/1910 2223/19/1908 2227/20/1916
f 2236/19/1931 2226/20/1911 2234/20/1925
f 2226/20/1911 2236/19/1931 2228/19/1913
f 2234/20/1928 2226/20/1917 2236/19/1932
f 2228/19/1915 2236/19/1932 2226/20/1917
f 2235/21/2 2232/21/2 2233/21/2
f 2232/21/2 2235/21/2 2239/21/2
f 2239/21/2 2235/21/2 2238/21/2
f 2239/21/2 2238/21/2 2237/21/2
f 2233/21/1 2232/21/1 2235/21/1
f 2239/21/1 2235/21/1 2232/21/1
f 2238/21/1 2235/21/1 2239/21/1
f 2237/21/1 2238/21/1 2239/21/1
f 2224/20/1905 2232/21/1923 2239/21/1937
f 2232/21/1923 2224/20/1905 2230/20/1919
f 2239/21/1938 2232/21/1927 2224/20/1907
f 2230/20/1922 2224/20/1907 2232/21/1927
f 2237/21/1933 2224/20/1905 2239/21/1937
f 2224/20/1905 2237/21/1933 2225/20/1906
f 2239/21/1938 2224/20/1907 2237/21/1936
f 2225/20/1910 2237/21/1936 2224/20/1907
f 2231/19/1920 2228/19/1913 2236/19/1931
f 2228/19/1913 2231/19/1920 2222/19/1903
f 2228/19/1913 2222/19/1903 2229/19/1914
f 2229/19/1914 2222/19/1903 2223/19/1904
f 2236/19/1932 2228/19/1915 2231/19/1921
f 2222/19/1909 2231/19/1921 2228/19/1915
f 2229/19/1918 2222/19/1909 2228/19/1915
f 2223/19/1908 2222/19/1909 2229/19/1918
f 2242/20/1501 2241/19/1939 2240/19/1499
f 2241/19/1939 2242/20/1501 2243/20/1940
f 2240/19/1505 2241/19/1941 2242/20/1503
f 2243/20/1942 2242/20/1503 2241/19/1941
f 2246/19/1509 2245/20/1508 2244/20/1507
f 2245/20/1508 2246/19/1509 2247/19/1510
f 2244/20/1513 2245/20/1512 2246/19/1511
f 2247/19/1514 2246/19/1511 2245/20/1512
f 2242/20/1501 2249/19/1516 2248/20/1515
f 2249/19/1516 2242/20/1501 2240/19/1499
f 2248/20/1518 2249/19/1517 2242/20/1503
f 2240/19/1505 2242/20/1503 2249/19/1517
f 2248/20/1515 2251/21/1943 2250/21/1519
f 2251/21/1943 2248/20/1515 2252/20/1944
f 2250/21/1523 2251/21/1945 2248/20/1518
f 2252/20/1946 2248/20/1518 2251/21/1945
f 2252/20/1944 2253/21/1525 2251/21/1943
f 2253/21/1525 2252/20/1944 2244/20/1507
f 2251/21/1945 2253/21/1526 2252/20/1946
f 2244/20/1513 2252/20/1946 2253/21/1526
f 2248/20/1515 2254/19/1947 2252/20/1944
f 2254/19/1947 2248/20/1515 2249/19/1516
f 2252/20/1946 2254/19/1948 2248/20/1518
f 2249/19/1517 2248/20/1518 2254/19/1948
f 2256/21/1530 2243/20/1940 2255/21/1949
f 2243/20/1940 2256/21/1530 2245/20/1508
f 2255/21/1950 2243/20/1942 2256/21/1531
f 2245/20/1512 2256/21/1531 2243/20/1942
f 2244/20/1507 2256/21/1530 2253/21/1525
f 2256/21/1530 2244/20/1507 2245/20/1508
f 2253/21/1526 2256/21/1531 2244/20/1513
f 2245/20/1512 2244/20/1513 2256/21/1531
f 2241/19/1939 2245/20/1508 2247/19/1510
f 2245/20/1508 2241/19/1939 2243/20/1940
f 2247/19/1514 2245/20/1512 2241/19/1941
f 2243/20/1942 2241/19/1941 2245/20/1512
f 2254/19/1947 2244/20/1507 2252/20/1944
f 2244/20/1507 2254/19/1947 2246/19/1509
f 2252/20/1946 2244/20/1513 2254/19/1948
f 2246/19/1511 2254/19/1948 2244/20/1513
f 2253/21/2 2250/21/2 2251/21/2
f 2250/21/2 2253/21/2 2257/21/2
f 2257/21/2 2253/21/2 2256/21/2
f 2257/21/2 2256/21/2 2255/21/2
f 2251/21/1 2250/21/1 2253/21/1
f 2257/21/1 2253/21/1 2250/21/1
f 2256/21/1 2253/21/1 2257/21/1
f 2255/21/1 2256/21/1 2257/21/1
f 2242/20/1501 2250/21/1519 2257/21/1533
f 2250/21/1519 2242/20/1501 2248/20/1515
f 2257/21/1534 2250/21/1523 2242/20/1503
f 2248/20/1518 2242/20/1503 2250/21/1523
f 2255/21/1949 2242/20/1501 2257/21/1533
f 2242/20/1501 2255/21/1949 2243/20/1940
f 2257/21/1534 2242/20/1503 2255/21/1950
f 2243/20/1942 2255/21/1950 2242/20/1503
f 2249/19/1516 2246/19/1509 2254/19/1947
f 2246/19/1509 2249/19/1516 2240/19/1499
f 2246/19/1509 2240/19/1499 2247/19/1510
f 2247/19/1510 2240/19/1499 2241/19/1939
f 2254/19/1948 2246/19/1511 2249/19/1517
f 2240/19/1505 2249/19/1517 2246/19/1511
f 2247/19/1514 2240/19/1505 2246/19/1511
f 2241/19/1941 2240/19/1505 2247/19/1514
f 2260/20/1839 2259/19/1951 2258/19/1841
f 2259/19/1951 2260/20/1839 2261/20/1952
f 2258/19/1843 2259/19/1953 2260/20/1845
f 2261/20/1954 2260/20/1845 2259/19/1953
f 2264/19/1831 2263/20/1847 2262/20/1833
f 2263/20/1847 2264/19/1831 2265/19/1848
f 2262/20/1835 2263/20/1850 2264/19/1837
f 2265/19/1849 2264/19/1837 2263/20/1850
f 2260/20/1839 2267/19/1842 2266/20/1840
f 2267/19/1842 2260/20/1839 2258/19/1841
f 2266/20/1844 2267/19/1846 2260/20/1845
f 2258/19/1843 2260/20/1845 2267/19/1846
f 2266/20/1840 2269/21/1955 2268/21/1862
f 2269/21/1955 2266/20/1840 2270/20/1956
f 2268/21/1863 2269/21/1957 2266/20/1844
f 2270/20/1958 2266/20/1844 2269/21/1957
f 2270/20/1956 2271/21/1865 2269/21/1955
f 2271/21/1865 2270/20/1956 2262/20/1833
f 2269/21/1957 2271/21/1866 2270/20/1958
f 2262/20/1835 2270/20/1958 2271/21/1866
f 2266/20/1840 2272/19/1959 2270/20/1956
f 2272/19/1959 2266/20/1840 2267/19/1842
f 2270/20/1958 2272/19/1960 2266/20/1844
f 2267/19/1846 2266/20/1844 2272/19/1960
f 2274/21/1851 2261/20/1952 2273/21/1961
f 2261/20/1952 2274/21/1851 2263/20/1847
f 2273/21/1962 2261/20/1954 2274/21/1855
f 2263/20/1850 2274/21/1855 2261/20/1954
f 2262/20/1833 2274/21/1851 2271/21/1865
f 2274/21/1851 2262/20/1833 2263/20/1847
f 2271/21/1866 2274/21/1855 2262/20/1835
f 2263/20/1850 2262/20/1835 2274/21/1855
f 2259/19/1951 2263/20/1847 2265/19/1848
f 2263/20/1847 2259/19/1951 2261/20/1952
f 2265/19/1849 2263/20/1850 2259/19/1953
f 2261/20/1954 2259/19/1953 2263/20/1850
f 2272/19/1959 2262/20/1833 2270/20/1956
f 2262/20/1833 2272/19/1959 2264/19/1831
f 2270/20/1958 2262/20/1835 2272/19/1960
f 2264/19/1837 2272/19/1960 2262/20/1835
f 2271/21/2 2268/21/2 2269/21/2
f 2268/21/2 2271/21/2 2275/21/2
f 2275/21/2 2271/21/2 2274/21/2
f 2275/21/2 2274/21/2 2273/21/2
f 2269/21/1 2268/21/1 2271/21/1
f 2275/21/1 2271/21/1 2268/21/1
f 2274/21/1 2271/21/1 2275/21/1
f 2273/21/1 2274/21/1 2275/21/1
f 2260/20/1839 2268/21/1862 2275/21/1857
f 2268/21/1862 2260/20/1839 2266/20/1840
f 2275/21/1858 2268/21/1863 2260/20/1845
f 2266/20/1844 2260/20/1845 2268/21/1863
f 2273/21/1961 2260/20/1839 2275/21/1857
f 2260/20/1839 2273/21/1961 2261/20/1952
f 2275/21/1858 2260/20/1845 2273/21/1962
f 2261/20/1954 2273/21/1962 2260/20/1845
f 2267/19/1842 2264/19/1831 2272/19/1959
f 2264/19/1831 2267/19/1842 2258/19/1841
f 2264/19/1831 2258/19/1841 2265/19/1848
f 2265/19/1848 2258/19/1841 2259/19/1951
f 2272/19/1960 2264/19/1837 2267/19/1846
f 2258/19/1843 2267/19/1846 2264/19/1837
f 2265/19/1849 2258/19/1843 2264/19/1837
f 2259/19/1953 2258/19/1843 2265/19/1849
f 2278/20/1965 2277/19/1964 2276/19/1963
f 2277/19/1964 2278/20/1965 2279/20/1966
f 2276/19/1969 2277/19/1968 2278/20/1967
f 2279/20/1970 2278/20/1967 2277/19/1968
f 2282/19/1973 2281/20/1972 2280/20/1971
f 2281/20/1972 2282/19/1973 2283/19/1974
f 2280/20/1977 2281/20/1976 2282/19/1975
f 2283/19/1978 2282/19/1975 2281/20/1976
f 2278/20/1965 2285/19/1980 2284/20/1979
f 2285/19/1980 2278/20/1965 2276/19/1963
f 2284/20/1982 2285/19/1981 2278/20/1967
f 2276/19/1969 2278/20/1967 2285/19/1981
f 2284/20/1979 2287/21/1984 2286/21/1983
f 2287/21/1984 2284/20/1979 2288/20/1985
f 2286/21/1987 2287/21/1986 2284/20/1982
f 2288/20/1988 2284/20/1982 2287/21/1986
f 2288/20/1985 2289/21/1989 2287/21/1984
f 2289/21/1989 2288/20/1985 2280/20/1971
f 2287/21/1986 2289/21/1990 2288/20/1988
f 2280/20/1977 2288/20/1988 2289/21/1990
f 2284/20/1979 2290/19/1991 2288/20/1985
f 2290/19/1991 2284/20/1979 2285/19/1980
f 2288/20/1988 2290/19/1992 2284/20/1982
f 2285/19/1981 2284/20/1982 2290/19/1992
f 2292/21/1994 2279/20/1966 2291/21/1993
f 2279/20/1966 2292/21/1994 2281/20/1972
f 2291/21/1996 2279/20/1970 2292/21/1995
f 2281/20/1976 2292/21/1995 2279/20/1970
f 2280/20/1971 2292/21/1994 2289/21/1989
f 2292/21/1994 2280/20/1971 2281/20/1972
f 2289/21/1990 2292/21/1995 2280/20/1977
f 2281/20/1976 2280/20/1977 2292/21/1995
f 2277/19/1964 2281/20/1972 2283/19/1974
f 2281/20/1972 2277/19/1964 2279/20/1966
f 2283/19/1978 2281/20/1976 2277/19/1968
f 2279/20/1970 2277/19/1968 2281/20/1976
f 2290/19/1991 2280/20/1971 2288/20/1985
f 2280/20/1971 2290/19/1991 2282/19/1973
f 2288/20/1988 2280/20/1977 2290/19/1992
f 2282/19/1975 2290/19/1992 2280/20/1977
f 2289/21/2 2286/21/2 2287/21/2
f 2286/21/2 2289/21/2 2293/21/2
f 2293/21/2 2289/21/2 2292/21/2
f 2293/21/2 2292/21/2 2291/21/2
f 2287/21/1 2286/21/1 2289/21/1
f 2293/21/1 2289/21/1 2286/21/1
f 2292/21/1 2289/21/1 2293/21/1
f 2291/21/1 2292/21/1 2293/21/1
f 2278/20/1965 2286/21/1983 2293/21/1997
f 2286/21/1983 2278/20/1965 2284/20/1979
f 2293/21/1998 2286/21/1987 2278/20/1967
f 2284/20/1982 2278/20/1967 2286/21/1987
f 2291/21/1993 2278/20/1965 2293/21/1997
f 2278/20/1965 2291/21/1993 2279/20/1966
f 2293/21/1998 2278/20/1967 2291/21/1996
f 2279/20/1970 2291/21/1996 2278/20/1967
f 2285/19/1980 2282/19/1973 2290/19/1991
f 2282/19/1973 2285/19/1980 2276/19/1963
f 2282/19/1973 2276/19/1963 2283/19/1974
f 2283/19/1974 2276/19/1963 2277/19/1964
f 2290/19/1992 2282/19/1975 2285/19/1981
f 2276/19/1969 2285/19/1981 2282/19/1975
f 2283/19/1978 2276/19/1969 2282/19/1975
f 2277/19/1968 2276/19/1969 2283/19/1978
f 2296/20/2001 2295/19/2000 2294/19/1999
f 2295/19/2000 2296/20/2001 2297/20/2002
f 2294/19/2005 2295/19/2004 2296/20/2003
f 2297/20/2006 2296/20/2003 2295/19/2004
f 2300/19/2009 2299/20/2008 2298/20/2007
f 2299/20/2008 2300/19/2009 2301/19/2010
f 2298/20/2013 2299/20/2012 2300/19/2011
f 2301/19/2014 2300/19/2011 2299/20/2012
f 2296/20/2001 2303/19/2016 2302/20/2015
f 2303/19/2016 2296/20/2001 2294/19/1999
f 2302/20/2018 2303/19/2017 2296/20/2003
f 2294/19/2005 2296/20/2003 2303/19/2017
f 2302/20/2015 2305/21/2020 2304/21/2019
f 2305/21/2020 2302/20/2015 2306/20/2021
f 2304/21/2023 2305/21/2022 2302/20/2018
f 2306/20/2024 2302/20/2018 2305/21/2022
f 2306/20/2021 2307/21/2025 2305/21/2020
f 2307/21/2025 2306/20/2021 2298/20/2007
f 2305/21/2022 2307/21/2026 2306/20/2024
f 2298/20/2013 2306/20/2024 2307/21/2026
f 2302/20/2015 2308/19/2027 2306/20/2021
f 2308/19/2027 2302/20/2015 2303/19/2016
f 2306/20/2024 2308/19/2028 2302/20/2018
f 2303/19/2017 2302/20/2018 2308/19/2028
f 2310/21/2030 2297/20/2002 2309/21/2029
f 2297/20/2002 2310/21/2030 2299/20/2008
f 2309/21/2032 2297/20/2006 2310/21/2031
f 2299/20/2012 2310/21/2031 2297/20/2006
f 2298/20/2007 2310/21/2030 2307/21/2025
f 2310/21/2030 2298/20/2007 2299/20/2008
f 2307/21/2026 2310/21/2031 2298/20/2013
f 2299/20/2012 2298/20/2013 2310/21/2031
f 2295/19/2000 2299/20/2008 2301/19/2010
f 2299/20/2008 2295/19/2000 2297/20/2002
f 2301/19/2014 2299/20/2012 2295/19/2004
f 2297/20/2006 2295/19/2004 2299/20/2012
f 2308/19/2027 2298/20/2007 2306/20/2021
f 2298/20/2007 2308/19/2027 2300/19/2009
f 2306/20/2024 2298/20/2013 2308/19/2028
f 2300/19/2011 2308/19/2028 2298/20/2013
f 2307/21/2 2304/21/2 2305/21/2
f 2304/21/2 2307/21/2 2311/21/2
f 2311/21/2 2307/21/2 2310/21/2
f 2311/21/2 2310/21/2 2309/21/2
f 2305/21/1 2304/21/1 2307/21/1
f 2311/21/1 2307/21/1 2304/21/1
f 2310/21/1 2307/21/1 2311/21/1
f 2309/21/1 2310/21/1 2311/21/1
f 2296/20/2001 2304/21/2019 2311/21/2033
f 2304/21/2019 2296/20/2001 2302/20/2015
f 2311/21/2034 2304/21/2023 2296/20/2003
f 2302/20/2018 2296/20/2003 2304/21/2023
f 2309/21/2029 2296/20/2001 2311/21/2033
f 2296/20/2001 2309/21/2029 2297/20/2002
f 2311/21/2034 2296/20/2003 2309/21/2032
f 2297/20/2006 2309/21/2032 2296/20/2003
f 2303/19/2016 2300/19/2009 2308/19/2027
f 2300/19/2009 2303/19/2016 2294/19/1999
f 2300/19/2009 2294/19/1999 2301/19/2010
f 2301/19/2010 2294/19/1999 2295/19/2000
f 2308/19/2028 2300/19/2011 2303/19/2017
f 2294/19/2005 2303/19/2017 2300/19/2011
f 2301/19/2014 2294/19/2005 2300/19/2011
f 2295/19/2004 2294/19/2005 2301/19/2014
f 2314/21/2 2313/21/2 2312/21/2
f 2313/21/2 2314/21/2 2315/21/2
f 2315/21/2 2314/21/2 2316/21/2
f 2315/21/2 2316/21/2 2317/21/2
f 2312/21/1 2313/21/1 2314/21/1
f 2315/21/1 2314/21/1 2313/21/1
f 2316/21/1 2314/21/1 2315/21/1
f 2317/21/1 2316/21/1 2315/21/1
f 2318/22/1043 2313/21/1042 2315/21/1041
f 2313/21/1042 2318/22/1043 2319/22/1044
f 2315/21/1047 2313/21/1046 2318/22/1045
f 2319/22/1048 2318/22/1045 2313/21/1046
f 2316/21/1051 2320/22/1050 2317/21/1049
f 2320/22/1050 2316/21/1051 2321/22/1052
f 2317/21/1055 2320/22/1054 2316/21/1053
f 2321/22/1056 2316/21/1053 2320/22/1054
f 2317/21/1049 2318/22/1043 2315/21/1041
f 2318/22/1043 2317/21/1049 2320/22/1050
f 2315/21/1047 2318/22/1045 2317/21/1055
f 2320/22/1054 2317/21/1055 2318/22/1045
f 2322/22/1058 2316/21/1051 2314/21/1057
f 2316/21/1051 2322/22/1058 2321/22/1052
f 2314/21/1060 2316/21/1053 2322/22/1059
f 2321/22/1056 2322/22/1059 2316/21/1053
f 2319/22/1044 2312/21/1061 2313/21/1042
f 2312/21/1061 2319/22/1044 2323/22/1062
f 2313/21/1046 2312/21/1063 2319/22/1048
f 2323/22/1064 2319/22/1048 2312/21/1063
f 2323/22/1062 2314/21/1057 2312/21/1061
f 2314/21/1057 2323/22/1062 2322/22/1058
f 2312/21/1063 2314/21/1060 2323/22/1064
f 2322/22/1059 2323/22/1064 2314/21/1060
f 2326/19/1067 2325/19/1066 2324/19/1065
f 2325/19/1066 2326/19/1067 2327/19/1068
f 2325/19/1066 2327/19/1068 2328/19/1069
f 2328/19/1069 2327/19/1068 2329/19/1070
f 2324/19/1073 2325/19/1072 2326/19/1071
f 2327/19/1074 2326/19/1071 2325/19/1072
f 2328/19/1075 2327/19/1074 2325/19/1072
f 2329/19/1076 2327/19/1074 2328/19/1075
f 2318/22/1043 2329/19/1070 2327/19/1068
f 2329/19/1070 2318/22/1043 2320/22/1050
f 2327/19/1074 2329/19/1076 2318/22/1045
f 2320/22/1054 2318/22/1045 2329/19/1076
f 2325/19/1066 2321/22/1052 2322/22/1058
f 2321/22/1052 2325/19/1066 2328/19/1069
f 2322/22/1059 2321/22/1056 2325/19/1072
f 2328/19/1075 2325/19/1072 2321/22/1056
f 2319/22/1044 2324/19/1065 2323/22/1062
f 2324/19/1065 2319/22/1044 2326/19/1067
f 2323/22/1064 2324/19/1073 2319/22/1048
f 2326/19/1071 2319/22/1048 2324/19/1073
f 2329/19/1070 2321/22/1052 2328/19/1069
f 2321/22/1052 2329/19/1070 2320/22/1050
f 2328/19/1075 2321/22/1056 2329/19/1076
f 2320/22/1054 2329/19/1076 2321/22/1056
f 2324/19/1065 2322/22/1058 2323/22/1062
f 2322/22/1058 2324/19/1065 2325/19/1066
f 2323/22/1064 2322/22/1059 2324/19/1073
f 2325/19/1072 2324/19/1073 2322/22/1059
f 2318/22/1043 2326/19/1067 2319/22/1044
f 2326/19/1067 2318/22/1043 2327/19/1068
f 2319/22/1048 2326/19/1071 2318/22/1045
f 2327/19/1074 2318/22/1045 2326/19/1071
f 2332/21/2 2331/21/2 2330/21/2
f 2331/21/2 2332/21/2 2333/21/2
f 2333/21/2 2332/21/2 2334/21/2
f 2333/21/2 2334/21/2 2335/21/2
f 2330/21/1 2331/21/1 2332/21/1
f 2333/21/1 2332/21/1 2331/21/1
f 2334/21/1 2332/21/1 2333/21/1
f 2335/21/1 2334/21/1 2333/21/1
f 2336/22/2037 2331/21/2036 2333/21/2035
f 2331/21/2036 2336/22/2037 2337/22/2038
f 2333/21/2041 2331/21/2040 2336/22/2039
f 2337/22/2042 2336/22/2039 2331/21/2040
f 2334/21/2045 2338/22/2044 2335/21/2043
f 2338/22/2044 2334/21/2045 2339/22/2046
f 2335/21/2049 2338/22/2048 2334/21/2047
f 2339/22/2050 2334/21/2047 2338/22/2048
f 2335/21/2043 2336/22/2037 2333/21/2035
f 2336/22/2037 2335/21/2043 2338/22/2044
f 2333/21/2041 2336/22/2039 2335/21/2049
f 2338/22/2048 2335/21/2049 2336/22/2039
f 2340/22/2052 2334/21/2045 2332/21/2051
f 2334/21/2045 2340/22/2052 2339/22/2046
f 2332/21/2054 2334/21/2047 2340/22/2053
f 2339/22/2050 2340/22/2053 2334/21/2047
f 2337/22/2038 2330/21/2055 2331/21/2036
f 2330/21/2055 2337/22/2038 2341/22/2056
f 2331/21/2040 2330/21/2057 2337/22/2042
f 2341/22/2058 2337/22/2042 2330/21/2057
f 2341/22/2056 2332/21/2051 2330/21/2055
f 2332/21/2051 2341/22/2056 2340/22/2052
f 2330/21/2057 2332/21/2054 2341/22/2058
f 2340/22/2053 2341/22/2058 2332/21/2054
f 2344/19/2061 2343/19/2060 2342/19/2059
f 2343/19/2060 2344/19/2061 2345/19/2062
f 2343/19/2060 2345/19/2062 2346/19/2063
f 2346/19/2063 2345/19/2062 2347/19/2064
f 2342/19/2067 2343/19/2066 2344/19/2065
f 2345/19/2068 2344/19/2065 2343/19/2066
f 2346/19/2069 2345/19/2068 2343/19/2066
f 2347/19/2070 2345/19/2068 2346/19/2069
f 2336/22/2037 2347/19/2064 2345/19/2062
f 2347/19/2064 2336/22/2037 2338/22/2044
f 2345/19/2068 2347/19/2070 2336/22/2039
f 2338/22/2048 2336/22/2039 2347/19/2070
f 2343/19/2060 2339/22/2046 2340/22/2052
f 2339/22/2046 2343/19/2060 2346/19/2063
f 2340/22/2053 2339/22/2050 2343/19/2066
f 2346/19/2069 2343/19/2066 2339/22/2050
f 2337/22/2038 2342/19/2059 2341/22/2056
f 2342/19/2059 2337/22/2038 2344/19/2061
f 2341/22/2058 2342/19/2067 2337/22/2042
f 2344/19/2065 2337/22/2042 2342/19/2067
f 2347/19/2064 2339/22/2046 2346/19/2063
f 2339/22/2046 2347/19/2064 2338/22/2044
f 2346/19/2069 2339/22/2050 2347/19/2070
f 2338/22/2048 2347/19/2070 2339/22/2050
f 2342/19/2059 2340/22/2052 2341/22/2056
f 2340/22/2052 2342/19/2059 2343/19/2060
f 2341/22/2058 2340/22/2053 2342/19/2067
f 2343/19/2066 2342/19/2067 2340/22/2053
f 2336/22/2037 2344/19/2061 2337/22/2038
f 2344/19/2061 2336/22/2037 2345/19/2062
f 2337/22/2042 2344/19/2065 2336/22/2039
f 2345/19/2068 2336/22/2039 2344/19/2065
f 2350/21/2 2349/21/2 2348/21/2
f 2349/21/2 2350/21/2 2351/21/2
f 2351/21/2 2350/21/2 2352/21/2
f 2351/21/2 2352/21/2 2353/21/2
f 2348/21/1 2349/21/1 2350/21/1
f 2351/21/1 2350/21/1 2349/21/1
f 2352/21/1 2350/21/1 2351/21/1
f 2353/21/1 2352/21/1 2351/21/1
f 2354/22/1043 2349/21/1042 2351/21/1041
f 2349/21/1042 2354/22/1043 2355/22/1044
f 2351/21/1047 2349/21/1046 2354/22/1045
f 2355/22/1048 2354/22/1045 2349/21/1046
f 2352/21/1051 2356/22/1050 2353/21/1049
f 2356/22/1050 2352/21/1051 2357/22/1052
f 2353/21/1055 2356/22/1054 2352/21/1053
f 2357/22/1056 2352/21/1053 2356/22/1054
f 2353/21/1049 2354/22/1043 2351/21/1041
f 2354/22/1043 2353/21/1049 2356/22/1050
f 2351/21/1047 2354/22/1045 2353/21/1055
f 2356/22/1054 2353/21/1055 2354/22/1045
f 2358/22/1058 2352/21/1051 2350/21/1057
f 2352/21/1051 2358/22/1058 2357/22/1052
f 2350/21/1060 2352/21/1053 2358/22/1059
f 2357/22/1056 2358/22/1059 2352/21/1053
f 2355/22/1044 2348/21/1061 2349/21/1042
f 2348/21/1061 2355/22/1044 2359/22/1062
f 2349/21/1046 2348/21/1063 2355/22/1048
f 2359/22/1064 2355/22/1048 2348/21/1063
f 2359/22/1062 2350/21/1057 2348/21/1061
f 2350/21/1057 2359/22/1062 2358/22/1058
f 2348/21/1063 2350/21/1060 2359/22/1064
f 2358/22/1059 2359/22/1064 2350/21/1060
f 2362/19/1067 2361/19/1066 2360/19/1065
f 2361/19/1066 2362/19/1067 2363/19/1068
f 2361/19/1066 2363/19/1068 2364/19/1069
f 2364/19/1069 2363/19/1068 2365/19/1070
f 2360/19/1073 2361/19/1072 2362/19/1071
f 2363/19/1074 2362/19/1071 2361/19/1072
f 2364/19/1075 2363/19/1074 2361/19/1072
f 2365/19/1076 2363/19/1074 2364/19/1075
f 2354/22/1043 2365/19/1070 2363/19/1068
f 2365/19/1070 2354/22/1043 2356/22/1050
f 2363/19/1074 2365/19/1076 2354/22/1045
f 2356/22/1054 2354/22/1045 2365/19/1076
f 2361/19/1066 2357/22/1052 2358/22/1058
f 2357/22/1052 2361/19/1066 2364/19/1069
f 2358/22/1059 2357/22/1056 2361/19/1072
f 2364/19/1075 2361/19/1072 2357/22/1056
f 2355/22/1044 2360/19/1065 2359/22/1062
f 2360/19/1065 2355/22/1044 2362/19/1067
f 2359/22/1064 2360/19/1073 2355/22/1048
f 2362/19/1071 2355/22/1048 2360/19/1073
f 2365/19/1070 2357/22/1052 2364/19/1069
f 2357/22/1052 2365/19/1070 2356/22/1050
f 2364/19/1075 2357/22/1056 2365/19/1076
f 2356/22/1054 2365/19/1076 2357/22/1056
f 2360/19/1065 2358/22/1058 2359/22/1062
f 2358/22/1058 2360/19/1065 2361/19/1066
f 2359/22/1064 2358/22/1059 2360/19/1073
f 2361/19/1072 2360/19/1073 2358/22/1059
f 2354/22/1043 2362/19/1067 2355/22/1044
f 2362/19/1067 2354/22/1043 2363/19/1068
f 2355/22/1048 2362/19/1071 2354/22/1045
f 2363/19/1074 2354/22/1045 2362/19/1071
f 2368/21/2 2367/21/2 2366/21/2
f 2367/21/2 2368/21/2 2369/21/2
f 2369/21/2 2368/21/2 2370/21/2
f 2369/21/2 2370/21/2 2371/21/2
f 2366/21/1 2367/21/1 2368/21/1
f 2369/21/1 2368/21/1 2367/21/1
f 2370/21/1 2368/21/1 2369/21/1
f 2371/21/1 2370/21/1 2369/21/1
f 2372/22/2037 2367/21/2036 2369/21/2035
f 2367/21/2036 2372/22/2037 2373/22/2038
f 2369/21/2041 2367/21/2040 2372/22/2039
f 2373/22/2042 2372/22/2039 2367/21/2040
f 2370/21/2045 2374/22/2044 2371/21/2043
f 2374/22/2044 2370/21/2045 2375/22/2046
f 2371/21/2049 2374/22/2048 2370/21/2047
f 2375/22/2050 2370/21/2047 2374/22/2048
f 2371/21/2043 2372/22/2037 2369/21/2035
f 2372/22/2037 2371/21/2043 2374/22/2044
f 2369/21/2041 2372/22/2039 2371/21/2049
f 2374/22/2048 2371/21/2049 2372/22/2039
f 2376/22/2052 2370/21/2045 2368/21/2051
f 2370/21/2045 2376/22/2052 2375/22/2046
f 2368/21/2054 2370/21/2047 2376/22/2053
f 2375/22/2050 2376/22/2053 2370/21/2047
f 2373/22/2038 2366/21/2055 2367/21/2036
f 2366/21/2055 2373/22/2038 2377/22/2056
f 2367/21/2040 2366/21/2057 2373/22/2042
f 2377/22/2058 2373/22/2042 2366/21/2057
f 2377/22/2056 2368/21/2051 2366/21/2055
f 2368/21/2051 2377/22/2056 2376/22/2052
f 2366/21/2057 2368/21/2054 2377/22/2058
f 2376/22/2053 2377/22/2058 2368/21/2054
f 2380/19/2061 2379/19/2060 2378/19/2059
f 2379/19/2060 2380/19/2061 2381/19/2062
f 2379/19/2060 2381/19/2062 2382/19/2063
f 2382/19/2063 2381/19/2062 2383/19/2064
f 2378/19/2067 2379/19/2066 2380/19/2065
f 2381/19/2068 2380/19/2065 2379/19/2066
f 2382/19/2069 2381/19/2068 2379/19/2066
f 2383/19/2070 2381/19/2068 2382/19/2069
f 2372/22/2037 2383/19/2064 2381/19/2062
f 2383/19/2064 2372/22/2037 2374/22/2044
f 2381/19/2068 2383/19/2070 2372/22/2039
f 2374/22/2048 2372/22/2039 2383/19/2070
f 2379/19/2060 2375/22/2046 2376/22/2052
f 2375/22/2046 2379/19/2060 2382/19/2063
f 2376/22/2053 2375/22/2050 2379/19/2066
f 2382/19/2069 2379/19/2066 2375/22/2050
f 2373/22/2038 2378/19/2059 2377/22/2056
f 2378/19/2059 2373/22/2038 2380/19/2061
f 2377/22/2058 2378/19/2067 2373/22/2042
f 2380/19/2065 2373/22/2042 2378/19/2067
f 2383/19/2064 2375/22/2046 2382/19/2063
f 2375/22/2046 2383/19/2064 2374/22/2044
f 2382/19/2069 2375/22/2050 2383/19/2070
f 2374/22/2048 2383/19/2070 2375/22/2050
f 2378/19/2059 2376/22/2052 2377/22/2056
f 2376/22/2052 2378/19/2059 2379/19/2060
f 2377/22/2058 2376/22/2053 2378/19/2067
f 2379/19/2066 2378/19/2067 2376/22/2053
f 2372/22/2037 2380/19/2061 2373/22/2038
f 2380/19/2061 2372/22/2037 2381/19/2062
f 2373/22/2042 2380/19/2065 2372/22/2039
f 2381/19/2068 2372/22/2039 2380/19/2065
f 2386/21/2 2385/21/2 2384/21/2
f 2385/21/2 2386/21/2 2387/21/2
f 2387/21/2 2386/21/2 2388/21/2
f 2387/21/2 2388/21/2 2389/21/2
f 2384/21/1 2385/21/1 2386/21/1
f 2387/21/1 2386/21/1 2385/21/1
f 2388/21/1 2386/21/1 2387/21/1
f 2389/21/1 2388/21/1 2387/21/1
f 2390/22/669 2385/21/668 2387/21/667
f 2385/21/668 2390/22/669 2391/22/670
f 2387/21/673 2385/21/672 2390/22/671
f 2391/22/674 2390/22/671 2385/21/672
f 2388/21/677 2392/22/676 2389/21/675
f 2392/22/676 2388/21/677 2393/22/678
f 2389/21/681 2392/22/680 2388/21/679
f 2393/22/682 2388/21/679 2392/22/680
f 2389/21/675 2390/22/669 2387/21/667
f 2390/22/669 2389/21/675 2392/22/676
f 2387/21/673 2390/22/671 2389/21/681
f 2392/22/680 2389/21/681 2390/22/671
f 2394/22/684 2388/21/677 2386/21/683
f 2388/21/677 2394/22/684 2393/22/678
f 2386/21/686 2388/21/679 2394/22/685
f 2393/22/682 2394/22/685 2388/21/679
f 2391/22/670 2384/21/687 2385/21/668
f 2384/21/687 2391/22/670 2395/22/688
f 2385/21/672 2384/21/689 2391/22/674
f 2395/22/690 2391/22/674 2384/21/689
f 2395/22/688 2386/21/683 2384/21/687
f 2386/21/683 2395/22/688 2394/22/684
f 2384/21/689 2386/21/686 2395/22/690
f 2394/22/685 2395/22/690 2386/21/686
f 2398/19/693 2397/19/692 2396/19/691
f 2397/19/692 2398/19/693 2399/19/694
f 2397/19/692 2399/19/694 2400/19/695
f 2400/19/695 2399/19/694 2401/19/696
f 2396/19/699 2397/19/698 2398/19/697
f 2399/19/700 2398/19/697 2397/19/698
f 2400/19/701 2399/19/700 2397/19/698
f 2401/19/702 2399/19/700 2400/19/701
f 2390/22/669 2401/19/696 2399/19/694
f 2401/19/696 2390/22/669 2392/22/676
f 2399/19/700 2401/19/702 2390/22/671
f 2392/22/680 2390/22/671 2401/19/702
f 2397/19/692 2393/22/678 2394/22/684
f 2393/22/678 2397/19/692 2400/19/695
f 2394/22/685 2393/22/682 2397/19/698
f 2400/19/701 2397/19/698 2393/22/682
f 2391/22/670 2396/19/691 2395/22/688
f 2396/19/691 2391/22/670 2398/19/693
f 2395/22/690 2396/19/699 2391/22/674
f 2398/19/697 2391/22/674 2396/19/699
f 2401/19/696 2393/22/678 2400/19/695
f 2393/22/678 2401/19/696 2392/22/676
f 2400/19/701 2393/22/682 2401/19/702
f 2392/22/680 2401/19/702 2393/22/682
f 2396/19/691 2394/22/684 2395/22/688
f 2394/22/684 2396/19/691 2397/19/692
f 2395/22/690 2394/22/685 2396/19/699
f 2397/19/698 2396/19/699 2394/22/685
f 2390/22/669 2398/19/693 2391/22/670
f 2398/19/693 2390/22/669 2399/19/694
f 2391/22/674 2398/19/697 2390/22/671
f 2399/19/700 2390/22/671 2398/19/697
f 2404/21/2 2403/21/2 2402/21/2
f 2403/21/2 2404/21/2 2405/21/2
f 2405/21/2 2404/21/2 2406/21/2
f 2405/21/2 2406/21/2 2407/21/2
f 2402/21/1 2403/21/1 2404/21/1
f 2405/21/1 2404/21/1 2403/21/1
f 2406/21/1 2404/21/1 2405/21/1
f 2407/21/1 2406/21/1 2405/21/1
f 2408/22/2073 2403/21/2072 2405/21/2071
f 2403/21/2072 2408/22/2073 2409/22/2074
f 2405/21/2077 2403/21/2076 2408/22/2075
f 2409/22/2078 2408/22/2075 2403/21/2076
f 2406/21/2081 2410/22/2080 2407/21/2079
f 2410/22/2080 2406/21/2081 2411/22/2082
f 2407/21/2085 2410/22/2084 2406/21/2083
f 2411/22/2086 2406/21/2083 2410/22/2084
f 2407/21/2079 2408/22/2073 2405/21/2071
f 2408/22/2073 2407/21/2079 2410/22/2080
f 2405/21/2077 2408/22/2075 2407/21/2085
f 2410/22/2084 2407/21/2085 2408/22/2075
f 2412/22/2088 2406/21/2081 2404/21/2087
f 2406/21/2081 2412/22/2088 2411/22/2082
f 2404/21/2090 2406/21/2083 2412/22/2089
f 2411/22/2086 2412/22/2089 2406/21/2083
f 2409/22/2074 2402/21/2091 2403/21/2072
f 2402/21/2091 2409/22/2074 2413/22/2092
f 2403/21/2076 2402/21/2093 2409/22/2078
f 2413/22/2094 2409/22/2078 2402/21/2093
f 2413/22/2092 2404/21/2087 2402/21/2091
f 2404/21/2087 2413/22/2092 2412/22/2088
f 2402/21/2093 2404/21/2090 2413/22/2094
f 2412/22/2089 2413/22/2094 2404/21/2090
f 2416/19/2097 2415/19/2096 2414/19/2095
f 2415/19/2096 2416/19/2097 2417/19/2098
f 2415/19/2096 2417/19/2098 2418/19/2099
f 2418/19/2099 2417/19/2098 2419/19/2100
f 2414/19/2103 2415/19/2102 2416/19/2101
f 2417/19/2104 2416/19/2101 2415/19/2102
f 2418/19/2105 2417/19/2104 2415/19/2102
f 2419/19/2106 2417/19/2104 2418/19/2105
f 2408/22/2073 2419/19/2100 2417/19/2098
f 2419/19/2100 2408/22/2073 2410/22/2080
f 2417/19/2104 2419/19/2106 2408/22/2075
f 2410/22/2084 2408/22/2075 2419/19/2106
f 2415/19/2096 2411/22/2082 2412/22/2088
f 2411/22/2082 2415/19/2096 2418/19/2099
f 2412/22/2089 2411/22/2086 2415/19/2102
f 2418/19/2105 2415/19/2102 2411/22/2086
f 2409/22/2074 2414/19/2095 2413/22/2092
f 2414/19/2095 2409/22/2074 2416/19/2097
f 2413/22/2094 2414/19/2103 2409/22/2078
f 2416/19/2101 2409/22/2078 2414/19/2103
f 2419/19/2100 2411/22/2082 2418/19/2099
f 2411/22/2082 2419/19/2100 2410/22/2080
f 2418/19/2105 2411/22/2086 2419/19/2106
f 2410/22/2084 2419/19/2106 2411/22/2086
f 2414/19/2095 2412/22/2088 2413/22/2092
f 2412/22/2088 2414/19/2095 2415/19/2096
f 2413/22/2094 2412/22/2089 2414/19/2103
f 2415/19/2102 2414/19/2103 2412/22/2089
f 2408/22/2073 2416/19/2097 2409/22/2074
f 2416/19/2097 2408/22/2073 2417/19/2098
f 2409/22/2078 2416/19/2101 2408/22/2075
f 2417/19/2104 2408/22/2075 2416/19/2101
f 2422/21/2 2421/21/2 2420/21/2
f 2421/21/2 2422/21/2 2423/21/2
f 2423/21/2 2422/21/2 2424/21/2
f 2423/21/2 2424/21/2 2425/21/2
f 2420/21/1 2421/21/1 2422/21/1
f 2423/21/1 2422/21/1 2421/21/1
f 2424/21/1 2422/21/1 2423/21/1
f 2425/21/1 2424/21/1 2423/21/1
f 2426/22/440 2421/21/433 2423/21/439
f 2421/21/433 2426/22/440 2427/22/434
f 2423/21/442 2421/21/435 2426/22/441
f 2427/22/438 2426/22/441 2421/21/435
f 2424/21/424 2428/22/444 2425/21/443
f 2428/22/444 2424/21/424 2429/22/426
f 2425/21/445 2428/22/446 2424/21/428
f 2429/22/430 2424/21/428 2428/22/446
f 2425/21/443 2426/22/440 2423/21/439
f 2426/22/440 2425/21/443 2428/22/444
f 2423/21/442 2426/22/441 2425/21/445
f 2428/22/446 2425/21/445 2426/22/441
f 2430/22/425 2424/21/424 2422/21/423
f 2424/21/424 2430/22/425 2429/22/426
f 2422/21/429 2424/21/428 2430/22/427
f 2429/22/430 2430/22/427 2424/21/428
f 2427/22/434 2420/21/431 2421/21/433
f 2420/21/431 2427/22/434 2431/22/432
f 2421/21/435 2420/21/437 2427/22/438
f 2431/22/436 2427/22/438 2420/21/437
f 2431/22/432 2422/21/423 2420/21/431
f 2422/21/423 2431/22/432 2430/22/425
f 2420/21/437 2422/21/429 2431/22/436
f 2430/22/427 2431/22/436 2422/21/429
f 2434/19/451 2433/19/450 2432/19/452
f 2433/19/450 2434/19/451 2435/19/448
f 2433/19/450 2435/19/448 2436/19/449
f 2436/19/449 2435/19/448 2437/19/447
f 2432/19/458 2433/19/456 2434/19/457
f 2435/19/454 2434/19/457 2433/19/456
f 2436/19/453 2435/19/454 2433/19/456
f 2437/19/455 2435/19/454 2436/19/453
f 2426/22/440 2437/19/447 2435/19/448
f 2437/19/447 2426/22/440 2428/22/444
f 2435/19/454 2437/19/455 2426/22/441
f 2428/22/446 2426/22/441 2437/19/455
f 2433/19/450 2429/22/426 2430/22/425
f 2429/22/426 2433/19/450 2436/19/449
f 2430/22/427 2429/22/430 2433/19/456
f 2436/19/453 2433/19/456 2429/22/430
f 2427/22/434 2432/19/452 2431/22/432
f 2432/19/452 2427/22/434 2434/19/451
f 2431/22/436 2432/19/458 2427/22/438
f 2434/19/457 2427/22/438 2432/19/458
f 2437/19/447 2429/22/426 2436/19/449
f 2429/22/426 2437/19/447 2428/22/444
f 2436/19/453 2429/22/430 2437/19/455
f 2428/22/446 2437/19/455 2429/22/430
f 2432/19/452 2430/22/425 2431/22/432
f 2430/22/425 2432/19/452 2433/19/450
f 2431/22/436 2430/22/427 2432/19/458
f 2433/19/456 2432/19/458 2430/22/427
f 2426/22/440 2434/19/451 2427/22/434
f 2434/19/451 2426/22/440 2435/19/448
f 2427/22/438 2434/19/457 2426/22/441
f 2435/19/454 2426/22/441 2434/19/457
f 2440/21/2 2439/21/2 2438/21/2
f 2439/21/2 2440/21/2 2441/21/2
f 2441/21/2 2440/21/2 2442/21/2
f 2441/21/2 2442/21/2 2443/21/2
f 2438/21/1 2439/21/1 2440/21/1
f 2441/21/1 2440/21/1 2439/21/1
f 2442/21/1 2440/21/1 2441/21/1
f 2443/21/1 2442/21/1 2441/21/1
f 2444/22/440 2439/21/433 2441/21/439
f 2439/21/433 2444/22/440 2445/22/434
f 2441/21/442 2439/21/435 2444/22/441
f 2445/22/438 2444/22/441 2439/21/435
f 2442/21/424 2446/22/444 2443/21/443
f 2446/22/444 2442/21/424 2447/22/426
f 2443/21/445 2446/22/446 2442/21/428
f 2447/22/430 2442/21/428 2446/22/446
f 2443/21/443 2444/22/440 2441/21/439
f 2444/22/440 2443/21/443 2446/22/444
f 2441/21/442 2444/22/441 2443/21/445
f 2446/22/446 2443/21/445 2444/22/441
f 2448/22/425 2442/21/424 2440/21/423
f 2442/21/424 2448/22/425 2447/22/426
f 2440/21/429 2442/21/428 2448/22/427
f 2447/22/430 2448/22/427 2442/21/428
f 2445/22/434 2438/21/431 2439/21/433
f 2438/21/431 2445/22/434 2449/22/432
f 2439/21/435 2438/21/437 2445/22/438
f 2449/22/436 2445/22/438 2438/21/437
f 2449/22/432 2440/21/423 2438/21/431
f 2440/21/423 2449/22/432 2448/22/425
f 2438/21/437 2440/21/429 2449/22/436
f 2448/22/427 2449/22/436 2440/21/429
f 2452/19/451 2451/19/450 2450/19/452
f 2451/19/450 2452/19/451 2453/19/448
f 2451/19/450 2453/19/448 2454/19/449
f 2454/19/449 2453/19/448 2455/19/447
f 2450/19/458 2451/19/456 2452/19/457
f 2453/19/454 2452/19/457 2451/19/456
f 2454/19/453 2453/19/454 2451/19/456
f 2455/19/455 2453/19/454 2454/19/453
f 2444/22/440 2455/19/447 2453/19/448
f 2455/19/447 2444/22/440 2446/22/444
f 2453/19/454 2455/19/455 2444/22/441
f 2446/22/446 2444/22/441 2455/19/455
f 2451/19/450 2447/22/426 2448/22/425
f 2447/22/426 2451/19/450 2454/19/449
f 2448/22/427 2447/22/430 2451/19/456
f 2454/19/453 2451/19/456 2447/22/430
f 2445/22/434 2450/19/452 2449/22/432
f 2450/19/452 2445/22/434 2452/19/451
f 2449/22/436 2450/19/458 2445/22/438
f 2452/19/457 2445/22/438 2450/19/458
f 2455/19/447 2447/22/426 2454/19/449
f 2447/22/426 2455/19/447 2446/22/444
f 2454/19/453 2447/22/430 2455/19/455
f 2446/22/446 2455/19/455 2447/22/430
f 2450/19/452 2448/22/425 2449/22/432
f 2448/22/425 2450/19/452 2451/19/450
f 2449/22/436 2448/22/427 2450/19/458
f 2451/19/456 2450/19/458 2448/22/427
f 2444/22/440 2452/19/451 2445/22/434
f 2452/19/451 2444/22/440 2453/19/448
f 2445/22/438 2452/19/457 2444/22/441
f 2453/19/454 2444/22/441 2452/19/457
f 2458/21/2 2457/21/2 2456/21/2
f 2457/21/2 2458/21/2 2459/21/2
f 2459/21/2 2458/21/2 2460/21/2
f 2459/21/2 2460/21/2 2461/21/2
f 2456/21/1 2457/21/1 2458/21/1
f 2459/21/1 2458/21/1 2457/21/1
f 2460/21/1 2458/21/1 2459/21/1
f 2461/21/1 2460/21/1 2459/21/1
f 2462/22/425 2457/21/424 2459/21/423
f 2457/21/424 2462/22/425 2463/22/426
f 2459/21/429 2457/21/428 2462/22/427
f 2463/22/430 2462/22/427 2457/21/428
f 2460/21/433 2464/22/432 2461/21/431
f 2464/22/432 2460/21/433 2465/22/434
f 2461/21/437 2464/22/436 2460/21/435
f 2465/22/438 2460/21/435 2464/22/436
f 2461/21/431 2462/22/425 2459/21/423
f 2462/22/425 2461/21/431 2464/22/432
f 2459/21/429 2462/22/427 2461/21/437
f 2464/22/436 2461/21/437 2462/22/427
f 2466/22/440 2460/21/433 2458/21/439
f 2460/21/433 2466/22/440 2465/22/434
f 2458/21/442 2460/21/435 2466/22/441
f 2465/22/438 2466/22/441 2460/21/435
f 2463/22/426 2456/21/443 2457/21/424
f 2456/21/443 2463/22/426 2467/22/444
f 2457/21/428 2456/21/445 2463/22/430
f 2467/22/446 2463/22/430 2456/21/445
f 2467/22/444 2458/21/439 2456/21/443
f 2458/21/439 2467/22/444 2466/22/440
f 2456/21/445 2458/21/442 2467/22/446
f 2466/22/441 2467/22/446 2458/21/442
f 2470/19/449 2469/19/448 2468/19/447
f 2469/19/448 2470/19/449 2471/19/450
f 2469/19/448 2471/19/450 2472/19/451
f 2472/19/451 2471/19/450 2473/19/452
f 2468/19/455 2469/19/454 2470/19/453
f 2471/19/456 2470/19/453 2469/19/454
f 2472/19/457 2471/19/456 2469/19/454
f 2473/19/458 2471/19/456 2472/19/457
f 2462/22/425 2473/19/452 2471/19/450
f 2473/19/452 2462/22/425 2464/22/432
f 2471/19/456 2473/19/458 2462/22/427
f 2464/22/436 2462/22/427 2473/19/458
f 2469/19/448 2465/22/434 2466/22/440
f 2465/22/434 2469/19/448 2472/19/451
f 2466/22/441 2465/22/438 2469/19/454
f 2472/19/457 2469/19/454 2465/22/438
f 2463/22/426 2468/19/447 2467/22/444
f 2468/19/447 2463/22/426 2470/19/449
f 2467/22/446 2468/19/455 2463/22/430
f 2470/19/453 2463/22/430 2468/19/455
f 2473/19/452 2465/22/434 2472/19/451
f 2465/22/434 2473/19/452 2464/22/432
f 2472/19/457 2465/22/438 2473/19/458
f 2464/22/436 2473/19/458 2465/22/438
f 2468/19/447 2466/22/440 2467/22/444
f 2466/22/440 2468/19/447 2469/19/448
f 2467/22/446 2466/22/441 2468/19/455
f 2469/19/454 2468/19/455 2466/22/441
f 2462/22/425 2470/19/449 2463/22/426
f 2470/19/449 2462/22/425 2471/19/450
f 2463/22/430 2470/19/453 2462/22/427
f 2471/19/456 2462/22/427 2470/19/453
f 2476/21/2 2475/21/2 2474/21/2
f 2475/21/2 2476/21/2 2477/21/2
f 2477/21/2 2476/21/2 2478/21/2
f 2477/21/2 2478/21/2 2479/21/2
f 2474/21/1 2475/21/1 2476/21/1
f 2477/21/1 2476/21/1 2475/21/1
f 2478/21/1 2476/21/1 2477/21/1
f 2479/21/1 2478/21/1 2477/21/1
f 2480/22/425 2475/21/424 2477/21/423
f 2475/21/424 2480/22/425 2481/22/426
f 2477/21/429 2475/21/428 2480/22/427
f 2481/22/430 2480/22/427 2475/21/428
f 2478/21/433 2482/22/432 2479/21/431
f 2482/22/432 2478/21/433 2483/22/434
f 2479/21/437 2482/22/436 2478/21/435
f 2483/22/438 2478/21/435 2482/22/436
f 2479/21/431 2480/22/425 2477/21/423
f 2480/22/425 2479/21/431 2482/22/432
f 2477/21/429 2480/22/427 2479/21/437
f 2482/22/436 2479/21/437 2480/22/427
f 2484/22/440 2478/21/433 2476/21/439
f 2478/21/433 2484/22/440 2483/22/434
f 2476/21/442 2478/21/435 2484/22/441
f 2483/22/438 2484/22/441 2478/21/435
f 2481/22/426 2474/21/443 2475/21/424
f 2474/21/443 2481/22/426 2485/22/444
f 2475/21/428 2474/21/445 2481/22/430
f 2485/22/446 2481/22/430 2474/21/445
f 2485/22/444 2476/21/439 2474/21/443
f 2476/21/439 2485/22/444 2484/22/440
f 2474/21/445 2476/21/442 2485/22/446
f 2484/22/441 2485/22/446 2476/21/442
f 2488/19/449 2487/19/448 2486/19/447
f 2487/19/448 2488/19/449 2489/19/450
f 2487/19/448 2489/19/450 2490/19/451
f 2490/19/451 2489/19/450 2491/19/452
f 2486/19/455 2487/19/454 2488/19/453
f 2489/19/456 2488/19/453 2487/19/454
f 2490/19/457 2489/19/456 2487/19/454
f 2491/19/458 2489/19/456 2490/19/457
f 2480/22/425 2491/19/452 2489/19/450
f 2491/19/452 2480/22/425 2482/22/432
f 2489/19/456 2491/19/458 2480/22/427
f 2482/22/436 2480/22/427 2491/19/458
f 2487/19/448 2483/22/434 2484/22/440
f 2483/22/434 2487/19/448 2490/19/451
f 2484/22/441 2483/22/438 2487/19/454
f 2490/19/457 2487/19/454 2483/22/438
f 2481/22/426 2486/19/447 2485/22/444
f 2486/19/447 2481/22/426 2488/19/449
f 2485/22/446 2486/19/455 2481/22/430
f 2488/19/453 2481/22/430 2486/19/455
f 2491/19/452 2483/22/434 2490/19/451
f 2483/22/434 2491/19/452 2482/22/432
f 2490/19/457 2483/22/438 2491/19/458
f 2482/22/436 2491/19/458 2483/22/438
f 2486/19/447 2484/22/440 2485/22/444
f 2484/22/440 2486/19/447 2487/19/448
f 2485/22/446 2484/22/441 2486/19/455
f 2487/19/454 2486/19/455 2484/22/441
f 2480/22/425 2488/19/449 2481/22/426
f 2488/19/449 2480/22/425 2489/19/450
f 2481/22/430 2488/19/453 2480/22/427
f 2489/19/456 2480/22/427 2488/19/453
f 2494/21/2 2493/21/2 2492/21/2
f 2493/21/2 2494/21/2 2495/21/2
f 2495/21/2 2494/21/2 2496/21/2
f 2495/21/2 2496/21/2 2497/21/2
f 2492/21/1 2493/21/1 2494/21/1
f 2495/21/1 2494/21/1 2493/21/1
f 2496/21/1 2494/21/1 2495/21/1
f 2497/21/1 2496/21/1 2495/21/1
f 2498/22/669 2493/21/668 2495/21/667
f 2493/21/668 2498/22/669 2499/22/670
f 2495/21/673 2493/21/672 2498/22/671
f 2499/22/674 2498/22/671 2493/21/672
f 2496/21/677 2500/22/676 2497/21/675
f 2500/22/676 2496/21/677 2501/22/678
f 2497/21/681 2500/22/680 2496/21/679
f 2501/22/682 2496/21/679 2500/22/680
f 2497/21/675 2498/22/669 2495/21/667
f 2498/22/669 2497/21/675 2500/22/676
f 2495/21/673 2498/22/671 2497/21/681
f 2500/22/680 2497/21/681 2498/22/671
f 2502/22/684 2496/21/677 2494/21/683
f 2496/21/677 2502/22/684 2501/22/678
f 2494/21/686 2496/21/679 2502/22/685
f 2501/22/682 2502/22/685 2496/21/679
f 2499/22/670 2492/21/687 2493/21/668
f 2492/21/687 2499/22/670 2503/22/688
f 2493/21/672 2492/21/689 2499/22/674
f 2503/22/690 2499/22/674 2492/21/689
f 2503/22/688 2494/21/683 2492/21/687
f 2494/21/683 2503/22/688 2502/22/684
f 2492/21/689 2494/21/686 2503/22/690
f 2502/22/685 2503/22/690 2494/21/686
f 2506/19/693 2505/19/692 2504/19/691
f 2505/19/692 2506/19/693 2507/19/694
f 2505/19/692 2507/19/694 2508/19/695
f 2508/19/695 2507/19/694 2509/19/696
f 2504/19/699 2505/19/698 2506/19/697
f 2507/19/700 2506/19/697 2505/19/698
f 2508/19/701 2507/19/700 2505/19/698
f 2509/19/702 2507/19/700 2508/19/701
f 2498/22/669 2509/19/696 2507/19/694
f 2509/19/696 2498/22/669 2500/22/676
f 2507/19/700 2509/19/702 2498/22/671
f 2500/22/680 2498/22/671 2509/19/702
f 2505/19/692 2501/22/678 2502/22/684
f 2501/22/678 2505/19/692 2508/19/695
f 2502/22/685 2501/22/682 2505/19/698
f 2508/19/701 2505/19/698 2501/22/682
f 2499/22/670 2504/19/691 2503/22/688
f 2504/19/691 2499/22/670 2506/19/693
f 2503/22/690 2504/19/699 2499/22/674
f 2506/19/697 2499/22/674 2504/19/699
f 2509/19/696 2501/22/678 2508/19/695
f 2501/22/678 2509/19/696 2500/22/676
f 2508/19/701 2501/22/682 2509/19/702
f 2500/22/680 2509/19/702 2501/22/682
f 2504/19/691 2502/22/684 2503/22/688
f 2502/22/684 2504/19/691 2505/19/692
f 2503/22/690 2502/22/685 2504/19/699
f 2505/19/698 2504/19/699 2502/22/685
f 2498/22/669 2506/19/693 2499/22/670
f 2506/19/693 2498/22/669 2507/19/694
f 2499/22/674 2506/19/697 2498/22/671
f 2507/19/700 2498/22/671 2506/19/697
f 2512/21/2 2511/21/2 2510/21/2
f 2511/21/2 2512/21/2 2513/21/2
f 2513/21/2 2512/21/2 2514/21/2
f 2513/21/2 2514/21/2 2515/21/2
f 2510/21/1 2511/21/1 2512/21/1
f 2513/21/1 2512/21/1 2511/21/1
f 2514/21/1 2512/21/1 2513/21/1
f 2515/21/1 2514/21/1 2513/21/1
f 2516/22/2073 2511/21/2072 2513/21/2071
f 2511/21/2072 2516/22/2073 2517/22/2074
f 2513/21/2077 2511/21/2076 2516/22/2075
f 2517/22/2078 2516/22/2075 2511/21/2076
f 2514/21/2081 2518/22/2080 2515/21/2079
f 2518/22/2080 2514/21/2081 2519/22/2082
f 2515/21/2085 2518/22/2084 2514/21/2083
f 2519/22/2086 2514/21/2083 2518/22/2084
f 2515/21/2079 2516/22/2073 2513/21/2071
f 2516/22/2073 2515/21/2079 2518/22/2080
f 2513/21/2077 2516/22/2075 2515/21/2085
f 2518/22/2084 2515/21/2085 2516/22/2075
f 2520/22/2088 2514/21/2081 2512/21/2087
f 2514/21/2081 2520/22/2088 2519/22/2082
f 2512/21/2090 2514/21/2083 2520/22/2089
f 2519/22/2086 2520/22/2089 2514/21/2083
f 2517/22/2074 2510/21/2091 2511/21/2072
f 2510/21/2091 2517/22/2074 2521/22/2092
f 2511/21/2076 2510/21/2093 2517/22/2078
f 2521/22/2094 2517/22/2078 2510/21/2093
f 2521/22/2092 2512/21/2087 2510/21/2091
f 2512/21/2087 2521/22/2092 2520/22/2088
f 2510/21/2093 2512/21/2090 2521/22/2094
f 2520/22/2089 2521/22/2094 2512/21/2090
f 2524/19/2097 2523/19/2096 2522/19/2095
f 2523/19/2096 2524/19/2097 2525/19/2098
f 2523/19/2096 2525/19/2098 2526/19/2099
f 2526/19/2099 2525/19/2098 2527/19/2100
f 2522/19/2103 2523/19/2102 2524/19/2101
f 2525/19/2104 2524/19/2101 2523/19/2102
f 2526/19/2105 2525/19/2104 2523/19/2102
f 2527/19/2106 2525/19/2104 2526/19/2105
f 2516/22/2073 2527/19/2100 2525/19/2098
f 2527/19/2100 2516/22/2073 2518/22/2080
f 2525/19/2104 2527/19/2106 2516/22/2075
f 2518/22/2084 2516/22/2075 2527/19/2106
f 2523/19/2096 2519/22/2082 2520/22/2088
f 2519/22/2082 2523/19/2096 2526/19/2099
f 2520/22/2089 2519/22/2086 2523/19/2102
f 2526/19/2105 2523/19/2102 2519/22/2086
f 2517/22/2074 2522/19/2095 2521/22/2092
f 2522/19/2095 2517/22/2074 2524/19/2097
f 2521/22/2094 2522/19/2103 2517/22/2078
f 2524/19/2101 2517/22/2078 2522/19/2103
f 2527/19/2100 2519/22/2082 2526/19/2099
f 2519/22/2082 2527/19/2100 2518/22/2080
f 2526/19/2105 2519/22/2086 2527/19/2106
f 2518/22/2084 2527/19/2106 2519/22/2086
f 2522/19/2095 2520/22/2088 2521/22/2092
f 2520/22/2088 2522/19/2095 2523/19/2096
f 2521/22/2094 2520/22/2089 2522/19/2103
f 2523/19/2102 2522/19/2103 2520/22/2089
f 2516/22/2073 2524/19/2097 2517/22/2074
f 2524/19/2097 2516/22/2073 2525/19/2098
f 2517/22/2078 2524/19/2101 2516/22/2075
f 2525/19/2104 2516/22/2075 2524/19/2101
f 3/3/1 2/2/1 1/1/1
f 2/2/1 3/3/1 4/4/1
f 1/1/2 2/2/2 3/3/2
f 4/4/2 3/3/2 2/2/2
f 2/3/1 6/2/1 5/1/1
f 6/2/1 2/3/1 7/4/1
f 5/1/2 6/2/2 2/3/2
f 7/4/2 2/3/2 6/2/2
f 10/3/1 9/2/1 8/1/1
f 9/2/1 10/3/1 5/4/1
f 8/1/2 9/2/2 10/3/2
f 5/4/2 10/3/2 9/2/2
f 13/3/1 12/2/1 11/1/1
f 12/2/1 13/3/1 14/4/1
f 11/1/2 12/2/2 13/3/2
f 14/4/2 13/3/2 12/2/2
f 17/3/1 16/2/1 15/1/1
f 16/2/1 17/3/1 18/4/1
f 15/1/2 16/2/2 17/3/2
f 18/4/2 17/3/2 16/2/2
f 9/3/1 19/2/1 18/1/1
f 19/2/1 9/3/1 20/4/1
f 18/1/2 19/2/2 9/3/2
f 20/4/2 9/3/2 19/2/2
f 23/3/1 22/2/1 21/1/1
f 22/2/1 23/3/1 24/4/1
f 21/1/2 22/2/2 23/3/2
f 24/4/2 23/3/2 22/2/2
f 26/3/1 13/2/1 25/1/1
f 13/2/1 26/3/1 27/4/1
f 25/1/2 13/2/2 26/3/2
f 27/4/2 26/3/2 13/2/2
f 21/3/1 29/2/1 28/1/1
f 29/2/1 21/3/1 22/4/1
f 28/1/2 29/2/2 21/3/2
f 22/4/2 21/3/2 29/2/2
f 30/3/1 17/2/1 14/1/1
f 17/2/1 30/3/1 8/4/1
f 14/1/2 17/2/2 30/3/2
f 8/4/2 30/3/2 17/2/2
f 29/3/1 8/2/1 30/1/1
f 8/2/1 29/3/1 10/4/1
f 30/1/2 8/2/2 29/3/2
f 10/4/2 29/3/2 8/2/2
f 27/3/1 14/2/1 13/1/1
f 14/2/1 27/3/1 30/4/1
f 13/1/2 14/2/2 27/3/2
f 30/4/2 27/3/2 14/2/2
f 28/3/1 30/2/1 27/1/1
f 30/2/1 28/3/1 29/4/1
f 27/1/2 30/2/2 28/3/2
f 29/4/2 28/3/2 30/2/2
f 8/3/1 18/2/1 17/1/1
f 18/2/1 8/3/1 9/4/1
f 17/1/2 18/2/2 8/3/2
f 9/4/2 8/3/2 18/2/2
f 31/3/1 27/2/1 26/1/1
f 27/2/1 31/3/1 28/4/1
f 26/1/2 27/2/2 31/3/2
f 28/4/2 31/3/2 27/2/2
f 22/3/1 10/2/1 29/1/1
f 10/2/1 22/3/1 1/4/1
f 29/1/2 10/2/2 22/3/2
f 1/4/2 22/3/2 10/2/2
f 34/3/1 33/2/1 32/1/1
f 33/2/1 34/3/1 35/4/1
f 32/1/2 33/2/2 34/3/2
f 35/4/2 34/3/2 33/2/2
f 14/3/1 15/2/1 12/1/1
f 15/2/1 14/3/1 17/4/1
f 12/1/2 15/2/2 14/3/2
f 17/4/2 14/3/2 15/2/2
f 36/3/1 28/2/1 31/1/1
f 28/2/1 36/3/1 21/4/1
f 31/1/2 28/2/2 36/3/2
f 21/4/2 36/3/2 28/2/2
f 1/3/1 5/2/1 10/1/1
f 5/2/1 1/3/1 2/4/1
f 10/1/2 5/2/2 1/3/2
f 2/4/2 1/3/2 5/2/2
f 18/3/1 37/5/1 16/1/1
f 37/5/1 18/3/1 19/4/1
f 16/1/2 37/5/2 18/3/2
f 19/4/2 18/3/2 37/5/2
f 40/3/1 39/5/1 38/1/1
f 39/5/1 40/3/1 11/4/1
f 38/1/2 39/5/2 40/3/2
f 11/4/2 40/3/2 39/5/2
f 21/3/1 41/5/1 23/1/1
f 41/5/1 21/3/1 36/4/1
f 23/1/2 41/5/2 21/3/2
f 36/4/2 21/3/2 41/5/2
f 43/3/1 42/5/1 7/1/1
f 42/5/1 43/3/1 44/4/1
f 7/1/2 42/5/2 43/3/2
f 44/4/2 43/3/2 42/5/2
f 46/3/1 45/2/1 20/1/1
f 45/2/1 46/3/1 47/4/1
f 20/1/2 45/2/2 46/3/2
f 47/4/2 46/3/2 45/2/2
f 50/7/5 49/6/4 48/6/3
f 49/6/4 50/7/5 51/7/6
f 48/6/9 49/6/8 50/7/7
f 51/7/10 50/7/7 49/6/8
f 52/6/11 50/7/5 48/6/3
f 50/7/5 52/6/11 53/7/12
f 48/6/9 50/7/7 52/6/13
f 53/7/14 52/6/13 50/7/7
f 55/7/16 52/6/11 54/6/15
f 52/6/11 55/7/16 53/7/12
f 54/6/18 52/6/13 55/7/17
f 53/7/14 55/7/17 52/6/13
f 51/7/6 54/6/15 49/6/4
f 54/6/15 51/7/6 55/7/16
f 49/6/8 54/6/18 51/7/10
f 55/7/17 51/7/10 54/6/18
f 51/7/6 53/7/12 55/7/16
f 53/7/12 51/7/6 50/7/5
f 55/7/17 53/7/14 51/7/10
f 50/7/7 51/7/10 53/7/14
f 58/6/11 57/8/5 56/6/3
f 57/8/5 58/6/11 59/8/12
f 56/6/9 57/8/7 58/6/13
f 59/8/14 58/6/13 57/8/7
f 62/8/21 61/6/20 60/6/19
f 61/6/20 62/8/21 63/8/22
f 60/6/25 61/6/24 62/8/23
f 63/8/26 62/8/23 61/6/24
f 65/8/28 60/6/19 64/6/27
f 60/6/19 65/8/28 62/8/21
f 64/6/30 60/6/25 65/8/29
f 62/8/23 65/8/29 60/6/25
f 68/8/6 67/6/15 66/6/4
f 67/6/15 68/8/6 69/8/16
f 66/6/8 67/6/18 68/8/10
f 69/8/17 68/8/10 67/6/18
f 70/6/31 65/8/28 64/6/27
f 65/8/28 70/6/31 71/8/32
f 64/6/30 65/8/29 70/6/33
f 71/8/34 70/6/33 65/8/29
f 63/8/22 70/6/31 61/6/20
f 70/6/31 63/8/22 71/8/32
f 61/6/24 70/6/33 63/8/26
f 71/8/34 63/8/26 70/6/33
f 69/8/16 58/6/11 67/6/15
f 58/6/11 69/8/16 59/8/12
f 67/6/18 58/6/13 69/8/17
f 59/8/14 69/8/17 58/6/13
f 57/8/5 66/6/4 56/6/3
f 66/6/4 57/8/5 68/8/6
f 56/6/9 66/6/8 57/8/7
f 68/8/10 57/8/7 66/6/8
f 68/8/6 59/8/12 69/8/16
f 59/8/12 68/8/6 57/8/5
f 69/8/17 59/8/14 68/8/10
f 57/8/7 68/8/10 59/8/14
f 65/8/28 63/8/22 62/8/21
f 63/8/22 65/8/28 71/8/32
f 62/8/23 63/8/26 65/8/29
f 71/8/34 65/8/29 63/8/26
f 74/8/37 73/6/36 72/6/35
f 73/6/36 74/8/37 75/8/38
f 72/6/41 73/6/40 74/8/39
f 75/8/42 74/8/39 73/6/40
f 78/7/45 77/6/44 76/7/43
f 77/6/44 78/7/45 79/6/46
f 76/7/49 77/6/48 78/7/47
f 79/6/50 78/7/47 77/6/48
f 75/8/38 80/6/51 73/6/36
f 80/6/51 75/8/38 81/8/52
f 73/6/40 80/6/53 75/8/42
f 81/8/54 75/8/42 80/6/53
f 80/6/51 83/8/56 82/6/55
f 83/8/56 80/6/51 81/8/52
f 82/6/58 83/8/57 80/6/53
f 81/8/54 80/6/53 83/8/57
f 85/7/60 76/7/43 84/7/59
f 76/7/43 85/7/60 78/7/45
f 84/7/62 76/7/49 85/7/61
f 78/7/47 85/7/61 76/7/49
f 83/8/56 72/6/35 82/6/55
f 72/6/35 83/8/56 74/8/37
f 82/6/58 72/6/41 83/8/57
f 74/8/39 83/8/57 72/6/41
f 83/8/56 75/8/38 74/8/37
f 75/8/38 83/8/56 81/8/52
f 74/8/39 75/8/42 83/8/57
f 81/8/54 83/8/57 75/8/42
f 79/6/46 85/7/60 86/6/63
f 85/7/60 79/6/46 78/7/45
f 86/6/64 85/7/61 79/6/50
f 78/7/47 79/6/50 85/7/61
f 84/7/59 77/6/44 87/6/65
f 77/6/44 84/7/59 76/7/43
f 87/6/66 77/6/48 84/7/62
f 76/7/49 84/7/62 77/6/48
f 86/6/63 84/7/59 87/6/65
f 84/7/59 86/6/63 85/7/60
f 87/6/66 84/7/62 86/6/64
f 85/7/61 86/6/64 84/7/62
f 90/7/69 89/6/68 88/6/67
f 89/6/68 90/7/69 91/7/70
f 88/6/73 89/6/72 90/7/71
f 91/7/74 90/7/71 89/6/72
f 94/6/77 93/9/76 92/6/75
f 93/9/76 94/6/77 95/9/78
f 92/6/81 93/9/80 94/6/79
f 95/9/82 94/6/79 93/9/80
f 98/7/85 97/6/84 96/6/83
f 97/6/84 98/7/85 99/7/86
f 96/6/89 97/6/88 98/7/87
f 99/7/90 98/7/87 97/6/88
f 101/7/92 88/6/67 100/6/91
f 88/6/67 101/7/92 90/7/69
f 100/6/94 88/6/73 101/7/93
f 90/7/71 101/7/93 88/6/73
f 104/9/97 103/6/96 102/6/95
f 103/6/96 104/9/97 105/9/98
f 102/6/101 103/6/100 104/9/99
f 105/9/102 104/9/99 103/6/100
f 108/7/105 107/7/104 106/7/103
f 107/7/104 108/7/105 109/7/106
f 106/7/109 107/7/108 108/7/107
f 109/7/110 108/7/107 107/7/108
f 110/6/111 101/7/92 100/6/91
f 101/7/92 110/6/111 111/7/112
f 100/6/94 101/7/93 110/6/113
f 111/7/114 110/6/113 101/7/93
f 113/7/116 98/7/85 112/7/115
f 98/7/85 113/7/116 99/7/86
f 112/7/118 98/7/87 113/7/117
f 99/7/90 113/7/117 98/7/87
f 114/6/119 99/7/86 113/7/116
f 99/7/86 114/6/119 97/6/84
f 113/7/117 99/7/90 114/6/120
f 97/6/88 114/6/120 99/7/90
f 114/6/119 112/7/115 115/6/121
f 112/7/115 114/6/119 113/7/116
f 115/6/122 112/7/118 114/6/120
f 113/7/117 114/6/120 112/7/118
f 117/6/124 108/7/105 116/6/123
f 108/7/105 117/6/124 109/7/106
f 116/6/126 108/7/107 117/6/125
f 109/7/110 117/6/125 108/7/107
f 112/7/115 96/6/83 115/6/121
f 96/6/83 112/7/115 98/7/85
f 115/6/122 96/6/89 112/7/118
f 98/7/87 112/7/118 96/6/89
f 101/7/92 91/7/70 90/7/69
f 91/7/70 101/7/92 111/7/112
f 90/7/71 91/7/74 101/7/93
f 111/7/114 101/7/93 91/7/74
f 109/7/106 118/6/127 107/7/104
f 118/6/127 109/7/106 117/6/124
f 107/7/108 118/6/128 109/7/110
f 117/6/125 109/7/110 118/6/128
f 95/9/78 103/6/96 105/9/98
f 103/6/96 95/9/78 94/6/77
f 105/9/102 103/6/100 95/9/82
f 94/6/79 95/9/82 103/6/100
f 106/7/103 118/6/127 119/6/129
f 118/6/127 106/7/103 107/7/104
f 119/6/130 118/6/128 106/7/109
f 107/7/108 106/7/109 118/6/128
f 92/6/75 104/9/97 102/6/95
f 104/9/97 92/6/75 93/9/76
f 102/6/101 104/9/99 92/6/81
f 93/9/80 92/6/81 104/9/99
f 93/9/76 105/9/98 104/9/97
f 105/9/98 93/9/76 95/9/78
f 104/9/99 105/9/102 93/9/80
f 95/9/82 93/9/80 105/9/102
f 116/6/123 106/7/103 119/6/129
f 106/7/103 116/6/123 108/7/105
f 119/6/130 106/7/109 116/6/126
f 108/7/107 116/6/126 106/7/109
f 91/7/70 110/6/111 89/6/68
f 110/6/111 91/7/70 111/7/112
f 89/6/72 110/6/113 91/7/74
f 111/7/114 91/7/74 110/6/113
f 122/9/97 121/6/96 120/6/95
f 121/6/96 122/9/97 123/9/98
f 120/6/101 121/6/100 122/9/99
f 123/9/102 122/9/99 121/6/100
f 124/9/76 123/9/98 122/9/97
f 123/9/98 124/9/76 125/9/78
f 122/9/99 123/9/102 124/9/80
f 125/9/82 124/9/80 123/9/102
f 127/6/77 124/9/76 126/6/75
f 124/9/76 127/6/77 125/9/78
f 126/6/81 124/9/80 127/6/79
f 125/9/82 127/6/79 124/9/80
f 126/6/75 122/9/97 120/6/95
f 122/9/97 126/6/75 124/9/76
f 120/6/101 122/9/99 126/6/81
f 124/9/80 126/6/81 122/9/99
f 125/9/78 121/6/96 123/9/98
f 121/6/96 125/9/78 127/6/77
f 123/9/102 121/6/100 125/9/82
f 127/6/79 125/9/82 121/6/100
f 130/9/59 129/6/44 128/6/65
f 129/6/44 130/9/59 131/9/43
f 128/6/66 129/6/48 130/9/62
f 131/9/49 130/9/62 129/6/48
f 132/9/45 129/6/44 131/9/43
f 129/6/44 132/9/45 133/6/46
f 131/9/49 129/6/48 132/9/47
f 133/6/50 132/9/47 129/6/48
f 133/6/46 135/9/60 134/6/63
f 135/9/60 133/6/46 132/9/45
f 134/6/64 135/9/61 133/6/50
f 132/9/47 133/6/50 135/9/61
f 134/6/63 130/9/59 128/6/65
f 130/9/59 134/6/63 135/9/60
f 128/6/66 130/9/62 134/6/64
f 135/9/61 134/6/64 130/9/62
f 135/9/60 131/9/43 130/9/59
f 131/9/43 135/9/60 132/9/45
f 130/9/62 131/9/49 135/9/61
f 132/9/47 135/9/61 131/9/49
f 138/9/60 137/9/43 136/9/59
f 137/9/43 138/9/60 139/9/45
f 136/9/62 137/9/49 138/9/61
f 139/9/47 138/9/61 137/9/49
f 141/6/46 138/9/60 140/6/63
f 138/9/60 141/6/46 139/9/45
f 140/6/64 138/9/61 141/6/50
f 139/9/47 141/6/50 138/9/61
f 140/6/63 136/9/59 142/6/65
f 136/9/59 140/6/63 138/9/60
f 142/6/66 136/9/62 140/6/64
f 138/9/61 140/6/64 136/9/62
f 136/9/59 143/6/44 142/6/65
f 143/6/44 136/9/59 137/9/43
f 142/6/66 143/6/48 136/9/62
f 137/9/49 136/9/62 143/6/48
f 139/9/45 143/6/44 137/9/43
f 143/6/44 139/9/45 141/6/46
f 137/9/49 143/6/48 139/9/47
f 141/6/50 139/9/47 143/6/48
f 146/7/133 145/6/132 144/6/131
f 145/6/132 146/7/133 147/7/134
f 144/6/137 145/6/136 146/7/135
f 147/7/138 146/7/135 145/6/136
f 150/7/141 149/7/140 148/7/139
f 149/7/140 150/7/141 151/7/142
f 148/7/145 149/7/144 150/7/143
f 151/7/146 150/7/143 149/7/144
f 148/7/139 153/6/148 152/6/147
f 153/6/148 148/7/139 149/7/140
f 152/6/150 153/6/149 148/7/145
f 149/7/144 148/7/145 153/6/149
f 154/6/151 148/7/139 152/6/147
f 148/7/139 154/6/151 150/7/141
f 152/6/150 148/7/145 154/6/152
f 150/7/143 154/6/152 148/7/145
f 157/8/45 156/6/44 155/8/43
f 156/6/44 157/8/45 158/6/46
f 155/8/49 156/6/48 157/8/47
f 158/6/50 157/8/47 156/6/48
f 160/8/59 156/6/44 159/6/65
f 156/6/44 160/8/59 155/8/43
f 159/6/66 156/6/48 160/8/62
f 155/8/49 160/8/62 156/6/48
f 162/7/154 144/6/131 161/6/153
f 144/6/131 162/7/154 146/7/133
f 161/6/156 144/6/137 162/7/155
f 146/7/135 162/7/155 144/6/137
f 164/6/158 147/7/134 163/7/157
f 147/7/134 164/6/158 145/6/132
f 163/7/160 147/7/138 164/6/159
f 145/6/136 164/6/159 147/7/138
f 154/6/151 151/7/142 150/7/141
f 151/7/142 154/6/151 165/6/161
f 150/7/143 151/7/146 154/6/152
f 165/6/162 154/6/152 151/7/146
f 166/8/60 155/8/43 160/8/59
f 155/8/43 166/8/60 157/8/45
f 160/8/62 155/8/49 166/8/61
f 157/8/47 166/8/61 155/8/49
f 167/6/63 160/8/59 159/6/65
f 160/8/59 167/6/63 166/8/60
f 159/6/66 160/8/62 167/6/64
f 166/8/61 167/6/64 160/8/62
f 149/7/140 165/6/161 153/6/148
f 165/6/161 149/7/140 151/7/142
f 153/6/149 165/6/162 149/7/144
f 151/7/146 149/7/144 165/6/162
f 158/6/46 166/8/60 167/6/63
f 166/8/60 158/6/46 157/8/45
f 167/6/64 166/8/61 158/6/50
f 157/8/47 158/6/50 166/8/61
f 163/7/157 146/7/133 162/7/154
f 146/7/133 163/7/157 147/7/134
f 162/7/155 146/7/135 163/7/160
f 147/7/138 163/7/160 146/7/135
f 164/6/158 162/7/154 161/6/153
f 162/7/154 164/6/158 163/7/157
f 161/6/156 162/7/155 164/6/159
f 163/7/160 164/6/159 162/7/155
f 170/11/165 169/10/164 168/10/163
f 169/10/164 170/11/165 171/11/166
f 168/10/169 169/10/168 170/11/167
f 171/11/170 170/11/167 169/10/168
f 174/10/173 173/11/172 172/11/171
f 173/11/172 174/10/173 175/10/174
f 172/11/177 173/11/176 174/10/175
f 175/10/178 174/10/175 173/11/176
f 170/11/165 177/10/180 176/11/179
f 177/10/180 170/11/165 168/10/163
f 176/11/182 177/10/181 170/11/167
f 168/10/169 170/11/167 177/10/181
f 176/11/179 179/6/184 178/6/183
f 179/6/184 176/11/179 180/11/185
f 178/6/187 179/6/186 176/11/182
f 180/11/188 176/11/182 179/6/186
f 180/11/185 181/6/189 179/6/184
f 181/6/189 180/11/185 172/11/171
f 179/6/186 181/6/190 180/11/188
f 172/11/177 180/11/188 181/6/190
f 176/11/179 182/10/191 180/11/185
f 182/10/191 176/11/179 177/10/180
f 180/11/188 182/10/192 176/11/182
f 177/10/181 176/11/182 182/10/192
f 184/6/194 171/11/166 183/6/193
f 171/11/166 184/6/194 173/11/172
f 183/6/196 171/11/170 184/6/195
f 173/11/176 184/6/195 171/11/170
f 172/11/171 184/6/194 181/6/189
f 184/6/194 172/11/171 173/11/172
f 181/6/190 184/6/195 172/11/177
f 173/11/176 172/11/177 184/6/195
f 169/10/164 173/11/172 175/10/174
f 173/11/172 169/10/164 171/11/166
f 175/10/178 173/11/176 169/10/168
f 171/11/170 169/10/168 173/11/176
f 182/10/191 172/11/171 180/11/185
f 172/11/171 182/10/191 174/10/173
f 180/11/188 172/11/177 182/10/192
f 174/10/175 182/10/192 172/11/177
f 181/6/2 178/6/2 179/6/2
f 178/6/2 181/6/2 185/6/2
f 185/6/2 181/6/2 184/6/2
f 185/6/2 184/6/2 183/6/2
f 179/6/1 178/6/1 181/6/1
f 185/6/1 181/6/1 178/6/1
f 184/6/1 181/6/1 185/6/1
f 183/6/1 184/6/1 185/6/1
f 170/11/165 178/6/183 185/6/197
f 178/6/183 170/11/165 176/11/179
f 185/6/198 178/6/187 170/11/167
f 176/11/182 170/11/167 178/6/187
f 183/6/193 170/11/165 185/6/197
f 170/11/165 183/6/193 171/11/166
f 185/6/198 170/11/167 183/6/196
f 171/11/170 183/6/196 170/11/167
f 177/10/180 174/10/173 182/10/191
f 174/10/173 177/10/180 168/10/163
f 174/10/173 168/10/163 175/10/174
f 175/10/174 168/10/163 169/10/164
f 182/10/192 174/10/175 177/10/181
f 168/10/169 177/10/181 174/10/175
f 175/10/178 168/10/169 174/10/175
f 169/10/168 168/10/169 175/10/178
f 188/11/201 187/10/200 186/10/199
f 187/10/200 188/11/201 189/11/202
f 186/10/205 187/10/204 188/11/203
f 189/11/206 188/11/203 187/10/204
f 192/10/209 191/11/208 190/11/207
f 191/11/208 192/10/209 193/10/210
f 190/11/213 191/11/212 192/10/211
f 193/10/214 192/10/211 191/11/212
f 188/11/201 195/10/216 194/11/215
f 195/10/216 188/11/201 186/10/199
f 194/11/218 195/10/217 188/11/203
f 186/10/205 188/11/203 195/10/217
f 194/11/215 197/6/220 196/6/219
f 197/6/220 194/11/215 198/11/221
f 196/6/223 197/6/222 194/11/218
f 198/11/224 194/11/218 197/6/222
f 198/11/221 199/6/225 197/6/220
f 199/6/225 198/11/221 190/11/207
f 197/6/222 199/6/226 198/11/224
f 190/11/213 198/11/224 199/6/226
f 194/11/215 200/10/227 198/11/221
f 200/10/227 194/11/215 195/10/216
f 198/11/224 200/10/228 194/11/218
f 195/10/217 194/11/218 200/10/228
f 202/6/230 189/11/202 201/6/229
f 189/11/202 202/6/230 191/11/208
f 201/6/232 189/11/206 202/6/231
f 191/11/212 202/6/231 189/11/206
f 190/11/207 202/6/230 199/6/225
f 202/6/230 190/11/207 191/11/208
f 199/6/226 202/6/231 190/11/213
f 191/11/212 190/11/213 202/6/231
f 187/10/200 191/11/208 193/10/210
f 191/11/208 187/10/200 189/11/202
f 193/10/214 191/11/212 187/10/204
f 189/11/206 187/10/204 191/11/212
f 200/10/227 190/11/207 198/11/221
f 190/11/207 200/10/227 192/10/209
f 198/11/224 190/11/213 200/10/228
f 192/10/211 200/10/228 190/11/213
f 199/6/2 196/6/2 197/6/2
f 196/6/2 199/6/2 203/6/2
f 203/6/2 199/6/2 202/6/2
f 203/6/2 202/6/2 201/6/2
f 197/6/1 196/6/1 199/6/1
f 203/6/1 199/6/1 196/6/1
f 202/6/1 199/6/1 203/6/1
f 201/6/1 202/6/1 203/6/1
f 188/11/201 196/6/219 203/6/233
f 196/6/219 188/11/201 194/11/215
f 203/6/234 196/6/223 188/11/203
f 194/11/218 188/11/203 196/6/223
f 201/6/229 188/11/201 203/6/233
f 188/11/201 201/6/229 189/11/202
f 203/6/234 188/11/203 201/6/232
f 189/11/206 201/6/232 188/11/203
f 195/10/216 192/10/209 200/10/227
f 192/10/209 195/10/216 186/10/199
f 192/10/209 186/10/199 193/10/210
f 193/10/210 186/10/199 187/10/200
f 200/10/228 192/10/211 195/10/217
f 186/10/205 195/10/217 192/10/211
f 193/10/214 186/10/205 192/10/211
f 187/10/204 186/10/205 193/10/214
f 206/11/237 205/10/236 204/10/235
f 205/10/236 206/11/237 207/11/238
f 204/10/241 205/10/240 206/11/239
f 207/11/242 206/11/239 205/10/240
f 210/10/245 209/11/244 208/11/243
f 209/11/244 210/10/245 211/10/246
f 208/11/249 209/11/248 210/10/247
f 211/10/250 210/10/247 209/11/248
f 206/11/237 213/10/252 212/11/251
f 213/10/252 206/11/237 204/10/235
f 212/11/254 213/10/253 206/11/239
f 204/10/241 206/11/239 213/10/253
f 212/11/251 215/6/256 214/6/255
f 215/6/256 212/11/251 216/11/257
f 214/6/259 215/6/258 212/11/254
f 216/11/260 212/11/254 215/6/258
f 216/11/257 217/6/261 215/6/256
f 217/6/261 216/11/257 208/11/243
f 215/6/258 217/6/262 216/11/260
f 208/11/249 216/11/260 217/6/262
f 212/11/251 218/10/263 216/11/257
f 218/10/263 212/11/251 213/10/252
f 216/11/260 218/10/264 212/11/254
f 213/10/253 212/11/254 218/10/264
f 220/6/266 207/11/238 219/6/265
f 207/11/238 220/6/266 209/11/244
f 219/6/268 207/11/242 220/6/267
f 209/11/248 220/6/267 207/11/242
f 208/11/243 220/6/266 217/6/261
f 220/6/266 208/11/243 209/11/244
f 217/6/262 220/6/267 208/11/249
f 209/11/248 208/11/249 220/6/267
f 205/10/236 209/11/244 211/10/246
f 209/11/244 205/10/236 207/11/238
f 211/10/250 209/11/248 205/10/240
f 207/11/242 205/10/240 209/11/248
f 218/10/263 208/11/243 216/11/257
f 208/11/243 218/10/263 210/10/245
f 216/11/260 208/11/249 218/10/264
f 210/10/247 218/10/264 208/11/249
f 217/6/2 214/6/2 215/6/2
f 214/6/2 217/6/2 221/6/2
f 221/6/2 217/6/2 220/6/2
f 221/6/2 220/6/2 219/6/2
f 215/6/1 214/6/1 217/6/1
f 221/6/1 217/6/1 214/6/1
f 220/6/1 217/6/1 221/6/1
f 219/6/1 220/6/1 221/6/1
f 206/11/237 214/6/255 221/6/269
f 214/6/255 206/11/237 212/11/251
f 221/6/270 214/6/259 206/11/239
f 212/11/254 206/11/239 214/6/259
f 219/6/265 206/11/237 221/6/269
f 206/11/237 219/6/265 207/11/238
f 221/6/270 206/11/239 219/6/268
f 207/11/242 219/6/268 206/11/239
f 213/10/252 210/10/245 218/10/263
f 210/10/245 213/10/252 204/10/235
f 210/10/245 204/10/235 211/10/246
f 211/10/246 204/10/235 205/10/236
f 218/10/264 210/10/247 213/10/253
f 204/10/241 213/10/253 210/10/247
f 211/10/250 204/10/241 210/10/247
f 205/10/240 204/10/241 211/10/250
f 224/7/133 223/6/132 222/6/131
f 223/6/132 224/7/133 225/7/134
f 222/6/137 223/6/136 224/7/135
f 225/7/138 224/7/135 223/6/136
f 228/7/105 227/7/104 226/7/103
f 227/7/104 228/7/105 229/7/106
f 226/7/109 227/7/108 228/7/107
f 229/7/110 228/7/107 227/7/108
f 231/7/157 224/7/133 230/7/154
f 224/7/133 231/7/157 225/7/134
f 230/7/155 224/7/135 231/7/160
f 225/7/138 231/7/160 224/7/135
f 234/8/45 233/6/44 232/8/43
f 233/6/44 234/8/45 235/6/46
f 232/8/49 233/6/48 234/8/47
f 235/6/50 234/8/47 233/6/48
f 237/8/60 232/8/43 236/8/59
f 232/8/43 237/8/60 234/8/45
f 236/8/62 232/8/49 237/8/61
f 234/8/47 237/8/61 232/8/49
f 236/8/59 233/6/44 238/6/65
f 233/6/44 236/8/59 232/8/43
f 238/6/66 233/6/48 236/8/62
f 232/8/49 236/8/62 233/6/48
f 230/7/154 222/6/131 239/6/153
f 222/6/131 230/7/154 224/7/133
f 239/6/156 222/6/137 230/7/155
f 224/7/135 230/7/155 222/6/137
f 240/6/158 225/7/134 231/7/157
f 225/7/134 240/6/158 223/6/132
f 231/7/160 225/7/138 240/6/159
f 223/6/136 240/6/159 225/7/138
f 243/9/76 242/9/98 241/9/97
f 242/9/98 243/9/76 244/9/78
f 241/9/99 242/9/102 243/9/80
f 244/9/82 243/9/80 242/9/102
f 244/9/78 245/6/96 242/9/98
f 245/6/96 244/9/78 246/6/77
f 242/9/102 245/6/100 244/9/82
f 246/6/79 244/9/82 245/6/100
f 248/6/75 241/9/97 247/6/95
f 241/9/97 248/6/75 243/9/76
f 247/6/101 241/9/99 248/6/81
f 243/9/80 248/6/81 241/9/99
f 246/6/77 243/9/76 248/6/75
f 243/9/76 246/6/77 244/9/78
f 248/6/81 243/9/80 246/6/79
f 244/9/82 246/6/79 243/9/80
f 229/7/106 249/6/127 227/7/104
f 249/6/127 229/7/106 250/6/124
f 227/7/108 249/6/128 229/7/110
f 250/6/125 229/7/110 249/6/128
f 250/6/124 228/7/105 251/6/123
f 228/7/105 250/6/124 229/7/106
f 251/6/126 228/7/107 250/6/125
f 229/7/110 250/6/125 228/7/107
f 226/7/103 249/6/127 252/6/129
f 249/6/127 226/7/103 227/7/104
f 252/6/130 249/6/128 226/7/109
f 227/7/108 226/7/109 249/6/128
f 255/6/46 254/9/60 253/6/63
f 254/9/60 255/6/46 256/9/45
f 253/6/64 254/9/61 255/6/50
f 256/9/47 255/6/50 254/9/61
f 251/6/123 226/7/103 252/6/129
f 226/7/103 251/6/123 228/7/105
f 252/6/130 226/7/109 251/6/126
f 228/7/107 251/6/126 226/7/109
f 254/9/60 258/9/43 257/9/59
f 258/9/43 254/9/60 256/9/45
f 257/9/62 258/9/49 254/9/61
f 256/9/47 254/9/61 258/9/49
f 259/6/63 236/8/59 238/6/65
f 236/8/59 259/6/63 237/8/60
f 238/6/66 236/8/62 259/6/64
f 237/8/61 259/6/64 236/8/62
f 257/9/59 261/6/44 260/6/65
f 261/6/44 257/9/59 258/9/43
f 260/6/66 261/6/48 257/9/62
f 258/9/49 257/9/62 261/6/48
f 241/9/97 245/6/96 247/6/95
f 245/6/96 241/9/97 242/9/98
f 247/6/101 245/6/100 241/9/99
f 242/9/102 241/9/99 245/6/100
f 235/6/46 237/8/60 259/6/63
f 237/8/60 235/6/46 234/8/45
f 259/6/64 237/8/61 235/6/50
f 234/8/47 235/6/50 237/8/61
f 253/6/63 257/9/59 260/6/65
f 257/9/59 253/6/63 254/9/60
f 260/6/66 257/9/62 253/6/64
f 254/9/61 253/6/64 257/9/62
f 240/6/158 230/7/154 239/6/153
f 230/7/154 240/6/158 231/7/157
f 239/6/156 230/7/155 240/6/159
f 231/7/160 240/6/159 230/7/155
f 264/6/46 263/9/60 262/6/63
f 263/9/60 264/6/46 265/9/45
f 262/6/64 263/9/61 264/6/50
f 265/9/47 264/6/50 263/9/61
f 256/9/45 261/6/44 258/9/43
f 261/6/44 256/9/45 255/6/46
f 258/9/49 261/6/48 256/9/47
f 255/6/50 256/9/47 261/6/48
f 263/9/60 267/9/43 266/9/59
f 267/9/43 263/9/60 265/9/45
f 266/9/62 267/9/49 263/9/61
f 265/9/47 263/9/61 267/9/49
f 265/9/45 268/6/44 267/9/43
f 268/6/44 265/9/45 264/6/46
f 267/9/49 268/6/48 265/9/47
f 264/6/50 265/9/47 268/6/48
f 262/6/63 266/9/59 269/6/65
f 266/9/59 262/6/63 263/9/60
f 269/6/66 266/9/62 262/6/64
f 263/9/61 262/6/64 266/9/62
f 266/9/59 268/6/44 269/6/65
f 268/6/44 266/9/59 267/9/43
f 269/6/66 268/6/48 266/9/62
f 267/9/49 266/9/62 268/6/48
f 272/7/141 271/7/140 270/7/139
f 271/7/140 272/7/141 273/7/142
f 270/7/145 271/7/144 272/7/143
f 273/7/146 272/7/143 271/7/144
f 270/7/139 275/6/148 274/6/147
f 275/6/148 270/7/139 271/7/140
f 274/6/150 275/6/149 270/7/145
f 271/7/144 270/7/145 275/6/149
f 276/6/151 270/7/139 274/6/147
f 270/7/139 276/6/151 272/7/141
f 274/6/150 270/7/145 276/6/152
f 272/7/143 276/6/152 270/7/145
f 271/7/140 277/6/161 275/6/148
f 277/6/161 271/7/140 273/7/142
f 275/6/149 277/6/162 271/7/144
f 273/7/146 271/7/144 277/6/162
f 276/6/151 273/7/142 272/7/141
f 273/7/142 276/6/151 277/6/161
f 272/7/143 273/7/146 276/6/152
f 277/6/162 276/6/152 273/7/146
f 280/6/111 279/7/92 278/6/91
f 279/7/92 280/6/111 281/7/112
f 278/6/94 279/7/93 280/6/113
f 281/7/114 280/6/113 279/7/93
f 279/7/92 283/7/70 282/7/69
f 283/7/70 279/7/92 281/7/112
f 282/7/71 283/7/74 279/7/93
f 281/7/114 279/7/93 283/7/74
f 279/7/92 284/6/67 278/6/91
f 284/6/67 279/7/92 282/7/69
f 278/6/94 284/6/73 279/7/93
f 282/7/71 279/7/93 284/6/73
f 283/7/70 280/6/111 285/6/68
f 280/6/111 283/7/70 281/7/112
f 285/6/72 280/6/113 283/7/74
f 281/7/114 283/7/74 280/6/113
f 282/7/69 285/6/68 284/6/67
f 285/6/68 282/7/69 283/7/70
f 284/6/73 285/6/72 282/7/71
f 283/7/74 282/7/71 285/6/72
f 288/9/76 287/9/98 286/9/97
f 287/9/98 288/9/76 289/9/78
f 286/9/99 287/9/102 288/9/80
f 289/9/82 288/9/80 287/9/102
f 289/9/78 290/6/96 287/9/98
f 290/6/96 289/9/78 291/6/77
f 287/9/102 290/6/100 289/9/82
f 291/6/79 289/9/82 290/6/100
f 294/7/116 293/7/85 292/7/115
f 293/7/85 294/7/116 295/7/86
f 292/7/118 293/7/87 294/7/117
f 295/7/90 294/7/117 293/7/87
f 292/7/115 297/6/83 296/6/121
f 297/6/83 292/7/115 293/7/85
f 296/6/122 297/6/89 292/7/118
f 293/7/87 292/7/118 297/6/89
f 286/9/97 290/6/96 298/6/95
f 290/6/96 286/9/97 287/9/98
f 298/6/101 290/6/100 286/9/99
f 287/9/102 286/9/99 290/6/100
f 291/6/77 288/9/76 299/6/75
f 288/9/76 291/6/77 289/9/78
f 299/6/81 288/9/80 291/6/79
f 289/9/82 291/6/79 288/9/80
f 293/7/85 300/6/84 297/6/83
f 300/6/84 293/7/85 295/7/86
f 297/6/89 300/6/88 293/7/87
f 295/7/90 293/7/87 300/6/88
f 301/6/119 292/7/115 296/6/121
f 292/7/115 301/6/119 294/7/116
f 296/6/122 292/7/118 301/6/120
f 294/7/117 301/6/120 292/7/118
f 301/6/119 295/7/86 294/7/116
f 295/7/86 301/6/119 300/6/84
f 294/7/117 295/7/90 301/6/120
f 300/6/88 301/6/120 295/7/90
f 299/6/75 286/9/97 298/6/95
f 286/9/97 299/6/75 288/9/76
f 298/6/101 286/9/99 299/6/81
f 288/9/80 299/6/81 286/9/99
f 304/7/133 303/6/132 302/6/131
f 303/6/132 304/7/133 305/7/134
f 302/6/137 303/6/136 304/7/135
f 305/7/138 304/7/135 303/6/136
f 308/7/105 307/7/104 306/7/103
f 307/7/104 308/7/105 309/7/106
f 306/7/109 307/7/108 308/7/107
f 309/7/110 308/7/107 307/7/108
f 311/7/157 304/7/133 310/7/154
f 304/7/133 311/7/157 305/7/134
f 310/7/155 304/7/135 311/7/160
f 305/7/138 311/7/160 304/7/135
f 314/8/45 313/6/44 312/8/43
f 313/6/44 314/8/45 315/6/46
f 312/8/49 313/6/48 314/8/47
f 315/6/50 314/8/47 313/6/48
f 317/8/60 312/8/43 316/8/59
f 312/8/43 317/8/60 314/8/45
f 316/8/62 312/8/49 317/8/61
f 314/8/47 317/8/61 312/8/49
f 316/8/59 313/6/44 318/6/65
f 313/6/44 316/8/59 312/8/43
f 318/6/66 313/6/48 316/8/62
f 312/8/49 316/8/62 313/6/48
f 310/7/154 302/6/131 319/6/153
f 302/6/131 310/7/154 304/7/133
f 319/6/156 302/6/137 310/7/155
f 304/7/135 310/7/155 302/6/137
f 320/6/158 305/7/134 311/7/157
f 305/7/134 320/6/158 303/6/132
f 311/7/160 305/7/138 320/6/159
f 303/6/136 320/6/159 305/7/138
f 323/9/76 322/9/98 321/9/97
f 322/9/98 323/9/76 324/9/78
f 321/9/99 322/9/102 323/9/80
f 324/9/82 323/9/80 322/9/102
f 324/9/78 325/6/96 322/9/98
f 325/6/96 324/9/78 326/6/77
f 322/9/102 325/6/100 324/9/82
f 326/6/79 324/9/82 325/6/100
f 328/6/75 321/9/97 327/6/95
f 321/9/97 328/6/75 323/9/76
f 327/6/101 321/9/99 328/6/81
f 323/9/80 328/6/81 321/9/99
f 326/6/77 323/9/76 328/6/75
f 323/9/76 326/6/77 324/9/78
f 328/6/81 323/9/80 326/6/79
f 324/9/82 326/6/79 323/9/80
f 309/7/106 329/6/127 307/7/104
f 329/6/127 309/7/106 330/6/124
f 307/7/108 329/6/128 309/7/110
f 330/6/125 309/7/110 329/6/128
f 330/6/124 308/7/105 331/6/123
f 308/7/105 330/6/124 309/7/106
f 331/6/126 308/7/107 330/6/125
f 309/7/110 330/6/125 308/7/107
f 306/7/103 329/6/127 332/6/129
f 329/6/127 306/7/103 307/7/104
f 332/6/130 329/6/128 306/7/109
f 307/7/108 306/7/109 329/6/128
f 335/6/46 334/9/60 333/6/63
f 334/9/60 335/6/46 336/9/45
f 333/6/64 334/9/61 335/6/50
f 336/9/47 335/6/50 334/9/61
f 331/6/123 306/7/103 332/6/129
f 306/7/103 331/6/123 308/7/105
f 332/6/130 306/7/109 331/6/126
f 308/7/107 331/6/126 306/7/109
f 334/9/60 338/9/43 337/9/59
f 338/9/43 334/9/60 336/9/45
f 337/9/62 338/9/49 334/9/61
f 336/9/47 334/9/61 338/9/49
f 339/6/63 316/8/59 318/6/65
f 316/8/59 339/6/63 317/8/60
f 318/6/66 316/8/62 339/6/64
f 317/8/61 339/6/64 316/8/62
f 337/9/59 341/6/44 340/6/65
f 341/6/44 337/9/59 338/9/43
f 340/6/66 341/6/48 337/9/62
f 338/9/49 337/9/62 341/6/48
f 321/9/97 325/6/96 327/6/95
f 325/6/96 321/9/97 322/9/98
f 327/6/101 325/6/100 321/9/99
f 322/9/102 321/9/99 325/6/100
f 315/6/46 317/8/60 339/6/63
f 317/8/60 315/6/46 314/8/45
f 339/6/64 317/8/61 315/6/50
f 314/8/47 315/6/50 317/8/61
f 333/6/63 337/9/59 340/6/65
f 337/9/59 333/6/63 334/9/60
f 340/6/66 337/9/62 333/6/64
f 334/9/61 333/6/64 337/9/62
f 320/6/158 310/7/154 319/6/153
f 310/7/154 320/6/158 311/7/157
f 319/6/156 310/7/155 320/6/159
f 311/7/160 320/6/159 310/7/155
f 344/6/46 343/9/60 342/6/63
f 343/9/60 344/6/46 345/9/45
f 342/6/64 343/9/61 344/6/50
f 345/9/47 344/6/50 343/9/61
f 336/9/45 341/6/44 338/9/43
f 341/6/44 336/9/45 335/6/46
f 338/9/49 341/6/48 336/9/47
f 335/6/50 336/9/47 341/6/48
f 343/9/60 347/9/43 346/9/59
f 347/9/43 343/9/60 345/9/45
f 346/9/62 347/9/49 343/9/61
f 345/9/47 343/9/61 347/9/49
f 345/9/45 348/6/44 347/9/43
f 348/6/44 345/9/45 344/6/46
f 347/9/49 348/6/48 345/9/47
f 344/6/50 345/9/47 348/6/48
f 342/6/63 346/9/59 349/6/65
f 346/9/59 342/6/63 343/9/60
f 349/6/66 346/9/62 342/6/64
f 343/9/61 342/6/64 346/9/62
f 346/9/59 348/6/44 349/6/65
f 348/6/44 346/9/59 347/9/43
f 349/6/66 348/6/48 346/9/62
f 347/9/49 346/9/62 348/6/48
f 352/7/141 351/7/140 350/7/139
f 351/7/140 352/7/141 353/7/142
f 350/7/145 351/7/144 352/7/143
f 353/7/146 352/7/143 351/7/144
f 350/7/139 355/6/148 354/6/147
f 355/6/148 350/7/139 351/7/140
f 354/6/150 355/6/149 350/7/145
f 351/7/144 350/7/145 355/6/149
f 356/6/151 350/7/139 354/6/147
f 350/7/139 356/6/151 352/7/141
f 354/6/150 350/7/145 356/6/152
f 352/7/143 356/6/152 350/7/145
f 351/7/140 357/6/161 355/6/148
f 357/6/161 351/7/140 353/7/142
f 355/6/149 357/6/162 351/7/144
f 353/7/146 351/7/144 357/6/162
f 356/6/151 353/7/142 352/7/141
f 353/7/142 356/6/151 357/6/161
f 352/7/143 353/7/146 356/6/152
f 357/6/162 356/6/152 353/7/146
f 360/6/111 359/7/92 358/6/91
f 359/7/92 360/6/111 361/7/112
f 358/6/94 359/7/93 360/6/113
f 361/7/114 360/6/113 359/7/93
f 359/7/92 363/7/70 362/7/69
f 363/7/70 359/7/92 361/7/112
f 362/7/71 363/7/74 359/7/93
f 361/7/114 359/7/93 363/7/74
f 359/7/92 364/6/67 358/6/91
f 364/6/67 359/7/92 362/7/69
f 358/6/94 364/6/73 359/7/93
f 362/7/71 359/7/93 364/6/73
f 363/7/70 360/6/111 365/6/68
f 360/6/111 363/7/70 361/7/112
f 365/6/72 360/6/113 363/7/74
f 361/7/114 363/7/74 360/6/113
f 362/7/69 365/6/68 364/6/67
f 365/6/68 362/7/69 363/7/70
f 364/6/73 365/6/72 362/7/71
f 363/7/74 362/7/71 365/6/72
f 368/9/76 367/9/98 366/9/97
f 367/9/98 368/9/76 369/9/78
f 366/9/99 367/9/102 368/9/80
f 369/9/82 368/9/80 367/9/102
f 369/9/78 370/6/96 367/9/98
f 370/6/96 369/9/78 371/6/77
f 367/9/102 370/6/100 369/9/82
f 371/6/79 369/9/82 370/6/100
f 374/7/116 373/7/85 372/7/115
f 373/7/85 374/7/116 375/7/86
f 372/7/118 373/7/87 374/7/117
f 375/7/90 374/7/117 373/7/87
f 372/7/115 377/6/83 376/6/121
f 377/6/83 372/7/115 373/7/85
f 376/6/122 377/6/89 372/7/118
f 373/7/87 372/7/118 377/6/89
f 366/9/97 370/6/96 378/6/95
f 370/6/96 366/9/97 367/9/98
f 378/6/101 370/6/100 366/9/99
f 367/9/102 366/9/99 370/6/100
f 371/6/77 368/9/76 379/6/75
f 368/9/76 371/6/77 369/9/78
f 379/6/81 368/9/80 371/6/79
f 369/9/82 371/6/79 368/9/80
f 373/7/85 380/6/84 377/6/83
f 380/6/84 373/7/85 375/7/86
f 377/6/89 380/6/88 373/7/87
f 375/7/90 373/7/87 380/6/88
f 381/6/119 372/7/115 376/6/121
f 372/7/115 381/6/119 374/7/116
f 376/6/122 372/7/118 381/6/120
f 374/7/117 381/6/120 372/7/118
f 381/6/119 375/7/86 374/7/116
f 375/7/86 381/6/119 380/6/84
f 374/7/117 375/7/90 381/6/120
f 380/6/88 381/6/120 375/7/90
f 379/6/75 366/9/97 378/6/95
f 366/9/97 379/6/75 368/9/76
f 378/6/101 366/9/99 379/6/81
f 368/9/80 379/6/81 366/9/99
f 384/7/133 383/6/132 382/6/131
f 383/6/132 384/7/133 385/7/134
f 382/6/137 383/6/136 384/7/135
f 385/7/138 384/7/135 383/6/136
f 388/7/105 387/7/104 386/7/103
f 387/7/104 388/7/105 389/7/106
f 386/7/109 387/7/108 388/7/107
f 389/7/110 388/7/107 387/7/108
f 391/7/157 384/7/133 390/7/154
f 384/7/133 391/7/157 385/7/134
f 390/7/155 384/7/135 391/7/160
f 385/7/138 391/7/160 384/7/135
f 394/8/45 393/6/44 392/8/43
f 393/6/44 394/8/45 395/6/46
f 392/8/49 393/6/48 394/8/47
f 395/6/50 394/8/47 393/6/48
f 397/8/60 392/8/43 396/8/59
f 392/8/43 397/8/60 394/8/45
f 396/8/62 392/8/49 397/8/61
f 394/8/47 397/8/61 392/8/49
f 396/8/59 393/6/44 398/6/65
f 393/6/44 396/8/59 392/8/43
f 398/6/66 393/6/48 396/8/62
f 392/8/49 396/8/62 393/6/48
f 390/7/154 382/6/131 399/6/153
f 382/6/131 390/7/154 384/7/133
f 399/6/156 382/6/137 390/7/155
f 384/7/135 390/7/155 382/6/137
f 400/6/158 385/7/134 391/7/157
f 385/7/134 400/6/158 383/6/132
f 391/7/160 385/7/138 400/6/159
f 383/6/136 400/6/159 385/7/138
f 403/9/76 402/9/98 401/9/97
f 402/9/98 403/9/76 404/9/78
f 401/9/99 402/9/102 403/9/80
f 404/9/82 403/9/80 402/9/102
f 404/9/78 405/6/96 402/9/98
f 405/6/96 404/9/78 406/6/77
f 402/9/102 405/6/100 404/9/82
f 406/6/79 404/9/82 405/6/100
f 408/6/75 401/9/97 407/6/95
f 401/9/97 408/6/75 403/9/76
f 407/6/101 401/9/99 408/6/81
f 403/9/80 408/6/81 401/9/99
f 406/6/77 403/9/76 408/6/75
f 403/9/76 406/6/77 404/9/78
f 408/6/81 403/9/80 406/6/79
f 404/9/82 406/6/79 403/9/80
f 389/7/106 409/6/127 387/7/104
f 409/6/127 389/7/106 410/6/124
f 387/7/108 409/6/128 389/7/110
f 410/6/125 389/7/110 409/6/128
f 410/6/124 388/7/105 411/6/123
f 388/7/105 410/6/124 389/7/106
f 411/6/126 388/7/107 410/6/125
f 389/7/110 410/6/125 388/7/107
f 386/7/103 409/6/127 412/6/129
f 409/6/127 386/7/103 387/7/104
f 412/6/130 409/6/128 386/7/109
f 387/7/108 386/7/109 409/6/128
f 415/6/46 414/9/60 413/6/63
f 414/9/60 415/6/46 416/9/45
f 413/6/64 414/9/61 415/6/50
f 416/9/47 415/6/50 414/9/61
f 411/6/123 386/7/103 412/6/129
f 386/7/103 411/6/123 388/7/105
f 412/6/130 386/7/109 411/6/126
f 388/7/107 411/6/126 386/7/109
f 414/9/60 418/9/43 417/9/59
f 418/9/43 414/9/60 416/9/45
f 417/9/62 418/9/49 414/9/61
f 416/9/47 414/9/61 418/9/49
f 419/6/63 396/8/59 398/6/65
f 396/8/59 419/6/63 397/8/60
f 398/6/66 396/8/62 419/6/64
f 397/8/61 419/6/64 396/8/62
f 417/9/59 421/6/44 420/6/65
f 421/6/44 417/9/59 418/9/43
f 420/6/66 421/6/48 417/9/62
f 418/9/49 417/9/62 421/6/48
f 401/9/97 405/6/96 407/6/95
f 405/6/96 401/9/97 402/9/98
f 407/6/101 405/6/100 401/9/99
f 402/9/102 401/9/99 405/6/100
f 395/6/46 397/8/60 419/6/63
f 397/8/60 395/6/46 394/8/45
f 419/6/64 397/8/61 395/6/50
f 394/8/47 395/6/50 397/8/61
f 413/6/63 417/9/59 420/6/65
f 417/9/59 413/6/63 414/9/60
f 420/6/66 417/9/62 413/6/64
f 414/9/61 413/6/64 417/9/62
f 400/6/158 390/7/154 399/6/153
f 390/7/154 400/6/158 391/7/157
f 399/6/156 390/7/155 400/6/159
f 391/7/160 400/6/159 390/7/155
f 424/6/46 423/9/60 422/6/63
f 423/9/60 424/6/46 425/9/45
f 422/6/64 423/9/61 424/6/50
f 425/9/47 424/6/50 423/9/61
f 416/9/45 421/6/44 418/9/43
f 421/6/44 416/9/45 415/6/46
f 418/9/49 421/6/48 416/9/47
f 415/6/50 416/9/47 421/6/48
f 423/9/60 427/9/43 426/9/59
f 427/9/43 423/9/60 425/9/45
f 426/9/62 427/9/49 423/9/61
f 425/9/47 423/9/61 427/9/49
f 425/9/45 428/6/44 427/9/43
f 428/6/44 425/9/45 424/6/46
f 427/9/49 428/6/48 425/9/47
f 424/6/50 425/9/47 428/6/48
f 422/6/63 426/9/59 429/6/65
f 426/9/59 422/6/63 423/9/60
f 429/6/66 426/9/62 422/6/64
f 423/9/61 422/6/64 426/9/62
f 426/9/59 428/6/44 429/6/65
f 428/6/44 426/9/59 427/9/43
f 429/6/66 428/6/48 426/9/62
f 427/9/49 426/9/62 428/6/48
f 432/7/141 431/7/140 430/7/139
f 431/7/140 432/7/141 433/7/142
f 430/7/145 431/7/144 432/7/143
f 433/7/146 432/7/143 431/7/144
f 430/7/139 435/6/148 434/6/147
f 435/6/148 430/7/139 431/7/140
f 434/6/150 435/6/149 430/7/145
f 431/7/144 430/7/145 435/6/149
f 436/6/151 430/7/139 434/6/147
f 430/7/139 436/6/151 432/7/141
f 434/6/150 430/7/145 436/6/152
f 432/7/143 436/6/152 430/7/145
f 431/7/140 437/6/161 435/6/148
f 437/6/161 431/7/140 433/7/142
f 435/6/149 437/6/162 431/7/144
f 433/7/146 431/7/144 437/6/162
f 436/6/151 433/7/142 432/7/141
f 433/7/142 436/6/151 437/6/161
f 432/7/143 433/7/146 436/6/152
f 437/6/162 436/6/152 433/7/146
f 440/6/111 439/7/92 438/6/91
f 439/7/92 440/6/111 441/7/112
f 438/6/94 439/7/93 440/6/113
f 441/7/114 440/6/113 439/7/93
f 439/7/92 443/7/70 442/7/69
f 443/7/70 439/7/92 441/7/112
f 442/7/71 443/7/74 439/7/93
f 441/7/114 439/7/93 443/7/74
f 439/7/92 444/6/67 438/6/91
f 444/6/67 439/7/92 442/7/69
f 438/6/94 444/6/73 439/7/93
f 442/7/71 439/7/93 444/6/73
f 443/7/70 440/6/111 445/6/68
f 440/6/111 443/7/70 441/7/112
f 445/6/72 440/6/113 443/7/74
f 441/7/114 443/7/74 440/6/113
f 442/7/69 445/6/68 444/6/67
f 445/6/68 442/7/69 443/7/70
f 444/6/73 445/6/72 442/7/71
f 443/7/74 442/7/71 445/6/72
f 448/9/76 447/9/98 446/9/97
f 447/9/98 448/9/76 449/9/78
f 446/9/99 447/9/102 448/9/80
f 449/9/82 448/9/80 447/9/102
f 449/9/78 450/6/96 447/9/98
f 450/6/96 449/9/78 451/6/77
f 447/9/102 450/6/100 449/9/82
f 451/6/79 449/9/82 450/6/100
f 454/7/116 453/7/85 452/7/115
f 453/7/85 454/7/116 455/7/86
f 452/7/118 453/7/87 454/7/117
f 455/7/90 454/7/117 453/7/87
f 452/7/115 457/6/83 456/6/121
f 457/6/83 452/7/115 453/7/85
f 456/6/122 457/6/89 452/7/118
f 453/7/87 452/7/118 457/6/89
f 446/9/97 450/6/96 458/6/95
f 450/6/96 446/9/97 447/9/98
f 458/6/101 450/6/100 446/9/99
f 447/9/102 446/9/99 450/6/100
f 451/6/77 448/9/76 459/6/75
f 448/9/76 451/6/77 449/9/78
f 459/6/81 448/9/80 451/6/79
f 449/9/82 451/6/79 448/9/80
f 453/7/85 460/6/84 457/6/83
f 460/6/84 453/7/85 455/7/86
f 457/6/89 460/6/88 453/7/87
f 455/7/90 453/7/87 460/6/88
f 461/6/119 452/7/115 456/6/121
f 452/7/115 461/6/119 454/7/116
f 456/6/122 452/7/118 461/6/120
f 454/7/117 461/6/120 452/7/118
f 461/6/119 455/7/86 454/7/116
f 455/7/86 461/6/119 460/6/84
f 454/7/117 455/7/90 461/6/120
f 460/6/88 461/6/120 455/7/90
f 459/6/75 446/9/97 458/6/95
f 446/9/97 459/6/75 448/9/76
f 458/6/101 446/9/99 459/6/81
f 448/9/80 459/6/81 446/9/99
f 464/13/157 463/12/153 462/12/158
f 463/12/153 464/13/157 465/13/154
f 462/12/159 463/12/156 464/13/160
f 465/13/155 464/13/160 463/12/156
f 468/13/104 467/13/105 466/13/106
f 467/13/105 468/13/104 469/13/103
f 466/13/110 467/13/107 468/13/108
f 469/13/109 468/13/108 467/13/107
f 471/13/133 464/13/157 470/13/134
f 464/13/157 471/13/133 465/13/154
f 470/13/138 464/13/160 471/13/135
f 465/13/155 471/13/135 464/13/160
f 474/10/59 473/12/63 472/10/60
f 473/12/63 474/10/59 475/12/65
f 472/10/61 473/12/64 474/10/62
f 475/12/66 474/10/62 473/12/64
f 477/10/43 472/10/60 476/10/45
f 472/10/60 477/10/43 474/10/59
f 476/10/47 472/10/61 477/10/49
f 474/10/62 477/10/49 472/10/61
f 476/10/45 473/12/63 478/12/46
f 473/12/63 476/10/45 472/10/60
f 478/12/50 473/12/64 476/10/47
f 472/10/61 476/10/47 473/12/64
f 470/13/134 462/12/158 479/12/132
f 462/12/158 470/13/134 464/13/157
f 479/12/136 462/12/159 470/13/138
f 464/13/160 470/13/138 462/12/159
f 480/12/131 465/13/154 471/13/133
f 465/13/154 480/12/131 463/12/153
f 471/13/135 465/13/155 480/12/137
f 463/12/156 480/12/137 465/13/155
f 483/14/98 482/14/76 481/14/78
f 482/14/76 483/14/98 484/14/97
f 481/14/82 482/14/80 483/14/102
f 484/14/99 483/14/102 482/14/80
f 484/14/97 485/12/75 482/14/76
f 485/12/75 484/14/97 486/12/95
f 482/14/80 485/12/81 484/14/99
f 486/12/101 484/14/99 485/12/81
f 488/12/96 481/14/78 487/12/77
f 481/14/78 488/12/96 483/14/98
f 487/12/79 481/14/82 488/12/100
f 483/14/102 488/12/100 481/14/82
f 486/12/95 483/14/98 488/12/96
f 483/14/98 486/12/95 484/14/97
f 488/12/100 483/14/102 486/12/101
f 484/14/99 486/12/101 483/14/102
f 469/13/103 489/12/271 467/13/105
f 489/12/271 469/13/103 490/12/272
f 467/13/107 489/12/273 469/13/109
f 490/12/274 469/13/109 489/12/273
f 490/12/272 468/13/104 491/12/275
f 468/13/104 490/12/272 469/13/103
f 491/12/276 468/13/108 490/12/274
f 469/13/109 490/12/274 468/13/108
f 466/13/106 489/12/271 492/12/277
f 489/12/271 466/13/106 467/13/105
f 492/12/278 489/12/273 466/13/110
f 467/13/107 466/13/110 489/12/273
f 495/12/65 494/14/43 493/12/44
f 494/14/43 495/12/65 496/14/59
f 493/12/48 494/14/49 495/12/66
f 496/14/62 495/12/66 494/14/49
f 491/12/275 466/13/106 492/12/277
f 466/13/106 491/12/275 468/13/104
f 492/12/278 466/13/110 491/12/276
f 468/13/108 491/12/276 466/13/110
f 494/14/43 498/14/60 497/14/45
f 498/14/60 494/14/43 496/14/59
f 497/14/47 498/14/61 494/14/49
f 496/14/62 494/14/49 498/14/61
f 499/12/44 476/10/45 478/12/46
f 476/10/45 499/12/44 477/10/43
f 478/12/50 476/10/47 499/12/48
f 477/10/49 499/12/48 476/10/47
f 497/14/45 501/12/63 500/12/46
f 501/12/63 497/14/45 498/14/60
f 500/12/50 501/12/64 497/14/47
f 498/14/61 497/14/47 501/12/64
f 481/14/78 485/12/75 487/12/77
f 485/12/75 481/14/78 482/14/76
f 487/12/79 485/12/81 481/14/82
f 482/14/80 481/14/82 485/12/81
f 475/12/65 477/10/43 499/12/44
f 477/10/43 475/12/65 474/10/59
f 499/12/48 477/10/49 475/12/66
f 474/10/62 475/12/66 477/10/49
f 493/12/44 497/14/45 500/12/46
f 497/14/45 493/12/44 494/14/43
f 500/12/50 497/14/47 493/12/48
f 494/14/49 493/12/48 497/14/47
f 480/12/131 470/13/134 479/12/132
f 470/13/134 480/12/131 471/13/133
f 479/12/136 470/13/138 480/12/137
f 471/13/135 480/12/137 470/13/138
f 504/12/65 503/14/43 502/12/44
f 503/14/43 504/12/65 505/14/59
f 502/12/48 503/14/49 504/12/66
f 505/14/62 504/12/66 503/14/49
f 496/14/59 501/12/63 498/14/60
f 501/12/63 496/14/59 495/12/65
f 498/14/61 501/12/64 496/14/62
f 495/12/66 496/14/62 501/12/64
f 503/14/43 507/14/60 506/14/45
f 507/14/60 503/14/43 505/14/59
f 506/14/47 507/14/61 503/14/49
f 505/14/62 503/14/49 507/14/61
f 505/14/59 508/12/63 507/14/60
f 508/12/63 505/14/59 504/12/65
f 507/14/61 508/12/64 505/14/62
f 504/12/66 505/14/62 508/12/64
f 502/12/44 506/14/45 509/12/46
f 506/14/45 502/12/44 503/14/43
f 509/12/50 506/14/47 502/12/48
f 503/14/49 502/12/48 506/14/47
f 506/14/45 508/12/63 509/12/46
f 508/12/63 506/14/45 507/14/60
f 509/12/50 508/12/64 506/14/47
f 507/14/61 506/14/47 508/12/64
f 512/13/140 511/13/141 510/13/142
f 511/13/141 512/13/140 513/13/139
f 510/13/146 511/13/143 512/13/144
f 513/13/145 512/13/144 511/13/143
f 510/13/142 515/12/151 514/12/161
f 515/12/151 510/13/142 511/13/141
f 514/12/162 515/12/152 510/13/146
f 511/13/143 510/13/146 515/12/152
f 516/12/148 510/13/142 514/12/161
f 510/13/142 516/12/148 512/13/140
f 514/12/162 510/13/146 516/12/149
f 512/13/144 516/12/149 510/13/146
f 511/13/141 517/12/147 515/12/151
f 517/12/147 511/13/141 513/13/139
f 515/12/152 517/12/150 511/13/143
f 513/13/145 511/13/143 517/12/150
f 516/12/148 513/13/139 512/13/140
f 513/13/139 516/12/148 517/12/147
f 512/13/144 513/13/145 516/12/149
f 517/12/150 516/12/149 513/13/145
f 520/12/67 519/13/70 518/12/68
f 519/13/70 520/12/67 521/13/69
f 518/12/72 519/13/74 520/12/73
f 521/13/71 520/12/73 519/13/74
f 519/13/70 523/13/92 522/13/112
f 523/13/92 519/13/70 521/13/69
f 522/13/114 523/13/93 519/13/74
f 521/13/71 519/13/74 523/13/93
f 519/13/70 524/12/111 518/12/68
f 524/12/111 519/13/70 522/13/112
f 518/12/72 524/12/113 519/13/74
f 522/13/114 519/13/74 524/12/113
f 523/13/92 520/12/67 525/12/91
f 520/12/67 523/13/92 521/13/69
f 525/12/94 520/12/73 523/13/93
f 521/13/71 523/13/93 520/12/73
f 522/13/112 525/12/91 524/12/111
f 525/12/91 522/13/112 523/13/92
f 524/12/113 525/12/94 522/13/114
f 523/13/93 522/13/114 525/12/94
f 528/14/98 527/14/76 526/14/78
f 527/14/76 528/14/98 529/14/97
f 526/14/82 527/14/80 528/14/102
f 529/14/99 528/14/102 527/14/80
f 529/14/97 530/12/75 527/14/76
f 530/12/75 529/14/97 531/12/95
f 527/14/80 530/12/81 529/14/99
f 531/12/101 529/14/99 530/12/81
f 534/13/85 533/13/116 532/13/86
f 533/13/116 534/13/85 535/13/115
f 532/13/90 533/13/117 534/13/87
f 535/13/118 534/13/87 533/13/117
f 532/13/86 537/12/119 536/12/84
f 537/12/119 532/13/86 533/13/116
f 536/12/88 537/12/120 532/13/90
f 533/13/117 532/13/90 537/12/120
f 526/14/78 530/12/75 538/12/77
f 530/12/75 526/14/78 527/14/76
f 538/12/79 530/12/81 526/14/82
f 527/14/80 526/14/82 530/12/81
f 531/12/95 528/14/98 539/12/96
f 528/14/98 531/12/95 529/14/97
f 539/12/100 528/14/102 531/12/101
f 529/14/99 531/12/101 528/14/102
f 533/13/116 540/12/121 537/12/119
f 540/12/121 533/13/116 535/13/115
f 537/12/120 540/12/122 533/13/117
f 535/13/118 533/13/117 540/12/122
f 541/12/83 532/13/86 536/12/84
f 532/13/86 541/12/83 534/13/85
f 536/12/88 532/13/90 541/12/89
f 534/13/87 541/12/89 532/13/90
f 541/12/83 535/13/115 534/13/85
f 535/13/115 541/12/83 540/12/121
f 534/13/87 535/13/118 541/12/89
f 540/12/122 541/12/89 535/13/118
f 539/12/96 526/14/78 538/12/77
f 526/14/78 539/12/96 528/14/98
f 538/12/79 526/14/82 539/12/100
f 528/14/102 539/12/100 526/14/82
f 544/13/133 543/12/132 542/12/131
f 543/12/132 544/13/133 545/13/134
f 542/12/137 543/12/136 544/13/135
f 545/13/138 544/13/135 543/12/136
f 548/13/105 547/13/104 546/13/103
f 547/13/104 548/13/105 549/13/106
f 546/13/109 547/13/108 548/13/107
f 549/13/110 548/13/107 547/13/108
f 551/13/157 544/13/133 550/13/154
f 544/13/133 551/13/157 545/13/134
f 550/13/155 544/13/135 551/13/160
f 545/13/138 551/13/160 544/13/135
f 554/10/45 553/12/44 552/10/43
f 553/12/44 554/10/45 555/12/46
f 552/10/49 553/12/48 554/10/47
f 555/12/50 554/10/47 553/12/48
f 557/10/60 552/10/43 556/10/59
f 552/10/43 557/10/60 554/10/45
f 556/10/62 552/10/49 557/10/61
f 554/10/47 557/10/61 552/10/49
f 556/10/59 553/12/44 558/12/65
f 553/12/44 556/10/59 552/10/43
f 558/12/66 553/12/48 556/10/62
f 552/10/49 556/10/62 553/12/48
f 550/13/154 542/12/131 559/12/153
f 542/12/131 550/13/154 544/13/133
f 559/12/156 542/12/137 550/13/155
f 544/13/135 550/13/155 542/12/137
f 560/12/158 545/13/134 551/13/157
f 545/13/134 560/12/158 543/12/132
f 551/13/160 545/13/138 560/12/159
f 543/12/136 560/12/159 545/13/138
f 563/14/76 562/14/98 561/14/97
f 562/14/98 563/14/76 564/14/78
f 561/14/99 562/14/102 563/14/80
f 564/14/82 563/14/80 562/14/102
f 564/14/78 565/12/96 562/14/98
f 565/12/96 564/14/78 566/12/77
f 562/14/102 565/12/100 564/14/82
f 566/12/79 564/14/82 565/12/100
f 568/12/75 561/14/97 567/12/95
f 561/14/97 568/12/75 563/14/76
f 567/12/101 561/14/99 568/12/81
f 563/14/80 568/12/81 561/14/99
f 566/12/77 563/14/76 568/12/75
f 563/14/76 566/12/77 564/14/78
f 568/12/81 563/14/80 566/12/79
f 564/14/82 566/12/79 563/14/80
f 549/13/106 569/12/127 547/13/104
f 569/12/127 549/13/106 570/12/124
f 547/13/108 569/12/128 549/13/110
f 570/12/125 549/13/110 569/12/128
f 570/12/124 548/13/105 571/12/123
f 548/13/105 570/12/124 549/13/106
f 571/12/126 548/13/107 570/12/125
f 549/13/110 570/12/125 548/13/107
f 546/13/103 569/12/127 572/12/129
f 569/12/127 546/13/103 547/13/104
f 572/12/130 569/12/128 546/13/109
f 547/13/108 546/13/109 569/12/128
f 575/12/46 574/14/60 573/12/63
f 574/14/60 575/12/46 576/14/45
f 573/12/64 574/14/61 575/12/50
f 576/14/47 575/12/50 574/14/61
f 571/12/123 546/13/103 572/12/129
f 546/13/103 571/12/123 548/13/105
f 572/12/130 546/13/109 571/12/126
f 548/13/107 571/12/126 546/13/109
f 574/14/60 578/14/43 577/14/59
f 578/14/43 574/14/60 576/14/45
f 577/14/62 578/14/49 574/14/61
f 576/14/47 574/14/61 578/14/49
f 579/12/63 556/10/59 558/12/65
f 556/10/59 579/12/63 557/10/60
f 558/12/66 556/10/62 579/12/64
f 557/10/61 579/12/64 556/10/62
f 577/14/59 581/12/44 580/12/65
f 581/12/44 577/14/59 578/14/43
f 580/12/66 581/12/48 577/14/62
f 578/14/49 577/14/62 581/12/48
f 561/14/97 565/12/96 567/12/95
f 565/12/96 561/14/97 562/14/98
f 567/12/101 565/12/100 561/14/99
f 562/14/102 561/14/99 565/12/100
f 555/12/46 557/10/60 579/12/63
f 557/10/60 555/12/46 554/10/45
f 579/12/64 557/10/61 555/12/50
f 554/10/47 555/12/50 557/10/61
f 573/12/63 577/14/59 580/12/65
f 577/14/59 573/12/63 574/14/60
f 580/12/66 577/14/62 573/12/64
f 574/14/61 573/12/64 577/14/62
f 560/12/158 550/13/154 559/12/153
f 550/13/154 560/12/158 551/13/157
f 559/12/156 550/13/155 560/12/159
f 551/13/160 560/12/159 550/13/155
f 584/12/46 583/14/60 582/12/63
f 583/14/60 584/12/46 585/14/45
f 582/12/64 583/14/61 584/12/50
f 585/14/47 584/12/50 583/14/61
f 576/14/45 581/12/44 578/14/43
f 581/12/44 576/14/45 575/12/46
f 578/14/49 581/12/48 576/14/47
f 575/12/50 576/14/47 581/12/48
f 583/14/60 587/14/43 586/14/59
f 587/14/43 583/14/60 585/14/45
f 586/14/62 587/14/49 583/14/61
f 585/14/47 583/14/61 587/14/49
f 585/14/45 588/12/44 587/14/43
f 588/12/44 585/14/45 584/12/46
f 587/14/49 588/12/48 585/14/47
f 584/12/50 585/14/47 588/12/48
f 582/12/63 586/14/59 589/12/65
f 586/14/59 582/12/63 583/14/60
f 589/12/66 586/14/62 582/12/64
f 583/14/61 582/12/64 586/14/62
f 586/14/59 588/12/44 589/12/65
f 588/12/44 586/14/59 587/14/43
f 589/12/66 588/12/48 586/14/62
f 587/14/49 586/14/62 588/12/48
f 592/13/141 591/13/140 590/13/139
f 591/13/140 592/13/141 593/13/142
f 590/13/145 591/13/144 592/13/143
f 593/13/146 592/13/143 591/13/144
f 590/13/139 595/12/148 594/12/147
f 595/12/148 590/13/139 591/13/140
f 594/12/150 595/12/149 590/13/145
f 591/13/144 590/13/145 595/12/149
f 596/12/151 590/13/139 594/12/147
f 590/13/139 596/12/151 592/13/141
f 594/12/150 590/13/145 596/12/152
f 592/13/143 596/12/152 590/13/145
f 591/13/140 597/12/161 595/12/148
f 597/12/161 591/13/140 593/13/142
f 595/12/149 597/12/162 591/13/144
f 593/13/146 591/13/144 597/12/162
f 596/12/151 593/13/142 592/13/141
f 593/13/142 596/12/151 597/12/161
f 592/13/143 593/13/146 596/12/152
f 597/12/162 596/12/152 593/13/146
f 600/12/111 599/13/92 598/12/91
f 599/13/92 600/12/111 601/13/112
f 598/12/94 599/13/93 600/12/113
f 601/13/114 600/12/113 599/13/93
f 599/13/92 603/13/70 602/13/69
f 603/13/70 599/13/92 601/13/112
f 602/13/71 603/13/74 599/13/93
f 601/13/114 599/13/93 603/13/74
f 599/13/92 604/12/67 598/12/91
f 604/12/67 599/13/92 602/13/69
f 598/12/94 604/12/73 599/13/93
f 602/13/71 599/13/93 604/12/73
f 603/13/70 600/12/111 605/12/68
f 600/12/111 603/13/70 601/13/112
f 605/12/72 600/12/113 603/13/74
f 601/13/114 603/13/74 600/12/113
f 602/13/69 605/12/68 604/12/67
f 605/12/68 602/13/69 603/13/70
f 604/12/73 605/12/72 602/13/71
f 603/13/74 602/13/71 605/12/72
f 608/14/76 607/14/98 606/14/97
f 607/14/98 608/14/76 609/14/78
f 606/14/99 607/14/102 608/14/80
f 609/14/82 608/14/80 607/14/102
f 609/14/78 610/12/96 607/14/98
f 610/12/96 609/14/78 611/12/77
f 607/14/102 610/12/100 609/14/82
f 611/12/79 609/14/82 610/12/100
f 614/13/116 613/13/85 612/13/115
f 613/13/85 614/13/116 615/13/86
f 612/13/118 613/13/87 614/13/117
f 615/13/90 614/13/117 613/13/87
f 612/13/115 617/12/83 616/12/121
f 617/12/83 612/13/115 613/13/85
f 616/12/122 617/12/89 612/13/118
f 613/13/87 612/13/118 617/12/89
f 606/14/97 610/12/96 618/12/95
f 610/12/96 606/14/97 607/14/98
f 618/12/101 610/12/100 606/14/99
f 607/14/102 606/14/99 610/12/100
f 611/12/77 608/14/76 619/12/75
f 608/14/76 611/12/77 609/14/78
f 619/12/81 608/14/80 611/12/79
f 609/14/82 611/12/79 608/14/80
f 613/13/85 620/12/84 617/12/83
f 620/12/84 613/13/85 615/13/86
f 617/12/89 620/12/88 613/13/87
f 615/13/90 613/13/87 620/12/88
f 621/12/119 612/13/115 616/12/121
f 612/13/115 621/12/119 614/13/116
f 616/12/122 612/13/118 621/12/120
f 614/13/117 621/12/120 612/13/118
f 621/12/119 615/13/86 614/13/116
f 615/13/86 621/12/119 620/12/84
f 614/13/117 615/13/90 621/12/120
f 620/12/88 621/12/120 615/13/90
f 619/12/75 606/14/97 618/12/95
f 606/14/97 619/12/75 608/14/76
f 618/12/101 606/14/99 619/12/81
f 608/14/80 619/12/81 606/14/99
f 624/8/22 623/6/31 622/6/20
f 623/6/31 624/8/22 625/8/32
f 622/6/24 623/6/33 624/8/26
f 625/8/34 624/8/26 623/6/33
f 628/7/6 627/6/15 626/6/4
f 627/6/15 628/7/6 629/7/16
f 626/6/8 627/6/18 628/7/10
f 629/7/17 628/7/10 627/6/18
f 632/8/28 631/6/19 630/6/27
f 631/6/19 632/8/28 633/8/21
f 630/6/30 631/6/25 632/8/29
f 633/8/23 632/8/29 631/6/25
f 623/6/31 632/8/28 630/6/27
f 632/8/28 623/6/31 625/8/32
f 630/6/30 632/8/29 623/6/33
f 625/8/34 623/6/33 632/8/29
f 628/7/6 634/7/12 629/7/16
f 634/7/12 628/7/6 635/7/5
f 629/7/17 634/7/14 628/7/10
f 635/7/7 628/7/10 634/7/14
f 629/7/16 636/6/11 627/6/15
f 636/6/11 629/7/16 634/7/12
f 627/6/18 636/6/13 629/7/17
f 634/7/14 629/7/17 636/6/13
f 632/8/28 624/8/22 633/8/21
f 624/8/22 632/8/28 625/8/32
f 633/8/23 624/8/26 632/8/29
f 625/8/34 632/8/29 624/8/26
f 635/7/5 626/6/4 637/6/3
f 626/6/4 635/7/5 628/7/6
f 637/6/9 626/6/8 635/7/7
f 628/7/10 635/7/7 626/6/8
f 636/6/11 635/7/5 637/6/3
f 635/7/5 636/6/11 634/7/12
f 637/6/9 635/7/7 636/6/13
f 634/7/14 636/6/13 635/7/7
f 633/8/21 622/6/20 631/6/19
f 622/6/20 633/8/21 624/8/22
f 631/6/25 622/6/24 633/8/23
f 624/8/26 633/8/23 622/6/24
f 640/6/63 639/7/59 638/6/65
f 639/7/59 640/6/63 641/7/60
f 638/6/66 639/7/62 640/6/64
f 641/7/61 640/6/64 639/7/62
f 642/6/46 641/7/60 640/6/63
f 641/7/60 642/6/46 643/7/45
f 640/6/64 641/7/61 642/6/50
f 643/7/47 642/6/50 641/7/61
f 646/8/56 645/6/35 644/6/55
f 645/6/35 646/8/56 647/8/37
f 644/6/58 645/6/41 646/8/57
f 647/8/39 646/8/57 645/6/41
f 646/8/56 648/8/38 647/8/37
f 648/8/38 646/8/56 649/8/52
f 647/8/39 648/8/42 646/8/57
f 649/8/54 646/8/57 648/8/42
f 643/7/45 651/6/44 650/7/43
f 651/6/44 643/7/45 642/6/46
f 650/7/49 651/6/48 643/7/47
f 642/6/50 643/7/47 651/6/48
f 647/8/37 652/6/36 645/6/35
f 652/6/36 647/8/37 648/8/38
f 645/6/41 652/6/40 647/8/39
f 648/8/42 647/8/39 652/6/40
f 641/7/60 650/7/43 639/7/59
f 650/7/43 641/7/60 643/7/45
f 639/7/62 650/7/49 641/7/61
f 643/7/47 641/7/61 650/7/49
f 653/6/51 646/8/56 644/6/55
f 646/8/56 653/6/51 649/8/52
f 644/6/58 646/8/57 653/6/53
f 649/8/54 653/6/53 646/8/57
f 639/7/59 651/6/44 638/6/65
f 651/6/44 639/7/59 650/7/43
f 638/6/66 651/6/48 639/7/62
f 650/7/49 639/7/62 651/6/48
f 648/8/38 653/6/51 652/6/36
f 653/6/51 648/8/38 649/8/52
f 652/6/40 653/6/53 648/8/42
f 649/8/54 648/8/42 653/6/53
f 656/6/281 655/7/280 654/6/279
f 655/7/280 656/6/281 657/7/282
f 654/6/285 655/7/284 656/6/283
f 657/7/286 656/6/283 655/7/284
f 657/7/282 658/7/287 655/7/280
f 658/7/287 657/7/282 659/7/288
f 655/7/284 658/7/289 657/7/286
f 659/7/290 657/7/286 658/7/289
f 655/7/280 660/6/291 654/6/279
f 660/6/291 655/7/280 658/7/287
f 654/6/285 660/6/292 655/7/284
f 658/7/289 655/7/284 660/6/292
f 661/6/293 657/7/282 656/6/281
f 657/7/282 661/6/293 659/7/288
f 656/6/283 657/7/286 661/6/294
f 659/7/290 661/6/294 657/7/286
f 659/7/288 660/6/291 658/7/287
f 660/6/291 659/7/288 661/6/293
f 658/7/289 660/6/292 659/7/290
f 661/6/294 659/7/290 660/6/292
f 664/15/297 663/16/296 662/15/295
f 662/15/300 663/16/299 664/15/298
f 667/6/303 666/17/302 665/6/301
f 665/6/306 666/17/305 667/6/304
f 668/10/307 664/15/297 662/15/295
f 662/15/300 664/15/298 668/10/308
f 671/15/311 670/15/310 669/16/309
f 669/16/314 670/15/313 671/15/312
f 673/17/316 672/16/315 666/17/302
f 666/17/305 672/16/318 673/17/317
f 673/17/316 674/16/319 672/16/315
f 672/16/318 674/16/320 673/17/317
f 662/15/295 663/16/296 675/16/321
f 675/16/322 663/16/299 662/15/300
f 678/10/325 677/15/324 676/15/323
f 676/15/328 677/15/327 678/10/326
f 681/17/331 680/6/330 679/6/329
f 679/6/334 680/6/333 681/17/332
f 683/16/336 669/16/309 682/17/335
f 682/17/338 669/16/314 683/16/337
f 684/17/339 680/6/330 681/17/331
f 681/17/332 680/6/333 684/17/340
f 687/15/343 686/10/342 685/15/341
f 685/15/346 686/10/345 687/15/344
f 688/10/347 677/15/324 678/10/325
f 678/10/326 677/15/327 688/10/348
f 686/10/342 689/10/349 685/15/341
f 685/15/346 689/10/350 686/10/345
f 692/17/353 691/6/352 690/17/351
f 690/17/356 691/6/355 692/17/354
f 695/17/359 694/6/358 693/6/357
f 693/6/362 694/6/361 695/17/360
f 697/10/364 696/10/363 670/15/310
f 670/15/313 696/10/366 697/10/365
f 677/15/324 698/16/367 676/15/323
f 676/15/328 698/16/368 677/15/327
f 671/15/311 697/10/364 670/15/310
f 670/15/313 697/10/365 671/15/312
f 674/16/319 685/15/341 672/16/315
f 672/16/318 685/15/346 674/16/320
f 673/17/316 666/17/302 667/6/303
f 667/6/304 666/17/305 673/17/317
f 698/16/367 692/17/353 699/16/369
f 699/16/370 692/17/354 698/16/368
f 690/17/351 691/6/352 700/6/371
f 700/6/372 691/6/355 690/17/356
f 676/15/323 698/16/367 699/16/369
f 699/16/370 698/16/368 676/15/328
f 687/15/343 685/15/341 674/16/319
f 674/16/320 685/15/346 687/15/344
f 699/16/369 692/17/353 690/17/351
f 690/17/356 692/17/354 699/16/370
f 695/17/359 683/16/336 682/17/335
f 682/17/338 683/16/337 695/17/360
f 671/15/311 669/16/309 683/16/336
f 683/16/337 669/16/314 671/15/312
f 701/10/373 664/15/297 668/10/307
f 668/10/308 664/15/298 701/10/374
f 695/17/359 682/17/335 694/6/358
f 694/6/361 682/17/338 695/17/360
f 675/16/321 684/17/339 681/17/331
f 681/17/332 684/17/340 675/16/322
f 702/15/375 687/15/343 674/16/319
f 674/16/320 687/15/344 702/15/376
f 704/17/378 703/16/377 673/17/316
f 673/17/317 703/16/380 704/17/379
f 706/15/382 676/15/323 705/16/381
f 705/16/384 676/15/328 706/15/383
f 702/15/375 707/10/385 687/15/343
f 687/15/344 707/10/386 702/15/376
f 690/17/351 700/6/371 708/6/387
f 708/6/388 700/6/372 690/17/356
f 699/16/369 690/17/351 709/17/389
f 709/17/390 690/17/356 699/16/370
f 668/10/307 662/15/295 710/10/391
f 710/10/392 662/15/300 668/10/308
f 702/15/375 674/16/319 703/16/377
f 703/16/380 674/16/320 702/15/376
f 704/17/378 673/17/316 667/6/303
f 667/6/304 673/17/317 704/17/379
f 704/17/378 667/6/303 711/6/393
f 711/6/394 667/6/304 704/17/379
f 707/10/385 686/10/342 687/15/343
f 687/15/344 686/10/345 707/10/386
f 664/15/297 671/15/311 683/16/336
f 683/16/337 671/15/312 664/15/298
f 681/17/331 679/6/329 712/6/395
f 712/6/396 679/6/334 681/17/332
f 676/15/323 699/16/369 705/16/381
f 705/16/384 699/16/370 676/15/328
f 662/15/295 714/16/398 713/15/397
f 713/15/400 714/16/399 662/15/300
f 703/16/377 674/16/319 673/17/316
f 673/17/317 674/16/320 703/16/380
f 684/17/339 663/16/296 695/17/359
f 695/17/360 663/16/299 684/17/340
f 663/16/296 683/16/336 695/17/359
f 695/17/360 683/16/337 663/16/299
f 663/16/296 684/17/339 675/16/321
f 675/16/322 684/17/340 663/16/299
f 705/16/381 699/16/369 709/17/389
f 709/17/390 699/16/370 705/16/384
f 714/16/398 675/16/321 715/17/401
f 715/17/402 675/16/322 714/16/399
f 678/10/325 676/15/323 706/15/382
f 706/15/383 676/15/328 678/10/326
f 664/15/297 683/16/336 663/16/296
f 663/16/299 683/16/337 664/15/298
f 662/15/295 675/16/321 714/16/398
f 714/16/399 675/16/322 662/15/300
f 710/10/391 662/15/295 713/15/397
f 713/15/400 662/15/300 710/10/392
f 684/17/339 693/6/357 680/6/330
f 680/6/333 693/6/362 684/17/340
f 684/17/339 695/17/359 693/6/357
f 693/6/362 695/17/360 684/17/340
f 690/17/351 708/6/387 709/17/389
f 709/17/390 708/6/388 690/17/356
f 701/10/373 697/10/364 671/15/311
f 671/15/312 697/10/365 701/10/374
f 675/16/321 681/17/331 715/17/401
f 715/17/402 681/17/332 675/16/322
f 664/15/297 701/10/373 671/15/311
f 671/15/312 701/10/374 664/15/298
f 715/17/401 681/17/331 712/6/395
f 712/6/396 681/17/332 715/17/402
f 678/10/325 706/15/382 716/10/403
f 716/10/404 706/15/383 678/10/326
f 719/6/406 718/10/405 717/6/405
f 718/10/405 719/6/406 720/10/406
f 717/6/408 718/10/408 719/6/407
f 720/10/407 719/6/407 718/10/408
f 697/10/1 707/10/1 696/10/1
f 697/10/1 686/10/1 707/10/1
f 721/10/1 686/10/1 697/10/1
f 697/10/1 722/10/1 721/10/1
f 686/10/1 721/10/1 723/10/1
f 723/10/1 689/10/1 686/10/1
f 689/10/1 723/10/1 724/10/1
f 722/10/1 697/10/1 701/10/1
f 701/10/1 720/10/1 722/10/1
f 720/10/1 701/10/1 668/10/1
f 668/10/1 718/10/1 720/10/1
f 718/10/1 668/10/1 710/10/1
f 718/10/1 710/10/1 688/10/1
f 718/10/1 688/10/1 678/10/1
f 678/10/1 725/10/1 718/10/1
f 725/10/1 678/10/1 716/10/1
f 696/10/2 707/10/2 697/10/2
f 707/10/2 686/10/2 697/10/2
f 697/10/2 686/10/2 721/10/2
f 721/10/2 722/10/2 697/10/2
f 723/10/2 721/10/2 686/10/2
f 686/10/2 689/10/2 723/10/2
f 724/10/2 723/10/2 689/10/2
f 701/10/2 697/10/2 722/10/2
f 722/10/2 720/10/2 701/10/2
f 668/10/2 701/10/2 720/10/2
f 720/10/2 718/10/2 668/10/2
f 710/10/2 668/10/2 718/10/2
f 688/10/2 710/10/2 718/10/2
f 678/10/2 688/10/2 718/10/2
f 718/10/2 725/10/2 678/10/2
f 716/10/2 678/10/2 725/10/2
f 726/6/409 720/10/406 719/6/406
f 720/10/406 726/6/409 722/10/409
f 719/6/407 720/10/407 726/6/410
f 722/10/410 726/6/410 720/10/407
f 723/10/411 728/6/412 727/6/411
f 728/6/412 723/10/411 721/10/412
f 727/6/413 728/6/414 723/10/413
f 721/10/414 723/10/413 728/6/414
f 721/10/412 726/6/409 728/6/412
f 726/6/409 721/10/412 722/10/409
f 728/6/414 726/6/410 721/10/414
f 722/10/410 721/10/414 726/6/410
f 724/10/415 727/6/411 729/6/415
f 727/6/411 724/10/415 723/10/411
f 729/6/416 727/6/413 724/10/416
f 723/10/413 724/10/416 727/6/413
f 711/6/2 693/6/2 694/6/2
f 667/6/2 693/6/2 711/6/2
f 667/6/2 728/6/2 693/6/2
f 726/6/2 693/6/2 728/6/2
f 728/6/2 667/6/2 727/6/2
f 665/6/2 727/6/2 667/6/2
f 727/6/2 665/6/2 729/6/2
f 693/6/2 726/6/2 680/6/2
f 719/6/2 680/6/2 726/6/2
f 680/6/2 719/6/2 679/6/2
f 717/6/2 679/6/2 719/6/2
f 679/6/2 717/6/2 712/6/2
f 712/6/2 717/6/2 691/6/2
f 691/6/2 717/6/2 700/6/2
f 730/6/2 700/6/2 717/6/2
f 700/6/2 730/6/2 708/6/2
f 694/6/1 693/6/1 711/6/1
f 711/6/1 693/6/1 667/6/1
f 693/6/1 728/6/1 667/6/1
f 727/6/1 667/6/1 728/6/1
f 667/6/1 727/6/1 665/6/1
f 729/6/1 665/6/1 727/6/1
f 728/6/1 693/6/1 726/6/1
f 680/6/1 726/6/1 693/6/1
f 726/6/1 680/6/1 719/6/1
f 679/6/1 719/6/1 680/6/1
f 719/6/1 679/6/1 717/6/1
f 712/6/1 717/6/1 679/6/1
f 691/6/1 717/6/1 712/6/1
f 700/6/1 717/6/1 691/6/1
f 717/6/1 700/6/1 730/6/1
f 708/6/1 730/6/1 700/6/1
f 702/15/375 696/10/363 707/10/385
f 696/10/363 702/15/375 670/15/310
f 707/10/386 696/10/366 702/15/376
f 670/15/313 702/15/376 696/10/366
f 692/17/353 712/6/395 691/6/352
f 712/6/395 692/17/353 715/17/401
f 691/6/355 712/6/396 692/17/354
f 715/17/402 692/17/354 712/6/396
f 669/16/309 702/15/375 703/16/377
f 702/15/375 669/16/309 670/15/310
f 703/16/380 702/15/376 669/16/314
f 670/15/313 669/16/314 702/15/376
f 704/17/378 669/16/309 703/16/377
f 669/16/309 704/17/378 682/17/335
f 703/16/380 669/16/314 704/17/379
f 682/17/338 704/17/379 669/16/314
f 698/16/367 715/17/401 692/17/353
f 715/17/401 698/16/367 714/16/398
f 692/17/354 715/17/402 698/16/368
f 714/16/399 698/16/368 715/17/402
f 694/6/358 704/17/378 711/6/393
f 704/17/378 694/6/358 682/17/335
f 711/6/394 704/17/379 694/6/361
f 682/17/338 694/6/361 704/17/379
f 666/17/417 729/6/417 665/6/417
f 729/6/417 666/17/417 724/10/417
f 724/10/417 666/17/417 672/16/417
f 724/10/417 672/16/417 685/15/417
f 724/10/417 685/15/417 689/10/417
f 665/6/418 729/6/418 666/17/418
f 724/10/418 666/17/418 729/6/418
f 672/16/418 666/17/418 724/10/418
f 685/15/418 672/16/418 724/10/418
f 689/10/418 685/15/418 724/10/418
f 688/10/347 713/15/397 677/15/324
f 713/15/397 688/10/347 710/10/391
f 677/15/327 713/15/400 688/10/348
f 710/10/392 688/10/348 713/15/400
f 677/15/324 714/16/398 698/16/367
f 714/16/398 677/15/324 713/15/397
f 698/16/368 714/16/399 677/15/327
f 713/15/400 677/15/327 714/16/399
f 730/6/419 709/17/419 708/6/419
f 709/17/419 730/6/419 706/15/419
f 706/15/419 705/16/419 709/17/419
f 725/10/419 706/15/419 730/6/419
f 706/15/419 725/10/419 716/10/419
f 708/6/420 709/17/420 730/6/420
f 706/15/420 730/6/420 709/17/420
f 709/17/420 705/16/420 706/15/420
f 730/6/420 706/15/420 725/10/420
f 716/10/420 725/10/420 706/15/420
f 718/10/405 730/6/421 717/6/405
f 730/6/421 718/10/405 725/10/421
f 717/6/408 730/6/422 718/10/408
f 725/10/422 718/10/408 730/6/422
f 733/6/2 732/6/2 731/6/2
f 732/6/2 733/6/2 734/6/2
f 734/6/2 733/6/2 735/6/2
f 734/6/2 735/6/2 736/6/2
f 731/6/1 732/6/1 733/6/1
f 734/6/1 733/6/1 732/6/1
f 735/6/1 733/6/1 734/6/1
f 736/6/1 735/6/1 734/6/1
f 737/18/425 732/6/424 734/6/423
f 732/6/424 737/18/425 738/18/426
f 734/6/429 732/6/428 737/18/427
f 738/18/430 737/18/427 732/6/428
f 735/6/433 739/18/432 736/6/431
f 739/18/432 735/6/433 740/18/434
f 736/6/437 739/18/436 735/6/435
f 740/18/438 735/6/435 739/18/436
f 736/6/431 737/18/425 734/6/423
f 737/18/425 736/6/431 739/18/432
f 734/6/429 737/18/427 736/6/437
f 739/18/436 736/6/437 737/18/427
f 741/18/440 735/6/433 733/6/439
f 735/6/433 741/18/440 740/18/434
f 733/6/442 735/6/435 741/18/441
f 740/18/438 741/18/441 735/6/435
f 738/18/426 731/6/443 732/6/424
f 731/6/443 738/18/426 742/18/444
f 732/6/428 731/6/445 738/18/430
f 742/18/446 738/18/430 731/6/445
f 742/18/444 733/6/439 731/6/443
f 733/6/439 742/18/444 741/18/440
f 731/6/445 733/6/442 742/18/446
f 741/18/441 742/18/446 733/6/442
f 745/10/449 744/10/448 743/10/447
f 744/10/448 745/10/449 746/10/450
f 744/10/448 746/10/450 747/10/451
f 747/10/451 746/10/450 748/10/452
f 743/10/455 744/10/454 745/10/453
f 746/10/456 745/10/453 744/10/454
f 747/10/457 746/10/456 744/10/454
f 748/10/458 746/10/456 747/10/457
f 737/18/425 748/10/452 746/10/450
f 748/10/452 737/18/425 739/18/432
f 746/10/456 748/10/458 737/18/427
f 739/18/436 737/18/427 748/10/458
f 744/10/448 740/18/434 741/18/440
f 740/18/434 744/10/448 747/10/451
f 741/18/441 740/18/438 744/10/454
f 747/10/457 744/10/454 740/18/438
f 738/18/426 743/10/447 742/18/444
f 743/10/447 738/18/426 745/10/449
f 742/18/446 743/10/455 738/18/430
f 745/10/453 738/18/430 743/10/455
f 748/10/452 740/18/434 747/10/451
f 740/18/434 748/10/452 739/18/432
f 747/10/457 740/18/438 748/10/458
f 739/18/436 748/10/458 740/18/438
f 743/10/447 741/18/440 742/18/444
f 741/18/440 743/10/447 744/10/448
f 742/18/446 741/18/441 743/10/455
f 744/10/454 743/10/455 741/18/441
f 737/18/425 745/10/449 738/18/426
f 745/10/449 737/18/425 746/10/450
f 738/18/430 745/10/453 737/18/427
f 746/10/456 737/18/427 745/10/453
f 751/8/461 750/6/460 749/6/459
f 750/6/460 751/8/461 752/8/462
f 749/6/465 750/6/464 751/8/463
f 752/8/466 751/8/463 750/6/464
f 755/7/469 754/6/468 753/6/467
f 754/6/468 755/7/469 756/7/470
f 753/6/473 754/6/472 755/7/471
f 756/7/474 755/7/471 754/6/472
f 759/8/477 758/6/476 757/6/475
f 758/6/476 759/8/477 760/8/478
f 757/6/481 758/6/480 759/8/479
f 760/8/482 759/8/479 758/6/480
f 750/6/460 759/8/477 757/6/475
f 759/8/477 750/6/460 752/8/462
f 757/6/481 759/8/479 750/6/464
f 752/8/466 750/6/464 759/8/479
f 755/7/469 761/7/483 756/7/470
f 761/7/483 755/7/469 762/7/484
f 756/7/474 761/7/485 755/7/471
f 762/7/486 755/7/471 761/7/485
f 756/7/470 763/6/487 754/6/468
f 763/6/487 756/7/470 761/7/483
f 754/6/472 763/6/488 756/7/474
f 761/7/485 756/7/474 763/6/488
f 759/8/477 751/8/461 760/8/478
f 751/8/461 759/8/477 752/8/462
f 760/8/482 751/8/463 759/8/479
f 752/8/466 759/8/479 751/8/463
f 762/7/484 753/6/467 764/6/489
f 753/6/467 762/7/484 755/7/469
f 764/6/490 753/6/473 762/7/486
f 755/7/471 762/7/486 753/6/473
f 763/6/487 762/7/484 764/6/489
f 762/7/484 763/6/487 761/7/483
f 764/6/490 762/7/486 763/6/488
f 761/7/485 763/6/488 762/7/486
f 760/8/478 749/6/459 758/6/476
f 749/6/459 760/8/478 751/8/461
f 758/6/480 749/6/465 760/8/482
f 751/8/463 760/8/482 749/6/465
f 767/6/493 766/7/492 765/6/491
f 766/7/492 767/6/493 768/7/494
f 765/6/497 766/7/496 767/6/495
f 768/7/498 767/6/495 766/7/496
f 769/6/499 768/7/494 767/6/493
f 768/7/494 769/6/499 770/7/500
f 767/6/495 768/7/498 769/6/501
f 770/7/502 769/6/501 768/7/498
f 773/8/505 772/6/504 771/6/503
f 772/6/504 773/8/505 774/8/506
f 771/6/509 772/6/508 773/8/507
f 774/8/510 773/8/507 772/6/508
f 773/8/505 775/8/511 774/8/506
f 775/8/511 773/8/505 776/8/512
f 774/8/510 775/8/513 773/8/507
f 776/8/514 773/8/507 775/8/513
f 770/7/500 778/6/516 777/7/515
f 778/6/516 770/7/500 769/6/499
f 777/7/518 778/6/517 770/7/502
f 769/6/501 770/7/502 778/6/517
f 774/8/506 779/6/519 772/6/504
f 779/6/519 774/8/506 775/8/511
f 772/6/508 779/6/520 774/8/510
f 775/8/513 774/8/510 779/6/520
f 768/7/494 777/7/515 766/7/492
f 777/7/515 768/7/494 770/7/500
f 766/7/496 777/7/518 768/7/498
f 770/7/502 768/7/498 777/7/518
f 780/6/521 773/8/505 771/6/503
f 773/8/505 780/6/521 776/8/512
f 771/6/509 773/8/507 780/6/522
f 776/8/514 780/6/522 773/8/507
f 766/7/492 778/6/516 765/6/491
f 778/6/516 766/7/492 777/7/515
f 765/6/497 778/6/517 766/7/496
f 777/7/518 766/7/496 778/6/517
f 775/8/511 780/6/521 779/6/519
f 780/6/521 775/8/511 776/8/512
f 779/6/520 780/6/522 775/8/513
f 776/8/514 775/8/513 780/6/522
f 783/6/525 782/7/524 781/6/523
f 782/7/524 783/6/525 784/7/526
f 781/6/529 782/7/528 783/6/527
f 784/7/530 783/6/527 782/7/528
f 784/7/526 785/7/531 782/7/524
f 785/7/531 784/7/526 786/7/532
f 782/7/528 785/7/533 784/7/530
f 786/7/534 784/7/530 785/7/533
f 782/7/524 787/6/535 781/6/523
f 787/6/535 782/7/524 785/7/531
f 781/6/529 787/6/536 782/7/528
f 785/7/533 782/7/528 787/6/536
f 788/6/537 784/7/526 783/6/525
f 784/7/526 788/6/537 786/7/532
f 783/6/527 784/7/530 788/6/538
f 786/7/534 788/6/538 784/7/530
f 786/7/532 787/6/535 785/7/531
f 787/6/535 786/7/532 788/6/537
f 785/7/533 787/6/536 786/7/534
f 788/6/538 786/7/534 787/6/536
f 791/15/541 790/16/540 789/15/539
f 789/15/544 790/16/543 791/15/542
f 794/6/547 793/17/546 792/6/545
f 792/6/550 793/17/549 794/6/548
f 795/10/551 791/15/541 789/15/539
f 789/15/544 791/15/542 795/10/552
f 798/15/555 797/15/554 796/16/553
f 796/16/558 797/15/557 798/15/556
f 800/17/560 799/16/559 793/17/546
f 793/17/549 799/16/562 800/17/561
f 800/17/560 801/16/563 799/16/559
f 799/16/562 801/16/564 800/17/561
f 789/15/539 790/16/540 802/16/565
f 802/16/566 790/16/543 789/15/544
f 805/10/569 804/15/568 803/15/567
f 803/15/572 804/15/571 805/10/570
f 808/17/575 807/6/574 806/6/573
f 806/6/578 807/6/577 808/17/576
f 810/16/580 796/16/553 809/17/579
f 809/17/582 796/16/558 810/16/581
f 811/17/583 807/6/574 808/17/575
f 808/17/576 807/6/577 811/17/584
f 814/15/587 813/10/586 812/15/585
f 812/15/590 813/10/589 814/15/588
f 815/10/591 804/15/568 805/10/569
f 805/10/570 804/15/571 815/10/592
f 813/10/586 816/10/593 812/15/585
f 812/15/590 816/10/594 813/10/589
f 819/17/597 818/6/596 817/17/595
f 817/17/600 818/6/599 819/17/598
f 822/17/603 821/6/602 820/6/601
f 820/6/606 821/6/605 822/17/604
f 824/10/608 823/10/607 797/15/554
f 797/15/557 823/10/610 824/10/609
f 804/15/568 825/16/611 803/15/567
f 803/15/572 825/16/612 804/15/571
f 798/15/555 824/10/608 797/15/554
f 797/15/557 824/10/609 798/15/556
f 801/16/563 812/15/585 799/16/559
f 799/16/562 812/15/590 801/16/564
f 800/17/560 793/17/546 794/6/547
f 794/6/548 793/17/549 800/17/561
f 825/16/611 819/17/597 826/16/613
f 826/16/614 819/17/598 825/16/612
f 817/17/595 818/6/596 827/6/615
f 827/6/616 818/6/599 817/17/600
f 803/15/567 825/16/611 826/16/613
f 826/16/614 825/16/612 803/15/572
f 814/15/587 812/15/585 801/16/563
f 801/16/564 812/15/590 814/15/588
f 826/16/613 819/17/597 817/17/595
f 817/17/600 819/17/598 826/16/614
f 822/17/603 810/16/580 809/17/579
f 809/17/582 810/16/581 822/17/604
f 798/15/555 796/16/553 810/16/580
f 810/16/581 796/16/558 798/15/556
f 828/10/617 791/15/541 795/10/551
f 795/10/552 791/15/542 828/10/618
f 822/17/603 809/17/579 821/6/602
f 821/6/605 809/17/582 822/17/604
f 802/16/565 811/17/583 808/17/575
f 808/17/576 811/17/584 802/16/566
f 829/15/619 814/15/587 801/16/563
f 801/16/564 814/15/588 829/15/620
f 831/17/622 830/16/621 800/17/560
f 800/17/561 830/16/624 831/17/623
f 833/15/626 803/15/567 832/16/625
f 832/16/628 803/15/572 833/15/627
f 829/15/619 834/10/629 814/15/587
f 814/15/588 834/10/630 829/15/620
f 817/17/595 827/6/615 835/6/631
f 835/6/632 827/6/616 817/17/600
f 826/16/613 817/17/595 836/17/633
f 836/17/634 817/17/600 826/16/614
f 795/10/551 789/15/539 837/10/635
f 837/10/636 789/15/544 795/10/552
f 829/15/619 801/16/563 830/16/621
f 830/16/624 801/16/564 829/15/620
f 831/17/622 800/17/560 794/6/547
f 794/6/548 800/17/561 831/17/623
f 831/17/622 794/6/547 838/6/637
f 838/6/638 794/6/548 831/17/623
f 834/10/629 813/10/586 814/15/587
f 814/15/588 813/10/589 834/10/630
f 791/15/541 798/15/555 810/16/580
f 810/16/581 798/15/556 791/15/542
f 808/17/575 806/6/573 839/6/639
f 839/6/640 806/6/578 808/17/576
f 803/15/567 826/16/613 832/16/625
f 832/16/628 826/16/614 803/15/572
f 789/15/539 841/16/642 840/15/641
f 840/15/644 841/16/643 789/15/544
f 830/16/621 801/16/563 800/17/560
f 800/17/561 801/16/564 830/16/624
f 811/17/583 790/16/540 822/17/603
f 822/17/604 790/16/543 811/17/584
f 790/16/540 810/16/580 822/17/603
f 822/17/604 810/16/581 790/16/543
f 790/16/540 811/17/583 802/16/565
f 802/16/566 811/17/584 790/16/543
f 832/16/625 826/16/613 836/17/633
f 836/17/634 826/16/614 832/16/628
f 841/16/642 802/16/565 842/17/645
f 842/17/646 802/16/566 841/16/643
f 805/10/569 803/15/567 833/15/626
f 833/15/627 803/15/572 805/10/570
f 791/15/541 810/16/580 790/16/540
f 790/16/543 810/16/581 791/15/542
f 789/15/539 802/16/565 841/16/642
f 841/16/643 802/16/566 789/15/544
f 837/10/635 789/15/539 840/15/641
f 840/15/644 789/15/544 837/10/636
f 811/17/583 820/6/601 807/6/574
f 807/6/577 820/6/606 811/17/584
f 811/17/583 822/17/603 820/6/601
f 820/6/606 822/17/604 811/17/584
f 817/17/595 835/6/631 836/17/633
f 836/17/634 835/6/632 817/17/600
f 828/10/617 824/10/608 798/15/555
f 798/15/556 824/10/609 828/10/618
f 802/16/565 808/17/575 842/17/645
f 842/17/646 808/17/576 802/16/566
f 791/15/541 828/10/617 798/15/555
f 798/15/556 828/10/618 791/15/542
f 842/17/645 808/17/575 839/6/639
f 839/6/640 808/17/576 842/17/646
f 805/10/569 833/15/626 843/10/647
f 843/10/648 833/15/627 805/10/570
f 846/6/650 845/10/649 844/6/649
f 845/10/649 846/6/650 847/10/650
f 844/6/652 845/10/652 846/6/651
f 847/10/651 846/6/651 845/10/652
f 824/10/1 834/10/1 823/10/1
f 824/10/1 813/10/1 834/10/1
f 848/10/1 813/10/1 824/10/1
f 824/10/1 849/10/1 848/10/1
f 813/10/1 848/10/1 850/10/1
f 850/10/1 816/10/1 813/10/1
f 816/10/1 850/10/1 851/10/1
f 849/10/1 824/10/1 828/10/1
f 828/10/1 847/10/1 849/10/1
f 847/10/1 828/10/1 795/10/1
f 795/10/1 845/10/1 847/10/1
f 845/10/1 795/10/1 837/10/1
f 845/10/1 837/10/1 815/10/1
f 845/10/1 815/10/1 805/10/1
f 805/10/1 852/10/1 845/10/1
f 852/10/1 805/10/1 843/10/1
f 823/10/2 834/10/2 824/10/2
f 834/10/2 813/10/2 824/10/2
f 824/10/2 813/10/2 848/10/2
f 848/10/2 849/10/2 824/10/2
f 850/10/2 848/10/2 813/10/2
f 813/10/2 816/10/2 850/10/2
f 851/10/2 850/10/2 816/10/2
f 828/10/2 824/10/2 849/10/2
f 849/10/2 847/10/2 828/10/2
f 795/10/2 828/10/2 847/10/2
f 847/10/2 845/10/2 795/10/2
f 837/10/2 795/10/2 845/10/2
f 815/10/2 837/10/2 845/10/2
f 805/10/2 815/10/2 845/10/2
f 845/10/2 852/10/2 805/10/2
f 843/10/2 805/10/2 852/10/2
f 853/6/653 847/10/650 846/6/650
f 847/10/650 853/6/653 849/10/653
f 846/6/651 847/10/651 853/6/654
f 849/10/654 853/6/654 847/10/651
f 850/10/655 855/6/656 854/6/655
f 855/6/656 850/10/655 848/10/656
f 854/6/657 855/6/658 850/10/657
f 848/10/658 850/10/657 855/6/658
f 848/10/656 853/6/653 855/6/656
f 853/6/653 848/10/656 849/10/653
f 855/6/658 853/6/654 848/10/658
f 849/10/654 848/10/658 853/6/654
f 851/10/659 854/6/655 856/6/659
f 854/6/655 851/10/659 850/10/655
f 856/6/660 854/6/657 851/10/660
f 850/10/657 851/10/660 854/6/657
f 838/6/2 820/6/2 821/6/2
f 794/6/2 820/6/2 838/6/2
f 794/6/2 855/6/2 820/6/2
f 853/6/2 820/6/2 855/6/2
f 855/6/2 794/6/2 854/6/2
f 792/6/2 854/6/2 794/6/2
f 854/6/2 792/6/2 856/6/2
f 820/6/2 853/6/2 807/6/2
f 846/6/2 807/6/2 853/6/2
f 807/6/2 846/6/2 806/6/2
f 844/6/2 806/6/2 846/6/2
f 806/6/2 844/6/2 839/6/2
f 839/6/2 844/6/2 818/6/2
f 818/6/2 844/6/2 827/6/2
f 857/6/2 827/6/2 844/6/2
f 827/6/2 857/6/2 835/6/2
f 821/6/1 820/6/1 838/6/1
f 838/6/1 820/6/1 794/6/1
f 820/6/1 855/6/1 794/6/1
f 854/6/1 794/6/1 855/6/1
f 794/6/1 854/6/1 792/6/1
f 856/6/1 792/6/1 854/6/1
f 855/6/1 820/6/1 853/6/1
f 807/6/1 853/6/1 820/6/1
f 853/6/1 807/6/1 846/6/1
f 806/6/1 846/6/1 807/6/1
f 846/6/1 806/6/1 844/6/1
f 839/6/1 844/6/1 806/6/1
f 818/6/1 844/6/1 839/6/1
f 827/6/1 844/6/1 818/6/1
f 844/6/1 827/6/1 857/6/1
f 835/6/1 857/6/1 827/6/1
f 829/15/619 823/10/607 834/10/629
f 823/10/607 829/15/619 797/15/554
f 834/10/630 823/10/610 829/15/620
f 797/15/557 829/15/620 823/10/610
f 819/17/597 839/6/639 818/6/596
f 839/6/639 819/17/597 842/17/645
f 818/6/599 839/6/640 819/17/598
f 842/17/646 819/17/598 839/6/640
f 796/16/553 829/15/619 830/16/621
f 829/15/619 796/16/553 797/15/554
f 830/16/624 829/15/620 796/16/558
f 797/15/557 796/16/558 829/15/620
f 831/17/622 796/16/553 830/16/621
f 796/16/553 831/17/622 809/17/579
f 830/16/624 796/16/558 831/17/623
f 809/17/582 831/17/623 796/16/558
f 825/16/611 842/17/645 819/17/597
f 842/17/645 825/16/611 841/16/642
f 819/17/598 842/17/646 825/16/612
f 841/16/643 825/16/612 842/17/646
f 821/6/602 831/17/622 838/6/637
f 831/17/622 821/6/602 809/17/579
f 838/6/638 831/17/623 821/6/605
f 809/17/582 821/6/605 831/17/623
f 793/17/661 856/6/661 792/6/661
f 856/6/661 793/17/661 851/10/661
f 851/10/661 793/17/661 799/16/661
f 851/10/661 799/16/661 812/15/661
f 851/10/661 812/15/661 816/10/661
f 792/6/662 856/6/662 793/17/662
f 851/10/662 793/17/662 856/6/662
f 799/16/662 793/17/662 851/10/662
f 812/15/662 799/16/662 851/10/662
f 816/10/662 812/15/662 851/10/662
f 815/10/591 840/15/641 804/15/568
f 840/15/641 815/10/591 837/10/635
f 804/15/571 840/15/644 815/10/592
f 837/10/636 815/10/592 840/15/644
f 804/15/568 841/16/642 825/16/611
f 841/16/642 804/15/568 840/15/641
f 825/16/612 841/16/643 804/15/571
f 840/15/644 804/15/571 841/16/643
f 857/6/663 836/17/663 835/6/663
f 836/17/663 857/6/663 833/15/663
f 833/15/663 832/16/663 836/17/663
f 852/10/663 833/15/663 857/6/663
f 833/15/663 852/10/663 843/10/663
f 835/6/664 836/17/664 857/6/664
f 833/15/664 857/6/664 836/17/664
f 836/17/664 832/16/664 833/15/664
f 857/6/664 833/15/664 852/10/664
f 843/10/664 852/10/664 833/15/664
f 845/10/649 857/6/665 844/6/649
f 857/6/665 845/10/649 852/10/665
f 844/6/652 857/6/666 845/10/652
f 852/10/666 845/10/652 857/6/666
f 860/6/2 859/6/2 858/6/2
f 859/6/2 860/6/2 861/6/2
f 861/6/2 860/6/2 862/6/2
f 861/6/2 862/6/2 863/6/2
f 858/6/1 859/6/1 860/6/1
f 861/6/1 860/6/1 859/6/1
f 862/6/1 860/6/1 861/6/1
f 863/6/1 862/6/1 861/6/1
f 864/18/669 859/6/668 861/6/667
f 859/6/668 864/18/669 865/18/670
f 861/6/673 859/6/672 864/18/671
f 865/18/674 864/18/671 859/6/672
f 862/6/677 866/18/676 863/6/675
f 866/18/676 862/6/677 867/18/678
f 863/6/681 866/18/680 862/6/679
f 867/18/682 862/6/679 866/18/680
f 863/6/675 864/18/669 861/6/667
f 864/18/669 863/6/675 866/18/676
f 861/6/673 864/18/671 863/6/681
f 866/18/680 863/6/681 864/18/671
f 868/18/684 862/6/677 860/6/683
f 862/6/677 868/18/684 867/18/678
f 860/6/686 862/6/679 868/18/685
f 867/18/682 868/18/685 862/6/679
f 865/18/670 858/6/687 859/6/668
f 858/6/687 865/18/670 869/18/688
f 859/6/672 858/6/689 865/18/674
f 869/18/690 865/18/674 858/6/689
f 869/18/688 860/6/683 858/6/687
f 860/6/683 869/18/688 868/18/684
f 858/6/689 860/6/686 869/18/690
f 868/18/685 869/18/690 860/6/686
f 872/10/693 871/10/692 870/10/691
f 871/10/692 872/10/693 873/10/694
f 871/10/692 873/10/694 874/10/695
f 874/10/695 873/10/694 875/10/696
f 870/10/699 871/10/698 872/10/697
f 873/10/700 872/10/697 871/10/698
f 874/10/701 873/10/700 871/10/698
f 875/10/702 873/10/700 874/10/701
f 864/18/669 875/10/696 873/10/694
f 875/10/696 864/18/669 866/18/676
f 873/10/700 875/10/702 864/18/671
f 866/18/680 864/18/671 875/10/702
f 871/10/692 867/18/678 868/18/684
f 867/18/678 871/10/692 874/10/695
f 868/18/685 867/18/682 871/10/698
f 874/10/701 871/10/698 867/18/682
f 865/18/670 870/10/691 869/18/688
f 870/10/691 865/18/670 872/10/693
f 869/18/690 870/10/699 865/18/674
f 872/10/697 865/18/674 870/10/699
f 875/10/696 867/18/678 874/10/695
f 867/18/678 875/10/696 866/18/676
f 874/10/701 867/18/682 875/10/702
f 866/18/680 875/10/702 867/18/682
f 870/10/691 868/18/684 869/18/688
f 868/18/684 870/10/691 871/10/692
f 869/18/690 868/18/685 870/10/699
f 871/10/698 870/10/699 868/18/685
f 864/18/669 872/10/693 865/18/670
f 872/10/693 864/18/669 873/10/694
f 865/18/674 872/10/697 864/18/671
f 873/10/700 864/18/671 872/10/697
f 878/8/28 877/6/19 876/6/27
f 877/6/19 878/8/28 879/8/21
f 876/6/30 877/6/25 878/8/29
f 879/8/23 878/8/29 877/6/25
f 882/7/12 881/6/3 880/6/11
f 881/6/3 882/7/12 883/7/5
f 880/6/13 881/6/9 882/7/14
f 883/7/7 882/7/14 881/6/9
f 886/8/22 885/6/31 884/6/20
f 885/6/31 886/8/22 887/8/32
f 884/6/24 885/6/33 886/8/26
f 887/8/34 886/8/26 885/6/33
f 877/6/19 886/8/22 884/6/20
f 886/8/22 877/6/19 879/8/21
f 884/6/24 886/8/26 877/6/25
f 879/8/23 877/6/25 886/8/26
f 882/7/12 888/7/6 883/7/5
f 888/7/6 882/7/12 889/7/16
f 883/7/7 888/7/10 882/7/14
f 889/7/17 882/7/14 888/7/10
f 883/7/5 890/6/4 881/6/3
f 890/6/4 883/7/5 888/7/6
f 881/6/9 890/6/8 883/7/7
f 888/7/10 883/7/7 890/6/8
f 886/8/22 878/8/28 887/8/32
f 878/8/28 886/8/22 879/8/21
f 887/8/34 878/8/29 886/8/26
f 879/8/23 886/8/26 878/8/29
f 889/7/16 880/6/11 891/6/15
f 880/6/11 889/7/16 882/7/12
f 891/6/18 880/6/13 889/7/17
f 882/7/14 889/7/17 880/6/13
f 890/6/4 889/7/16 891/6/15
f 889/7/16 890/6/4 888/7/6
f 891/6/18 889/7/17 890/6/8
f 888/7/10 890/6/8 889/7/17
f 887/8/32 876/6/27 885/6/31
f 876/6/27 887/8/32 878/8/28
f 885/6/33 876/6/30 887/8/34
f 878/8/29 887/8/34 876/6/30
f 894/6/44 893/7/45 892/6/46
f 893/7/45 894/6/44 895/7/43
f 892/6/50 893/7/47 894/6/48
f 895/7/49 894/6/48 893/7/47
f 896/6/65 895/7/43 894/6/44
f 895/7/43 896/6/65 897/7/59
f 894/6/48 895/7/49 896/6/66
f 897/7/62 896/6/66 895/7/49
f 900/8/38 899/6/51 898/6/36
f 899/6/51 900/8/38 901/8/52
f 898/6/40 899/6/53 900/8/42
f 901/8/54 900/8/42 899/6/53
f 900/8/38 902/8/56 901/8/52
f 902/8/56 900/8/38 903/8/37
f 901/8/54 902/8/57 900/8/42
f 903/8/39 900/8/42 902/8/57
f 897/7/59 905/6/63 904/7/60
f 905/6/63 897/7/59 896/6/65
f 904/7/61 905/6/64 897/7/62
f 896/6/66 897/7/62 905/6/64
f 901/8/52 906/6/55 899/6/51
f 906/6/55 901/8/52 902/8/56
f 899/6/53 906/6/58 901/8/54
f 902/8/57 901/8/54 906/6/58
f 895/7/43 904/7/60 893/7/45
f 904/7/60 895/7/43 897/7/59
f 893/7/47 904/7/61 895/7/49
f 897/7/62 895/7/49 904/7/61
f 907/6/35 900/8/38 898/6/36
f 900/8/38 907/6/35 903/8/37
f 898/6/40 900/8/42 907/6/41
f 903/8/39 907/6/41 900/8/42
f 893/7/45 905/6/63 892/6/46
f 905/6/63 893/7/45 904/7/60
f 892/6/50 905/6/64 893/7/47
f 904/7/61 893/7/47 905/6/64
f 902/8/56 907/6/35 906/6/55
f 907/6/35 902/8/56 903/8/37
f 906/6/58 907/6/41 902/8/57
f 903/8/39 902/8/57 907/6/41
f 910/6/705 909/7/704 908/6/703
f 909/7/704 910/6/705 911/7/706
f 908/6/709 909/7/708 910/6/707
f 911/7/710 910/6/707 909/7/708
f 911/7/706 912/7/711 909/7/704
f 912/7/711 911/7/706 913/7/712
f 909/7/708 912/7/713 911/7/710
f 913/7/714 911/7/710 912/7/713
f 909/7/704 914/6/715 908/6/703
f 914/6/715 909/7/704 912/7/711
f 908/6/709 914/6/716 909/7/708
f 912/7/713 909/7/708 914/6/716
f 915/6/717 911/7/706 910/6/705
f 911/7/706 915/6/717 913/7/712
f 910/6/707 911/7/710 915/6/718
f 913/7/714 915/6/718 911/7/710
f 913/7/712 914/6/715 912/7/711
f 914/6/715 913/7/712 915/6/717
f 912/7/713 914/6/716 913/7/714
f 915/6/718 913/7/714 914/6/716
f 918/15/721 917/16/720 916/15/719
f 916/15/724 917/16/723 918/15/722
f 921/6/727 920/17/726 919/6/725
f 919/6/730 920/17/729 921/6/728
f 922/10/731 918/15/721 916/15/719
f 916/15/724 918/15/722 922/10/732
f 925/15/735 924/15/734 923/16/733
f 923/16/738 924/15/737 925/15/736
f 927/17/740 926/16/739 920/17/726
f 920/17/729 926/16/742 927/17/741
f 927/17/740 928/16/743 926/16/739
f 926/16/742 928/16/744 927/17/741
f 916/15/719 917/16/720 929/16/745
f 929/16/746 917/16/723 916/15/724
f 932/10/749 931/15/748 930/15/747
f 930/15/752 931/15/751 932/10/750
f 935/17/755 934/6/754 933/6/753
f 933/6/758 934/6/757 935/17/756
f 937/16/760 923/16/733 936/17/759
f 936/17/762 923/16/738 937/16/761
f 938/17/763 934/6/754 935/17/755
f 935/17/756 934/6/757 938/17/764
f 941/15/767 940/10/766 939/15/765
f 939/15/770 940/10/769 941/15/768
f 942/10/771 931/15/748 932/10/749
f 932/10/750 931/15/751 942/10/772
f 940/10/766 943/10/773 939/15/765
f 939/15/770 943/10/774 940/10/769
f 946/17/777 945/6/776 944/17/775
f 944/17/780 945/6/779 946/17/778
f 949/17/783 948/6/782 947/6/781
f 947/6/786 948/6/785 949/17/784
f 951/10/788 950/10/787 924/15/734
f 924/15/737 950/10/790 951/10/789
f 931/15/748 952/16/791 930/15/747
f 930/15/752 952/16/792 931/15/751
f 925/15/735 951/10/788 924/15/734
f 924/15/737 951/10/789 925/15/736
f 928/16/743 939/15/765 926/16/739
f 926/16/742 939/15/770 928/16/744
f 927/17/740 920/17/726 921/6/727
f 921/6/728 920/17/729 927/17/741
f 952/16/791 946/17/777 953/16/793
f 953/16/794 946/17/778 952/16/792
f 944/17/775 945/6/776 954/6/795
f 954/6/796 945/6/779 944/17/780
f 930/15/747 952/16/791 953/16/793
f 953/16/794 952/16/792 930/15/752
f 941/15/767 939/15/765 928/16/743
f 928/16/744 939/15/770 941/15/768
f 953/16/793 946/17/777 944/17/775
f 944/17/780 946/17/778 953/16/794
f 949/17/783 937/16/760 936/17/759
f 936/17/762 937/16/761 949/17/784
f 925/15/735 923/16/733 937/16/760
f 937/16/761 923/16/738 925/15/736
f 955/10/797 918/15/721 922/10/731
f 922/10/732 918/15/722 955/10/798
f 949/17/783 936/17/759 948/6/782
f 948/6/785 936/17/762 949/17/784
f 929/16/745 938/17/763 935/17/755
f 935/17/756 938/17/764 929/16/746
f 956/15/799 941/15/767 928/16/743
f 928/16/744 941/15/768 956/15/800
f 958/17/802 957/16/801 927/17/740
f 927/17/741 957/16/804 958/17/803
f 960/15/806 930/15/747 959/16/805
f 959/16/808 930/15/752 960/15/807
f 956/15/799 961/10/809 941/15/767
f 941/15/768 961/10/810 956/15/800
f 944/17/775 954/6/795 962/6/811
f 962/6/812 954/6/796 944/17/780
f 953/16/793 944/17/775 963/17/813
f 963/17/814 944/17/780 953/16/794
f 922/10/731 916/15/719 964/10/815
f 964/10/816 916/15/724 922/10/732
f 956/15/799 928/16/743 957/16/801
f 957/16/804 928/16/744 956/15/800
f 958/17/802 927/17/740 921/6/727
f 921/6/728 927/17/741 958/17/803
f 958/17/802 921/6/727 965/6/817
f 965/6/818 921/6/728 958/17/803
f 961/10/809 940/10/766 941/15/767
f 941/15/768 940/10/769 961/10/810
f 918/15/721 925/15/735 937/16/760
f 937/16/761 925/15/736 918/15/722
f 935/17/755 933/6/753 966/6/819
f 966/6/820 933/6/758 935/17/756
f 930/15/747 953/16/793 959/16/805
f 959/16/808 953/16/794 930/15/752
f 916/15/719 968/16/822 967/15/821
f 967/15/824 968/16/823 916/15/724
f 957/16/801 928/16/743 927/17/740
f 927/17/741 928/16/744 957/16/804
f 938/17/763 917/16/720 949/17/783
f 949/17/784 917/16/723 938/17/764
f 917/16/720 937/16/760 949/17/783
f 949/17/784 937/16/761 917/16/723
f 917/16/720 938/17/763 929/16/745
f 929/16/746 938/17/764 917/16/723
f 959/16/805 953/16/793 963/17/813
f 963/17/814 953/16/794 959/16/808
f 968/16/822 929/16/745 969/17/825
f 969/17/826 929/16/746 968/16/823
f 932/10/749 930/15/747 960/15/806
f 960/15/807 930/15/752 932/10/750
f 918/15/721 937/16/760 917/16/720
f 917/16/723 937/16/761 918/15/722
f 916/15/719 929/16/745 968/16/822
f 968/16/823 929/16/746 916/15/724
f 964/10/815 916/15/719 967/15/821
f 967/15/824 916/15/724 964/10/816
f 938/17/763 947/6/781 934/6/754
f 934/6/757 947/6/786 938/17/764
f 938/17/763 949/17/783 947/6/781
f 947/6/786 949/17/784 938/17/764
f 944/17/775 962/6/811 963/17/813
f 963/17/814 962/6/812 944/17/780
f 955/10/797 951/10/788 925/15/735
f 925/15/736 951/10/789 955/10/798
f 929/16/745 935/17/755 969/17/825
f 969/17/826 935/17/756 929/16/746
f 918/15/721 955/10/797 925/15/735
f 925/15/736 955/10/798 918/15/722
f 969/17/825 935/17/755 966/6/819
f 966/6/820 935/17/756 969/17/826
f 932/10/749 960/15/806 970/10/827
f 970/10/828 960/15/807 932/10/750
f 973/6/407 972/10/408 971/6/408
f 972/10/408 973/6/407 974/10/407
f 971/6/405 972/10/405 973/6/406
f 974/10/406 973/6/406 972/10/405
f 951/10/1 961/10/1 950/10/1
f 951/10/1 940/10/1 961/10/1
f 975/10/1 940/10/1 951/10/1
f 951/10/1 976/10/1 975/10/1
f 940/10/1 975/10/1 977/10/1
f 977/10/1 943/10/1 940/10/1
f 943/10/1 977/10/1 978/10/1
f 976/10/1 951/10/1 955/10/1
f 955/10/1 974/10/1 976/10/1
f 974/10/1 955/10/1 922/10/1
f 922/10/1 972/10/1 974/10/1
f 972/10/1 922/10/1 964/10/1
f 972/10/1 964/10/1 942/10/1
f 972/10/1 942/10/1 932/10/1
f 932/10/1 979/10/1 972/10/1
f 979/10/1 932/10/1 970/10/1
f 950/10/2 961/10/2 951/10/2
f 961/10/2 940/10/2 951/10/2
f 951/10/2 940/10/2 975/10/2
f 975/10/2 976/10/2 951/10/2
f 977/10/2 975/10/2 940/10/2
f 940/10/2 943/10/2 977/10/2
f 978/10/2 977/10/2 943/10/2
f 955/10/2 951/10/2 976/10/2
f 976/10/2 974/10/2 955/10/2
f 922/10/2 955/10/2 974/10/2
f 974/10/2 972/10/2 922/10/2
f 964/10/2 922/10/2 972/10/2
f 942/10/2 964/10/2 972/10/2
f 932/10/2 942/10/2 972/10/2
f 972/10/2 979/10/2 932/10/2
f 970/10/2 932/10/2 979/10/2
f 980/6/410 974/10/407 973/6/407
f 974/10/407 980/6/410 976/10/410
f 973/6/406 974/10/406 980/6/409
f 976/10/409 980/6/409 974/10/406
f 977/10/413 982/6/414 981/6/413
f 982/6/414 977/10/413 975/10/414
f 981/6/411 982/6/412 977/10/411
f 975/10/412 977/10/411 982/6/412
f 975/10/414 980/6/410 982/6/414
f 980/6/410 975/10/414 976/10/410
f 982/6/412 980/6/409 975/10/412
f 976/10/409 975/10/412 980/6/409
f 978/10/416 981/6/413 983/6/416
f 981/6/413 978/10/416 977/10/413
f 983/6/415 981/6/411 978/10/415
f 977/10/411 978/10/415 981/6/411
f 965/6/2 947/6/2 948/6/2
f 921/6/2 947/6/2 965/6/2
f 921/6/2 982/6/2 947/6/2
f 980/6/2 947/6/2 982/6/2
f 982/6/2 921/6/2 981/6/2
f 919/6/2 981/6/2 921/6/2
f 981/6/2 919/6/2 983/6/2
f 947/6/2 980/6/2 934/6/2
f 973/6/2 934/6/2 980/6/2
f 934/6/2 973/6/2 933/6/2
f 971/6/2 933/6/2 973/6/2
f 933/6/2 971/6/2 966/6/2
f 966/6/2 971/6/2 945/6/2
f 945/6/2 971/6/2 954/6/2
f 984/6/2 954/6/2 971/6/2
f 954/6/2 984/6/2 962/6/2
f 948/6/1 947/6/1 965/6/1
f 965/6/1 947/6/1 921/6/1
f 947/6/1 982/6/1 921/6/1
f 981/6/1 921/6/1 982/6/1
f 921/6/1 981/6/1 919/6/1
f 983/6/1 919/6/1 981/6/1
f 982/6/1 947/6/1 980/6/1
f 934/6/1 980/6/1 947/6/1
f 980/6/1 934/6/1 973/6/1
f 933/6/1 973/6/1 934/6/1
f 973/6/1 933/6/1 971/6/1
f 966/6/1 971/6/1 933/6/1
f 945/6/1 971/6/1 966/6/1
f 954/6/1 971/6/1 945/6/1
f 971/6/1 954/6/1 984/6/1
f 962/6/1 984/6/1 954/6/1
f 956/15/799 950/10/787 961/10/809
f 950/10/787 956/15/799 924/15/734
f 961/10/810 950/10/790 956/15/800
f 924/15/737 956/15/800 950/10/790
f 946/17/777 966/6/819 945/6/776
f 966/6/819 946/17/777 969/17/825
f 945/6/779 966/6/820 946/17/778
f 969/17/826 946/17/778 966/6/820
f 923/16/733 956/15/799 957/16/801
f 956/15/799 923/16/733 924/15/734
f 957/16/804 956/15/800 923/16/738
f 924/15/737 923/16/738 956/15/800
f 958/17/802 923/16/733 957/16/801
f 923/16/733 958/17/802 936/17/759
f 957/16/804 923/16/738 958/17/803
f 936/17/762 958/17/803 923/16/738
f 952/16/791 969/17/825 946/17/777
f 969/17/825 952/16/791 968/16/822
f 946/17/778 969/17/826 952/16/792
f 968/16/823 952/16/792 969/17/826
f 948/6/782 958/17/802 965/6/817
f 958/17/802 948/6/782 936/17/759
f 965/6/818 958/17/803 948/6/785
f 936/17/762 948/6/785 958/17/803
f 920/17/829 983/6/829 919/6/829
f 983/6/829 920/17/829 978/10/829
f 978/10/829 920/17/829 926/16/829
f 978/10/829 926/16/829 939/15/829
f 978/10/829 939/15/829 943/10/829
f 919/6/830 983/6/830 920/17/830
f 978/10/830 920/17/830 983/6/830
f 926/16/830 920/17/830 978/10/830
f 939/15/830 926/16/830 978/10/830
f 943/10/830 939/15/830 978/10/830
f 942/10/771 967/15/821 931/15/748
f 967/15/821 942/10/771 964/10/815
f 931/15/751 967/15/824 942/10/772
f 964/10/816 942/10/772 967/15/824
f 931/15/748 968/16/822 952/16/791
f 968/16/822 931/15/748 967/15/821
f 952/16/792 968/16/823 931/15/751
f 967/15/824 931/15/751 968/16/823
f 984/6/831 963/17/831 962/6/831
f 963/17/831 984/6/831 960/15/831
f 960/15/831 959/16/831 963/17/831
f 979/10/831 960/15/831 984/6/831
f 960/15/831 979/10/831 970/10/831
f 962/6/832 963/17/832 984/6/832
f 960/15/832 984/6/832 963/17/832
f 963/17/832 959/16/832 960/15/832
f 984/6/832 960/15/832 979/10/832
f 970/10/832 979/10/832 960/15/832
f 972/10/408 984/6/422 971/6/408
f 984/6/422 972/10/408 979/10/422
f 971/6/405 984/6/421 972/10/405
f 979/10/421 972/10/405 984/6/421
f 987/6/2 986/6/2 985/6/2
f 986/6/2 987/6/2 988/6/2
f 988/6/2 987/6/2 989/6/2
f 988/6/2 989/6/2 990/6/2
f 985/6/1 986/6/1 987/6/1
f 988/6/1 987/6/1 986/6/1
f 989/6/1 987/6/1 988/6/1
f 990/6/1 989/6/1 988/6/1
f 991/18/440 986/6/433 988/6/439
f 986/6/433 991/18/440 992/18/434
f 988/6/442 986/6/435 991/18/441
f 992/18/438 991/18/441 986/6/435
f 989/6/424 993/18/444 990/6/443
f 993/18/444 989/6/424 994/18/426
f 990/6/445 993/18/446 989/6/428
f 994/18/430 989/6/428 993/18/446
f 990/6/443 991/18/440 988/6/439
f 991/18/440 990/6/443 993/18/444
f 988/6/442 991/18/441 990/6/445
f 993/18/446 990/6/445 991/18/441
f 995/18/425 989/6/424 987/6/423
f 989/6/424 995/18/425 994/18/426
f 987/6/429 989/6/428 995/18/427
f 994/18/430 995/18/427 989/6/428
f 992/18/434 985/6/431 986/6/433
f 985/6/431 992/18/434 996/18/432
f 986/6/435 985/6/437 992/18/438
f 996/18/436 992/18/438 985/6/437
f 996/18/432 987/6/423 985/6/431
f 987/6/423 996/18/432 995/18/425
f 985/6/437 987/6/429 996/18/436
f 995/18/427 996/18/436 987/6/429
f 999/10/451 998/10/450 997/10/452
f 998/10/450 999/10/451 1000/10/448
f 998/10/450 1000/10/448 1001/10/449
f 1001/10/449 1000/10/448 1002/10/447
f 997/10/458 998/10/456 999/10/457
f 1000/10/454 999/10/457 998/10/456
f 1001/10/453 1000/10/454 998/10/456
f 1002/10/455 1000/10/454 1001/10/453
f 991/18/440 1002/10/447 1000/10/448
f 1002/10/447 991/18/440 993/18/444
f 1000/10/454 1002/10/455 991/18/441
f 993/18/446 991/18/441 1002/10/455
f 998/10/450 994/18/426 995/18/425
f 994/18/426 998/10/450 1001/10/449
f 995/18/427 994/18/430 998/10/456
f 1001/10/453 998/10/456 994/18/430
f 992/18/434 997/10/452 996/18/432
f 997/10/452 992/18/434 999/10/451
f 996/18/436 997/10/458 992/18/438
f 999/10/457 992/18/438 997/10/458
f 1002/10/447 994/18/426 1001/10/449
f 994/18/426 1002/10/447 993/18/444
f 1001/10/453 994/18/430 1002/10/455
f 993/18/446 1002/10/455 994/18/430
f 997/10/452 995/18/425 996/18/432
f 995/18/425 997/10/452 998/10/450
f 996/18/436 995/18/427 997/10/458
f 998/10/456 997/10/458 995/18/427
f 991/18/440 999/10/451 992/18/434
f 999/10/451 991/18/440 1000/10/448
f 992/18/438 999/10/457 991/18/441
f 1000/10/454 991/18/441 999/10/457
f 1005/8/835 1004/6/834 1003/6/833
f 1004/6/834 1005/8/835 1006/8/836
f 1003/6/839 1004/6/838 1005/8/837
f 1006/8/840 1005/8/837 1004/6/838
f 1009/7/843 1008/6/842 1007/6/841
f 1008/6/842 1009/7/843 1010/7/844
f 1007/6/847 1008/6/846 1009/7/845
f 1010/7/848 1009/7/845 1008/6/846
f 1013/8/851 1012/6/850 1011/6/849
f 1012/6/850 1013/8/851 1014/8/852
f 1011/6/855 1012/6/854 1013/8/853
f 1014/8/856 1013/8/853 1012/6/854
f 1004/6/834 1013/8/851 1011/6/849
f 1013/8/851 1004/6/834 1006/8/836
f 1011/6/855 1013/8/853 1004/6/838
f 1006/8/840 1004/6/838 1013/8/853
f 1009/7/843 1015/7/857 1010/7/844
f 1015/7/857 1009/7/843 1016/7/858
f 1010/7/848 1015/7/859 1009/7/845
f 1016/7/860 1009/7/845 1015/7/859
f 1010/7/844 1017/6/861 1008/6/842
f 1017/6/861 1010/7/844 1015/7/857
f 1008/6/846 1017/6/862 1010/7/848
f 1015/7/859 1010/7/848 1017/6/862
f 1013/8/851 1005/8/835 1014/8/852
f 1005/8/835 1013/8/851 1006/8/836
f 1014/8/856 1005/8/837 1013/8/853
f 1006/8/840 1013/8/853 1005/8/837
f 1016/7/858 1007/6/841 1018/6/863
f 1007/6/841 1016/7/858 1009/7/843
f 1018/6/864 1007/6/847 1016/7/860
f 1009/7/845 1016/7/860 1007/6/847
f 1017/6/861 1016/7/858 1018/6/863
f 1016/7/858 1017/6/861 1015/7/857
f 1018/6/864 1016/7/860 1017/6/862
f 1015/7/859 1017/6/862 1016/7/860
f 1014/8/852 1003/6/833 1012/6/850
f 1003/6/833 1014/8/852 1005/8/835
f 1012/6/854 1003/6/839 1014/8/856
f 1005/8/837 1014/8/856 1003/6/839
f 1021/6/867 1020/7/866 1019/6/865
f 1020/7/866 1021/6/867 1022/7/868
f 1019/6/871 1020/7/870 1021/6/869
f 1022/7/872 1021/6/869 1020/7/870
f 1023/6/873 1022/7/868 1021/6/867
f 1022/7/868 1023/6/873 1024/7/874
f 1021/6/869 1022/7/872 1023/6/875
f 1024/7/876 1023/6/875 1022/7/872
f 1027/8/879 1026/6/878 1025/6/877
f 1026/6/878 1027/8/879 1028/8/880
f 1025/6/883 1026/6/882 1027/8/881
f 1028/8/884 1027/8/881 1026/6/882
f 1027/8/879 1029/8/885 1028/8/880
f 1029/8/885 1027/8/879 1030/8/886
f 1028/8/884 1029/8/887 1027/8/881
f 1030/8/888 1027/8/881 1029/8/887
f 1024/7/874 1032/6/890 1031/7/889
f 1032/6/890 1024/7/874 1023/6/873
f 1031/7/892 1032/6/891 1024/7/876
f 1023/6/875 1024/7/876 1032/6/891
f 1028/8/880 1033/6/893 1026/6/878
f 1033/6/893 1028/8/880 1029/8/885
f 1026/6/882 1033/6/894 1028/8/884
f 1029/8/887 1028/8/884 1033/6/894
f 1022/7/868 1031/7/889 1020/7/866
f 1031/7/889 1022/7/868 1024/7/874
f 1020/7/870 1031/7/892 1022/7/872
f 1024/7/876 1022/7/872 1031/7/892
f 1034/6/895 1027/8/879 1025/6/877
f 1027/8/879 1034/6/895 1030/8/886
f 1025/6/883 1027/8/881 1034/6/896
f 1030/8/888 1034/6/896 1027/8/881
f 1020/7/866 1032/6/890 1019/6/865
f 1032/6/890 1020/7/866 1031/7/889
f 1019/6/871 1032/6/891 1020/7/870
f 1031/7/892 1020/7/870 1032/6/891
f 1029/8/885 1034/6/895 1033/6/893
f 1034/6/895 1029/8/885 1030/8/886
f 1033/6/894 1034/6/896 1029/8/887
f 1030/8/888 1029/8/887 1034/6/896
f 1037/6/899 1036/7/898 1035/6/897
f 1036/7/898 1037/6/899 1038/7/900
f 1035/6/903 1036/7/902 1037/6/901
f 1038/7/904 1037/6/901 1036/7/902
f 1038/7/900 1039/7/905 1036/7/898
f 1039/7/905 1038/7/900 1040/7/906
f 1036/7/902 1039/7/907 1038/7/904
f 1040/7/908 1038/7/904 1039/7/907
f 1036/7/898 1041/6/909 1035/6/897
f 1041/6/909 1036/7/898 1039/7/905
f 1035/6/903 1041/6/910 1036/7/902
f 1039/7/907 1036/7/902 1041/6/910
f 1042/6/911 1038/7/900 1037/6/899
f 1038/7/900 1042/6/911 1040/7/906
f 1037/6/901 1038/7/904 1042/6/912
f 1040/7/908 1042/6/912 1038/7/904
f 1040/7/906 1041/6/909 1039/7/905
f 1041/6/909 1040/7/906 1042/6/911
f 1039/7/907 1041/6/910 1040/7/908
f 1042/6/912 1040/7/908 1041/6/910
f 1045/15/915 1044/16/914 1043/15/913
f 1043/15/918 1044/16/917 1045/15/916
f 1048/6/921 1047/17/920 1046/6/919
f 1046/6/924 1047/17/923 1048/6/922
f 1049/10/925 1045/15/915 1043/15/913
f 1043/15/918 1045/15/916 1049/10/926
f 1052/15/929 1051/15/928 1050/16/927
f 1050/16/932 1051/15/931 1052/15/930
f 1054/17/934 1053/16/933 1047/17/920
f 1047/17/923 1053/16/936 1054/17/935
f 1054/17/934 1055/16/937 1053/16/933
f 1053/16/936 1055/16/938 1054/17/935
f 1043/15/913 1044/16/914 1056/16/939
f 1056/16/940 1044/16/917 1043/15/918
f 1059/10/943 1058/15/942 1057/15/941
f 1057/15/946 1058/15/945 1059/10/944
f 1062/17/949 1061/6/948 1060/6/947
f 1060/6/952 1061/6/951 1062/17/950
f 1064/16/954 1050/16/927 1063/17/953
f 1063/17/956 1050/16/932 1064/16/955
f 1065/17/957 1061/6/948 1062/17/949
f 1062/17/950 1061/6/951 1065/17/958
f 1068/15/961 1067/10/960 1066/15/959
f 1066/15/964 1067/10/963 1068/15/962
f 1069/10/965 1058/15/942 1059/10/943
f 1059/10/944 1058/15/945 1069/10/966
f 1067/10/960 1070/10/967 1066/15/959
f 1066/15/964 1070/10/968 1067/10/963
f 1073/17/971 1072/6/970 1071/17/969
f 1071/17/974 1072/6/973 1073/17/972
f 1076/17/977 1075/6/976 1074/6/975
f 1074/6/980 1075/6/979 1076/17/978
f 1078/10/982 1077/10/981 1051/15/928
f 1051/15/931 1077/10/984 1078/10/983
f 1058/15/942 1079/16/985 1057/15/941
f 1057/15/946 1079/16/986 1058/15/945
f 1052/15/929 1078/10/982 1051/15/928
f 1051/15/931 1078/10/983 1052/15/930
f 1055/16/937 1066/15/959 1053/16/933
f 1053/16/936 1066/15/964 1055/16/938
f 1054/17/934 1047/17/920 1048/6/921
f 1048/6/922 1047/17/923 1054/17/935
f 1079/16/985 1073/17/971 1080/16/987
f 1080/16/988 1073/17/972 1079/16/986
f 1071/17/969 1072/6/970 1081/6/989
f 1081/6/990 1072/6/973 1071/17/974
f 1057/15/941 1079/16/985 1080/16/987
f 1080/16/988 1079/16/986 1057/15/946
f 1068/15/961 1066/15/959 1055/16/937
f 1055/16/938 1066/15/964 1068/15/962
f 1080/16/987 1073/17/971 1071/17/969
f 1071/17/974 1073/17/972 1080/16/988
f 1076/17/977 1064/16/954 1063/17/953
f 1063/17/956 1064/16/955 1076/17/978
f 1052/15/929 1050/16/927 1064/16/954
f 1064/16/955 1050/16/932 1052/15/930
f 1082/10/991 1045/15/915 1049/10/925
f 1049/10/926 1045/15/916 1082/10/992
f 1076/17/977 1063/17/953 1075/6/976
f 1075/6/979 1063/17/956 1076/17/978
f 1056/16/939 1065/17/957 1062/17/949
f 1062/17/950 1065/17/958 1056/16/940
f 1083/15/993 1068/15/961 1055/16/937
f 1055/16/938 1068/15/962 1083/15/994
f 1085/17/996 1084/16/995 1054/17/934
f 1054/17/935 1084/16/998 1085/17/997
f 1087/15/1000 1057/15/941 1086/16/999
f 1086/16/1002 1057/15/946 1087/15/1001
f 1083/15/993 1088/10/1003 1068/15/961
f 1068/15/962 1088/10/1004 1083/15/994
f 1071/17/969 1081/6/989 1089/6/1005
f 1089/6/1006 1081/6/990 1071/17/974
f 1080/16/987 1071/17/969 1090/17/1007
f 1090/17/1008 1071/17/974 1080/16/988
f 1049/10/925 1043/15/913 1091/10/1009
f 1091/10/1010 1043/15/918 1049/10/926
f 1083/15/993 1055/16/937 1084/16/995
f 1084/16/998 1055/16/938 1083/15/994
f 1085/17/996 1054/17/934 1048/6/921
f 1048/6/922 1054/17/935 1085/17/997
f 1085/17/996 1048/6/921 1092/6/1011
f 1092/6/1012 1048/6/922 1085/17/997
f 1088/10/1003 1067/10/960 1068/15/961
f 1068/15/962 1067/10/963 1088/10/1004
f 1045/15/915 1052/15/929 1064/16/954
f 1064/16/955 1052/15/930 1045/15/916
f 1062/17/949 1060/6/947 1093/6/1013
f 1093/6/1014 1060/6/952 1062/17/950
f 1057/15/941 1080/16/987 1086/16/999
f 1086/16/1002 1080/16/988 1057/15/946
f 1043/15/913 1095/16/1016 1094/15/1015
f 1094/15/1018 1095/16/1017 1043/15/918
f 1084/16/995 1055/16/937 1054/17/934
f 1054/17/935 1055/16/938 1084/16/998
f 1065/17/957 1044/16/914 1076/17/977
f 1076/17/978 1044/16/917 1065/17/958
f 1044/16/914 1064/16/954 1076/17/977
f 1076/17/978 1064/16/955 1044/16/917
f 1044/16/914 1065/17/957 1056/16/939
f 1056/16/940 1065/17/958 1044/16/917
f 1086/16/999 1080/16/987 1090/17/1007
f 1090/17/1008 1080/16/988 1086/16/1002
f 1095/16/1016 1056/16/939 1096/17/1019
f 1096/17/1020 1056/16/940 1095/16/1017
f 1059/10/943 1057/15/941 1087/15/1000
f 1087/15/1001 1057/15/946 1059/10/944
f 1045/15/915 1064/16/954 1044/16/914
f 1044/16/917 1064/16/955 1045/15/916
f 1043/15/913 1056/16/939 1095/16/1016
f 1095/16/1017 1056/16/940 1043/15/918
f 1091/10/1009 1043/15/913 1094/15/1015
f 1094/15/1018 1043/15/918 1091/10/1010
f 1065/17/957 1074/6/975 1061/6/948
f 1061/6/951 1074/6/980 1065/17/958
f 1065/17/957 1076/17/977 1074/6/975
f 1074/6/980 1076/17/978 1065/17/958
f 1071/17/969 1089/6/1005 1090/17/1007
f 1090/17/1008 1089/6/1006 1071/17/974
f 1082/10/991 1078/10/982 1052/15/929
f 1052/15/930 1078/10/983 1082/10/992
f 1056/16/939 1062/17/949 1096/17/1019
f 1096/17/1020 1062/17/950 1056/16/940
f 1045/15/915 1082/10/991 1052/15/929
f 1052/15/930 1082/10/992 1045/15/916
f 1096/17/1019 1062/17/949 1093/6/1013
f 1093/6/1014 1062/17/950 1096/17/1020
f 1059/10/943 1087/15/1000 1097/10/1021
f 1097/10/1022 1087/15/1001 1059/10/944
f 1100/6/1024 1099/10/1023 1098/6/1023
f 1099/10/1023 1100/6/1024 1101/10/1024
f 1098/6/1026 1099/10/1026 1100/6/1025
f 1101/10/1025 1100/6/1025 1099/10/1026
f 1078/10/1 1088/10/1 1077/10/1
f 1078/10/1 1067/10/1 1088/10/1
f 1102/10/1 1067/10/1 1078/10/1
f 1078/10/1 1103/10/1 1102/10/1
f 1067/10/1 1102/10/1 1104/10/1
f 1104/10/1 1070/10/1 1067/10/1
f 1070/10/1 1104/10/1 1105/10/1
f 1103/10/1 1078/10/1 1082/10/1
f 1082/10/1 1101/10/1 1103/10/1
f 1101/10/1 1082/10/1 1049/10/1
f 1049/10/1 1099/10/1 1101/10/1
f 1099/10/1 1049/10/1 1091/10/1
f 1099/10/1 1091/10/1 1069/10/1
f 1099/10/1 1069/10/1 1059/10/1
f 1059/10/1 1106/10/1 1099/10/1
f 1106/10/1 1059/10/1 1097/10/1
f 1077/10/2 1088/10/2 1078/10/2
f 1088/10/2 1067/10/2 1078/10/2
f 1078/10/2 1067/10/2 1102/10/2
f 1102/10/2 1103/10/2 1078/10/2
f 1104/10/2 1102/10/2 1067/10/2
f 1067/10/2 1070/10/2 1104/10/2
f 1105/10/2 1104/10/2 1070/10/2
f 1082/10/2 1078/10/2 1103/10/2
f 1103/10/2 1101/10/2 1082/10/2
f 1049/10/2 1082/10/2 1101/10/2
f 1101/10/2 1099/10/2 1049/10/2
f 1091/10/2 1049/10/2 1099/10/2
f 1069/10/2 1091/10/2 1099/10/2
f 1059/10/2 1069/10/2 1099/10/2
f 1099/10/2 1106/10/2 1059/10/2
f 1097/10/2 1059/10/2 1106/10/2
f 1107/6/1027 1101/10/1024 1100/6/1024
f 1101/10/1024 1107/6/1027 1103/10/1027
f 1100/6/1025 1101/10/1025 1107/6/1028
f 1103/10/1028 1107/6/1028 1101/10/1025
f 1104/10/1029 1109/6/1030 1108/6/1029
f 1109/6/1030 1104/10/1029 1102/10/1030
f 1108/6/1031 1109/6/1032 1104/10/1031
f 1102/10/1032 1104/10/1031 1109/6/1032
f 1102/10/1030 1107/6/1027 1109/6/1030
f 1107/6/1027 1102/10/1030 1103/10/1027
f 1109/6/1032 1107/6/1028 1102/10/1032
f 1103/10/1028 1102/10/1032 1107/6/1028
f 1105/10/1033 1108/6/1029 1110/6/1033
f 1108/6/1029 1105/10/1033 1104/10/1029
f 1110/6/1034 1108/6/1031 1105/10/1034
f 1104/10/1031 1105/10/1034 1108/6/1031
f 1092/6/2 1074/6/2 1075/6/2
f 1048/6/2 1074/6/2 1092/6/2
f 1048/6/2 1109/6/2 1074/6/2
f 1107/6/2 1074/6/2 1109/6/2
f 1109/6/2 1048/6/2 1108/6/2
f 1046/6/2 1108/6/2 1048/6/2
f 1108/6/2 1046/6/2 1110/6/2
f 1074/6/2 1107/6/2 1061/6/2
f 1100/6/2 1061/6/2 1107/6/2
f 1061/6/2 1100/6/2 1060/6/2
f 1098/6/2 1060/6/2 1100/6/2
f 1060/6/2 1098/6/2 1093/6/2
f 1093/6/2 1098/6/2 1072/6/2
f 1072/6/2 1098/6/2 1081/6/2
f 1111/6/2 1081/6/2 1098/6/2
f 1081/6/2 1111/6/2 1089/6/2
f 1075/6/1 1074/6/1 1092/6/1
f 1092/6/1 1074/6/1 1048/6/1
f 1074/6/1 1109/6/1 1048/6/1
f 1108/6/1 1048/6/1 1109/6/1
f 1048/6/1 1108/6/1 1046/6/1
f 1110/6/1 1046/6/1 1108/6/1
f 1109/6/1 1074/6/1 1107/6/1
f 1061/6/1 1107/6/1 1074/6/1
f 1107/6/1 1061/6/1 1100/6/1
f 1060/6/1 1100/6/1 1061/6/1
f 1100/6/1 1060/6/1 1098/6/1
f 1093/6/1 1098/6/1 1060/6/1
f 1072/6/1 1098/6/1 1093/6/1
f 1081/6/1 1098/6/1 1072/6/1
f 1098/6/1 1081/6/1 1111/6/1
f 1089/6/1 1111/6/1 1081/6/1
f 1083/15/993 1077/10/981 1088/10/1003
f 1077/10/981 1083/15/993 1051/15/928
f 1088/10/1004 1077/10/984 1083/15/994
f 1051/15/931 1083/15/994 1077/10/984
f 1073/17/971 1093/6/1013 1072/6/970
f 1093/6/1013 1073/17/971 1096/17/1019
f 1072/6/973 1093/6/1014 1073/17/972
f 1096/17/1020 1073/17/972 1093/6/1014
f 1050/16/927 1083/15/993 1084/16/995
f 1083/15/993 1050/16/927 1051/15/928
f 1084/16/998 1083/15/994 1050/16/932
f 1051/15/931 1050/16/932 1083/15/994
f 1085/17/996 1050/16/927 1084/16/995
f 1050/16/927 1085/17/996 1063/17/953
f 1084/16/998 1050/16/932 1085/17/997
f 1063/17/956 1085/17/997 1050/16/932
f 1079/16/985 1096/17/1019 1073/17/971
f 1096/17/1019 1079/16/985 1095/16/1016
f 1073/17/972 1096/17/1020 1079/16/986
f 1095/16/1017 1079/16/986 1096/17/1020
f 1075/6/976 1085/17/996 1092/6/1011
f 1085/17/996 1075/6/976 1063/17/953
f 1092/6/1012 1085/17/997 1075/6/979
f 1063/17/956 1075/6/979 1085/17/997
f 1047/17/1035 1110/6/1035 1046/6/1035
f 1110/6/1035 1047/17/1035 1105/10/1035
f 1105/10/1035 1047/17/1035 1053/16/1035
f 1105/10/1035 1053/16/1035 1066/15/1035
f 1105/10/1035 1066/15/1035 1070/10/1035
f 1046/6/1036 1110/6/1036 1047/17/1036
f 1105/10/1036 1047/17/1036 1110/6/1036
f 1053/16/1036 1047/17/1036 1105/10/1036
f 1066/15/1036 1053/16/1036 1105/10/1036
f 1070/10/1036 1066/15/1036 1105/10/1036
f 1069/10/965 1094/15/1015 1058/15/942
f 1094/15/1015 1069/10/965 1091/10/1009
f 1058/15/945 1094/15/1018 1069/10/966
f 1091/10/1010 1069/10/966 1094/15/1018
f 1058/15/942 1095/16/1016 1079/16/985
f 1095/16/1016 1058/15/942 1094/15/1015
f 1079/16/986 1095/16/1017 1058/15/945
f 1094/15/1018 1058/15/945 1095/16/1017
f 1111/6/1037 1090/17/1037 1089/6/1037
f 1090/17/1037 1111/6/1037 1087/15/1037
f 1087/15/1037 1086/16/1037 1090/17/1037
f 1106/10/1037 1087/15/1037 1111/6/1037
f 1087/15/1037 1106/10/1037 1097/10/1037
f 1089/6/1038 1090/17/1038 1111/6/1038
f 1087/15/1038 1111/6/1038 1090/17/1038
f 1090/17/1038 1086/16/1038 1087/15/1038
f 1111/6/1038 1087/15/1038 1106/10/1038
f 1097/10/1038 1106/10/1038 1087/15/1038
f 1099/10/1023 1111/6/1039 1098/6/1023
f 1111/6/1039 1099/10/1023 1106/10/1039
f 1098/6/1026 1111/6/1040 1099/10/1026
f 1106/10/1040 1099/10/1026 1111/6/1040
f 1114/6/2 1113/6/2 1112/6/2
f 1113/6/2 1114/6/2 1115/6/2
f 1115/6/2 1114/6/2 1116/6/2
f 1115/6/2 1116/6/2 1117/6/2
f 1112/6/1 1113/6/1 1114/6/1
f 1115/6/1 1114/6/1 1113/6/1
f 1116/6/1 1114/6/1 1115/6/1
f 1117/6/1 1116/6/1 1115/6/1
f 1118/18/1043 1113/6/1042 1115/6/1041
f 1113/6/1042 1118/18/1043 1119/18/1044
f 1115/6/1047 1113/6/1046 1118/18/1045
f 1119/18/1048 1118/18/1045 1113/6/1046
f 1116/6/1051 1120/18/1050 1117/6/1049
f 1120/18/1050 1116/6/1051 1121/18/1052
f 1117/6/1055 1120/18/1054 1116/6/1053
f 1121/18/1056 1116/6/1053 1120/18/1054
f 1117/6/1049 1118/18/1043 1115/6/1041
f 1118/18/1043 1117/6/1049 1120/18/1050
f 1115/6/1047 1118/18/1045 1117/6/1055
f 1120/18/1054 1117/6/1055 1118/18/1045
f 1122/18/1058 1116/6/1051 1114/6/1057
f 1116/6/1051 1122/18/1058 1121/18/1052
f 1114/6/1060 1116/6/1053 1122/18/1059
f 1121/18/1056 1122/18/1059 1116/6/1053
f 1119/18/1044 1112/6/1061 1113/6/1042
f 1112/6/1061 1119/18/1044 1123/18/1062
f 1113/6/1046 1112/6/1063 1119/18/1048
f 1123/18/1064 1119/18/1048 1112/6/1063
f 1123/18/1062 1114/6/1057 1112/6/1061
f 1114/6/1057 1123/18/1062 1122/18/1058
f 1112/6/1063 1114/6/1060 1123/18/1064
f 1122/18/1059 1123/18/1064 1114/6/1060
f 1126/10/1067 1125/10/1066 1124/10/1065
f 1125/10/1066 1126/10/1067 1127/10/1068
f 1125/10/1066 1127/10/1068 1128/10/1069
f 1128/10/1069 1127/10/1068 1129/10/1070
f 1124/10/1073 1125/10/1072 1126/10/1071
f 1127/10/1074 1126/10/1071 1125/10/1072
f 1128/10/1075 1127/10/1074 1125/10/1072
f 1129/10/1076 1127/10/1074 1128/10/1075
f 1118/18/1043 1129/10/1070 1127/10/1068
f 1129/10/1070 1118/18/1043 1120/18/1050
f 1127/10/1074 1129/10/1076 1118/18/1045
f 1120/18/1054 1118/18/1045 1129/10/1076
f 1125/10/1066 1121/18/1052 1122/18/1058
f 1121/18/1052 1125/10/1066 1128/10/1069
f 1122/18/1059 1121/18/1056 1125/10/1072
f 1128/10/1075 1125/10/1072 1121/18/1056
f 1119/18/1044 1124/10/1065 1123/18/1062
f 1124/10/1065 1119/18/1044 1126/10/1067
f 1123/18/1064 1124/10/1073 1119/18/1048
f 1126/10/1071 1119/18/1048 1124/10/1073
f 1129/10/1070 1121/18/1052 1128/10/1069
f 1121/18/1052 1129/10/1070 1120/18/1050
f 1128/10/1075 1121/18/1056 1129/10/1076
f 1120/18/1054 1129/10/1076 1121/18/1056
f 1124/10/1065 1122/18/1058 1123/18/1062
f 1122/18/1058 1124/10/1065 1125/10/1066
f 1123/18/1064 1122/18/1059 1124/10/1073
f 1125/10/1072 1124/10/1073 1122/18/1059
f 1118/18/1043 1126/10/1067 1119/18/1044
f 1126/10/1067 1118/18/1043 1127/10/1068
f 1119/18/1048 1126/10/1071 1118/18/1045
f 1127/10/1074 1118/18/1045 1126/10/1071
f 1132/13/1079 1131/12/1078 1130/12/1077
f 1131/12/1078 1132/13/1079 1133/13/1080
f 1130/12/1083 1131/12/1082 1132/13/1081
f 1133/13/1084 1132/13/1081 1131/12/1082
f 1136/13/1087 1135/13/1086 1134/13/1085
f 1135/13/1086 1136/13/1087 1137/13/1088
f 1134/13/1091 1135/13/1090 1136/13/1089
f 1137/13/1092 1136/13/1089 1135/13/1090
f 1139/13/1094 1132/13/1079 1138/13/1093
f 1132/13/1079 1139/13/1094 1133/13/1080
f 1138/13/1096 1132/13/1081 1139/13/1095
f 1133/13/1084 1139/13/1095 1132/13/1081
f 1142/10/874 1141/12/890 1140/10/889
f 1141/12/890 1142/10/874 1143/12/873
f 1140/10/892 1141/12/891 1142/10/876
f 1143/12/875 1142/10/876 1141/12/891
f 1145/10/868 1140/10/889 1144/10/866
f 1140/10/889 1145/10/868 1142/10/874
f 1144/10/870 1140/10/892 1145/10/872
f 1142/10/876 1145/10/872 1140/10/892
f 1144/10/866 1141/12/890 1146/12/865
f 1141/12/890 1144/10/866 1140/10/889
f 1146/12/871 1141/12/891 1144/10/870
f 1140/10/892 1144/10/870 1141/12/891
f 1138/13/1093 1130/12/1077 1147/12/1097
f 1130/12/1077 1138/13/1093 1132/13/1079
f 1147/12/1098 1130/12/1083 1138/13/1096
f 1132/13/1081 1138/13/1096 1130/12/1083
f 1148/12/1099 1133/13/1080 1139/13/1094
f 1133/13/1080 1148/12/1099 1131/12/1078
f 1139/13/1095 1133/13/1084 1148/12/1100
f 1131/12/1082 1148/12/1100 1133/13/1084
f 1151/14/1103 1150/14/1102 1149/14/1101
f 1150/14/1102 1151/14/1103 1152/14/1104
f 1149/14/1107 1150/14/1106 1151/14/1105
f 1152/14/1108 1151/14/1105 1150/14/1106
f 1152/14/1104 1153/12/1109 1150/14/1102
f 1153/12/1109 1152/14/1104 1154/12/1110
f 1150/14/1106 1153/12/1111 1152/14/1108
f 1154/12/1112 1152/14/1108 1153/12/1111
f 1156/12/1114 1149/14/1101 1155/12/1113
f 1149/14/1101 1156/12/1114 1151/14/1103
f 1155/12/1116 1149/14/1107 1156/12/1115
f 1151/14/1105 1156/12/1115 1149/14/1107
f 1154/12/1110 1151/14/1103 1156/12/1114
f 1151/14/1103 1154/12/1110 1152/14/1104
f 1156/12/1115 1151/14/1105 1154/12/1112
f 1152/14/1108 1154/12/1112 1151/14/1105
f 1137/13/1088 1157/12/1117 1135/13/1086
f 1157/12/1117 1137/13/1088 1158/12/1118
f 1135/13/1090 1157/12/1119 1137/13/1092
f 1158/12/1120 1137/13/1092 1157/12/1119
f 1158/12/1118 1136/13/1087 1159/12/1121
f 1136/13/1087 1158/12/1118 1137/13/1088
f 1159/12/1122 1136/13/1089 1158/12/1120
f 1137/13/1092 1158/12/1120 1136/13/1089
f 1134/13/1085 1157/12/1117 1160/12/1123
f 1157/12/1117 1134/13/1085 1135/13/1086
f 1160/12/1124 1157/12/1119 1134/13/1091
f 1135/13/1090 1134/13/1091 1157/12/1119
f 1163/12/873 1162/14/868 1161/12/867
f 1162/14/868 1163/12/873 1164/14/874
f 1161/12/869 1162/14/872 1163/12/875
f 1164/14/876 1163/12/875 1162/14/872
f 1159/12/1121 1134/13/1085 1160/12/1123
f 1134/13/1085 1159/12/1121 1136/13/1087
f 1160/12/1124 1134/13/1091 1159/12/1122
f 1136/13/1089 1159/12/1122 1134/13/1091
f 1162/14/868 1166/14/889 1165/14/866
f 1166/14/889 1162/14/868 1164/14/874
f 1165/14/870 1166/14/892 1162/14/872
f 1164/14/876 1162/14/872 1166/14/892
f 1167/12/867 1144/10/866 1146/12/865
f 1144/10/866 1167/12/867 1145/10/868
f 1146/12/871 1144/10/870 1167/12/869
f 1145/10/872 1167/12/869 1144/10/870
f 1165/14/866 1169/12/890 1168/12/865
f 1169/12/890 1165/14/866 1166/14/889
f 1168/12/871 1169/12/891 1165/14/870
f 1166/14/892 1165/14/870 1169/12/891
f 1149/14/1101 1153/12/1109 1155/12/1113
f 1153/12/1109 1149/14/1101 1150/14/1102
f 1155/12/1116 1153/12/1111 1149/14/1107
f 1150/14/1106 1149/14/1107 1153/12/1111
f 1143/12/873 1145/10/868 1167/12/867
f 1145/10/868 1143/12/873 1142/10/874
f 1167/12/869 1145/10/872 1143/12/875
f 1142/10/876 1143/12/875 1145/10/872
f 1161/12/867 1165/14/866 1168/12/865
f 1165/14/866 1161/12/867 1162/14/868
f 1168/12/871 1165/14/870 1161/12/869
f 1162/14/872 1161/12/869 1165/14/870
f 1148/12/1099 1138/13/1093 1147/12/1097
f 1138/13/1093 1148/12/1099 1139/13/1094
f 1147/12/1098 1138/13/1096 1148/12/1100
f 1139/13/1095 1148/12/1100 1138/13/1096
f 1172/12/873 1171/14/868 1170/12/867
f 1171/14/868 1172/12/873 1173/14/874
f 1170/12/869 1171/14/872 1172/12/875
f 1173/14/876 1172/12/875 1171/14/872
f 1164/14/874 1169/12/890 1166/14/889
f 1169/12/890 1164/14/874 1163/12/873
f 1166/14/892 1169/12/891 1164/14/876
f 1163/12/875 1164/14/876 1169/12/891
f 1171/14/868 1175/14/889 1174/14/866
f 1175/14/889 1171/14/868 1173/14/874
f 1174/14/870 1175/14/892 1171/14/872
f 1173/14/876 1171/14/872 1175/14/892
f 1173/14/874 1176/12/890 1175/14/889
f 1176/12/890 1173/14/874 1172/12/873
f 1175/14/892 1176/12/891 1173/14/876
f 1172/12/875 1173/14/876 1176/12/891
f 1170/12/867 1174/14/866 1177/12/865
f 1174/14/866 1170/12/867 1171/14/868
f 1177/12/871 1174/14/870 1170/12/869
f 1171/14/872 1170/12/869 1174/14/870
f 1174/14/866 1176/12/890 1177/12/865
f 1176/12/890 1174/14/866 1175/14/889
f 1177/12/871 1176/12/891 1174/14/870
f 1175/14/892 1174/14/870 1176/12/891
f 1180/13/1127 1179/13/1126 1178/13/1125
f 1179/13/1126 1180/13/1127 1181/13/1128
f 1178/13/1131 1179/13/1130 1180/13/1129
f 1181/13/1132 1180/13/1129 1179/13/1130
f 1178/13/1125 1183/12/1134 1182/12/1133
f 1183/12/1134 1178/13/1125 1179/13/1126
f 1182/12/1136 1183/12/1135 1178/13/1131
f 1179/13/1130 1178/13/1131 1183/12/1135
f 1184/12/1137 1178/13/1125 1182/12/1133
f 1178/13/1125 1184/12/1137 1180/13/1127
f 1182/12/1136 1178/13/1131 1184/12/1138
f 1180/13/1129 1184/12/1138 1178/13/1131
f 1179/13/1126 1185/12/1139 1183/12/1134
f 1185/12/1139 1179/13/1126 1181/13/1128
f 1183/12/1135 1185/12/1140 1179/13/1130
f 1181/13/1132 1179/13/1130 1185/12/1140
f 1184/12/1137 1181/13/1128 1180/13/1127
f 1181/13/1128 1184/12/1137 1185/12/1139
f 1180/13/1129 1181/13/1132 1184/12/1138
f 1185/12/1140 1184/12/1138 1181/13/1132
f 1188/12/1143 1187/13/1142 1186/12/1141
f 1187/13/1142 1188/12/1143 1189/13/1144
f 1186/12/1147 1187/13/1146 1188/12/1145
f 1189/13/1148 1188/12/1145 1187/13/1146
f 1187/13/1142 1191/13/1150 1190/13/1149
f 1191/13/1150 1187/13/1142 1189/13/1144
f 1190/13/1152 1191/13/1151 1187/13/1146
f 1189/13/1148 1187/13/1146 1191/13/1151
f 1187/13/1142 1192/12/1153 1186/12/1141
f 1192/12/1153 1187/13/1142 1190/13/1149
f 1186/12/1147 1192/12/1154 1187/13/1146
f 1190/13/1152 1187/13/1146 1192/12/1154
f 1191/13/1150 1188/12/1143 1193/12/1155
f 1188/12/1143 1191/13/1150 1189/13/1144
f 1193/12/1156 1188/12/1145 1191/13/1151
f 1189/13/1148 1191/13/1151 1188/12/1145
f 1190/13/1149 1193/12/1155 1192/12/1153
f 1193/12/1155 1190/13/1149 1191/13/1150
f 1192/12/1154 1193/12/1156 1190/13/1152
f 1191/13/1151 1190/13/1152 1193/12/1156
f 1196/14/1103 1195/14/1102 1194/14/1101
f 1195/14/1102 1196/14/1103 1197/14/1104
f 1194/14/1107 1195/14/1106 1196/14/1105
f 1197/14/1108 1196/14/1105 1195/14/1106
f 1197/14/1104 1198/12/1109 1195/14/1102
f 1198/12/1109 1197/14/1104 1199/12/1110
f 1195/14/1106 1198/12/1111 1197/14/1108
f 1199/12/1112 1197/14/1108 1198/12/1111
f 1202/13/1159 1201/13/1158 1200/13/1157
f 1201/13/1158 1202/13/1159 1203/13/1160
f 1200/13/1163 1201/13/1162 1202/13/1161
f 1203/13/1164 1202/13/1161 1201/13/1162
f 1200/13/1157 1205/12/1166 1204/12/1165
f 1205/12/1166 1200/13/1157 1201/13/1158
f 1204/12/1168 1205/12/1167 1200/13/1163
f 1201/13/1162 1200/13/1163 1205/12/1167
f 1194/14/1101 1198/12/1109 1206/12/1113
f 1198/12/1109 1194/14/1101 1195/14/1102
f 1206/12/1116 1198/12/1111 1194/14/1107
f 1195/14/1106 1194/14/1107 1198/12/1111
f 1199/12/1110 1196/14/1103 1207/12/1114
f 1196/14/1103 1199/12/1110 1197/14/1104
f 1207/12/1115 1196/14/1105 1199/12/1112
f 1197/14/1108 1199/12/1112 1196/14/1105
f 1201/13/1158 1208/12/1169 1205/12/1166
f 1208/12/1169 1201/13/1158 1203/13/1160
f 1205/12/1167 1208/12/1170 1201/13/1162
f 1203/13/1164 1201/13/1162 1208/12/1170
f 1209/12/1171 1200/13/1157 1204/12/1165
f 1200/13/1157 1209/12/1171 1202/13/1159
f 1204/12/1168 1200/13/1163 1209/12/1172
f 1202/13/1161 1209/12/1172 1200/13/1163
f 1209/12/1171 1203/13/1160 1202/13/1159
f 1203/13/1160 1209/12/1171 1208/12/1169
f 1202/13/1161 1203/13/1164 1209/12/1172
f 1208/12/1170 1209/12/1172 1203/13/1164
f 1207/12/1114 1194/14/1101 1206/12/1113
f 1194/14/1101 1207/12/1114 1196/14/1103
f 1206/12/1116 1194/14/1107 1207/12/1115
f 1196/14/1105 1207/12/1115 1194/14/1107
f 1212/6/861 1211/7/858 1210/6/863
f 1211/7/858 1212/6/861 1213/7/857
f 1210/6/864 1211/7/860 1212/6/862
f 1213/7/859 1212/6/862 1211/7/860
f 1215/7/844 1212/6/861 1214/6/842
f 1212/6/861 1215/7/844 1213/7/857
f 1214/6/846 1212/6/862 1215/7/848
f 1213/7/859 1215/7/848 1212/6/862
f 1218/8/835 1217/6/834 1216/6/833
f 1217/6/834 1218/8/835 1219/8/836
f 1216/6/839 1217/6/838 1218/8/837
f 1219/8/840 1218/8/837 1217/6/838
f 1217/6/834 1221/8/851 1220/6/849
f 1221/8/851 1217/6/834 1219/8/836
f 1220/6/855 1221/8/853 1217/6/838
f 1219/8/840 1217/6/838 1221/8/853
f 1223/8/852 1216/6/833 1222/6/850
f 1216/6/833 1223/8/852 1218/8/835
f 1222/6/854 1216/6/839 1223/8/856
f 1218/8/837 1223/8/856 1216/6/839
f 1211/7/858 1224/6/841 1210/6/863
f 1224/6/841 1211/7/858 1225/7/843
f 1210/6/864 1224/6/847 1211/7/860
f 1225/7/845 1211/7/860 1224/6/847
f 1221/8/851 1222/6/850 1220/6/849
f 1222/6/850 1221/8/851 1223/8/852
f 1220/6/855 1222/6/854 1221/8/853
f 1223/8/856 1221/8/853 1222/6/854
f 1221/8/851 1218/8/835 1223/8/852
f 1218/8/835 1221/8/851 1219/8/836
f 1223/8/856 1218/8/837 1221/8/853
f 1219/8/840 1221/8/853 1218/8/837
f 1225/7/843 1213/7/857 1215/7/844
f 1213/7/857 1225/7/843 1211/7/858
f 1215/7/848 1213/7/859 1225/7/845
f 1211/7/860 1225/7/845 1213/7/859
f 1225/7/843 1214/6/842 1224/6/841
f 1214/6/842 1225/7/843 1215/7/844
f 1224/6/847 1214/6/846 1225/7/845
f 1215/7/848 1225/7/845 1214/6/846
f 1228/6/895 1227/8/879 1226/6/877
f 1227/8/879 1228/6/895 1229/8/886
f 1226/6/883 1227/8/881 1228/6/896
f 1229/8/888 1228/6/896 1227/8/881
f 1227/8/879 1231/8/885 1230/8/880
f 1231/8/885 1227/8/879 1229/8/886
f 1230/8/884 1231/8/887 1227/8/881
f 1229/8/888 1227/8/881 1231/8/887
f 1227/8/879 1232/6/878 1226/6/877
f 1232/6/878 1227/8/879 1230/8/880
f 1226/6/883 1232/6/882 1227/8/881
f 1230/8/884 1227/8/881 1232/6/882
f 1231/8/885 1228/6/895 1233/6/893
f 1228/6/895 1231/8/885 1229/8/886
f 1233/6/894 1228/6/896 1231/8/887
f 1229/8/888 1231/8/887 1228/6/896
f 1236/8/1175 1235/6/1174 1234/6/1173
f 1235/6/1174 1236/8/1175 1237/8/1176
f 1234/6/1179 1235/6/1178 1236/8/1177
f 1237/8/1180 1236/8/1177 1235/6/1178
f 1240/8/1183 1239/6/1182 1238/6/1181
f 1239/6/1182 1240/8/1183 1241/8/1184
f 1238/6/1187 1239/6/1186 1240/8/1185
f 1241/8/1188 1240/8/1185 1239/6/1186
f 1235/6/1174 1240/8/1183 1238/6/1181
f 1240/8/1183 1235/6/1174 1237/8/1176
f 1238/6/1187 1240/8/1185 1235/6/1178
f 1237/8/1180 1235/6/1178 1240/8/1185
f 1230/8/880 1233/6/893 1232/6/878
f 1233/6/893 1230/8/880 1231/8/885
f 1232/6/882 1233/6/894 1230/8/884
f 1231/8/887 1230/8/884 1233/6/894
f 1244/7/868 1243/7/889 1242/7/866
f 1243/7/889 1244/7/868 1245/7/874
f 1242/7/870 1243/7/892 1244/7/872
f 1245/7/876 1244/7/872 1243/7/892
f 1247/6/873 1244/7/868 1246/6/867
f 1244/7/868 1247/6/873 1245/7/874
f 1246/6/869 1244/7/872 1247/6/875
f 1245/7/876 1247/6/875 1244/7/872
f 1240/8/1183 1236/8/1175 1241/8/1184
f 1236/8/1175 1240/8/1183 1237/8/1176
f 1241/8/1188 1236/8/1177 1240/8/1185
f 1237/8/1180 1240/8/1185 1236/8/1177
f 1246/6/867 1242/7/866 1248/6/865
f 1242/7/866 1246/6/867 1244/7/868
f 1248/6/871 1242/7/870 1246/6/869
f 1244/7/872 1246/6/869 1242/7/870
f 1241/8/1184 1234/6/1173 1239/6/1182
f 1234/6/1173 1241/8/1184 1236/8/1175
f 1239/6/1186 1234/6/1179 1241/8/1188
f 1236/8/1177 1241/8/1188 1234/6/1179
f 1245/7/874 1249/6/890 1243/7/889
f 1249/6/890 1245/7/874 1247/6/873
f 1243/7/892 1249/6/891 1245/7/876
f 1247/6/875 1245/7/876 1249/6/891
f 1242/7/866 1249/6/890 1248/6/865
f 1249/6/890 1242/7/866 1243/7/889
f 1248/6/871 1249/6/891 1242/7/870
f 1243/7/892 1242/7/870 1249/6/891
f 1252/10/1 1251/10/1 1250/10/1
f 1251/10/1 1252/10/1 978/10/1
f 978/10/1 1252/10/1 1253/10/1
f 978/10/1 1253/10/1 1254/10/1
f 978/10/1 1254/10/1 1255/10/1
f 978/10/1 1255/10/1 1256/10/1
f 978/10/1 1256/10/1 943/10/1
f 1250/10/2 1251/10/2 1252/10/2
f 978/10/2 1252/10/2 1251/10/2
f 1253/10/2 1252/10/2 978/10/2
f 1254/10/2 1253/10/2 978/10/2
f 1255/10/2 1254/10/2 978/10/2
f 1256/10/2 1255/10/2 978/10/2
f 943/10/2 1256/10/2 978/10/2
f 1259/15/1191 1258/16/1190 1257/16/1189
f 1258/16/1190 1259/15/1191 1260/15/1192
f 1257/16/1195 1258/16/1194 1259/15/1193
f 1260/15/1196 1259/15/1193 1258/16/1194
f 1256/10/1197 1260/15/1192 1259/15/1191
f 1260/15/1192 1256/10/1197 1255/10/1198
f 1259/15/1193 1260/15/1196 1256/10/1199
f 1255/10/1200 1256/10/1199 1260/15/1196
f 1260/15/1192 1261/16/1201 1258/16/1190
f 1261/16/1201 1260/15/1192 1262/15/1202
f 1258/16/1194 1261/16/1203 1260/15/1196
f 1262/15/1204 1260/15/1196 1261/16/1203
f 1265/17/1207 1264/6/1206 1263/6/1205
f 1264/6/1206 1265/17/1207 1266/17/1208
f 1263/6/1211 1264/6/1210 1265/17/1209
f 1266/17/1212 1265/17/1209 1264/6/1210
f 1251/10/1213 1268/6/1213 1267/6/1213
f 1268/6/1213 1251/10/1213 978/10/1213
f 1267/6/1214 1268/6/1214 1251/10/1214
f 978/10/1214 1251/10/1214 1268/6/1214
f 1262/15/1202 1269/16/1215 1261/16/1201
f 1269/16/1215 1262/15/1202 1270/15/1216
f 1261/16/1203 1269/16/1217 1262/15/1204
f 1270/15/1218 1262/15/1204 1269/16/1217
f 1273/17/1221 1272/6/1220 1271/6/1219
f 1272/6/1220 1273/17/1221 1274/17/1222
f 1271/6/1225 1272/6/1224 1273/17/1223
f 1274/17/1226 1273/17/1223 1272/6/1224
f 1276/15/1228 1257/16/1189 1275/16/1227
f 1257/16/1189 1276/15/1228 1259/15/1191
f 1275/16/1230 1257/16/1195 1276/15/1229
f 1259/15/1193 1276/15/1229 1257/16/1195
f 1279/17/1233 1278/6/1232 1277/6/1231
f 1278/6/1232 1279/17/1233 1280/17/1234
f 1277/6/1237 1278/6/1236 1279/17/1235
f 1280/17/1238 1279/17/1235 1278/6/1236
f 1283/15/1241 1282/16/1240 1281/16/1239
f 1282/16/1240 1283/15/1241 1284/15/1242
f 1281/16/1245 1282/16/1244 1283/15/1243
f 1284/15/1246 1283/15/1243 1282/16/1244
f 1280/17/1234 1263/6/1205 1278/6/1232
f 1263/6/1205 1280/17/1234 1265/17/1207
f 1278/6/1236 1263/6/1211 1280/17/1238
f 1265/17/1209 1280/17/1238 1263/6/1211
f 1270/15/1216 1281/16/1239 1269/16/1215
f 1281/16/1239 1270/15/1216 1283/15/1241
f 1269/16/1217 1281/16/1245 1270/15/1218
f 1283/15/1243 1270/15/1218 1281/16/1245
f 1266/17/1208 1285/6/1247 1264/6/1206
f 1285/6/1247 1266/17/1208 1286/17/1248
f 1264/6/1210 1285/6/1249 1266/17/1212
f 1286/17/1250 1266/17/1212 1285/6/1249
f 1274/17/1222 1277/6/1231 1272/6/1220
f 1277/6/1231 1274/17/1222 1279/17/1233
f 1272/6/1224 1277/6/1237 1274/17/1226
f 1279/17/1235 1274/17/1226 1277/6/1237
f 1281/16/1239 1286/17/1248 1266/17/1208
f 1286/17/1248 1281/16/1239 1282/16/1240
f 1266/17/1212 1286/17/1250 1281/16/1245
f 1282/16/1244 1281/16/1245 1286/17/1250
f 1252/10/1251 1284/15/1242 1283/15/1241
f 1284/15/1242 1252/10/1251 1250/10/1252
f 1283/15/1243 1284/15/1246 1252/10/1253
f 1250/10/1254 1252/10/1253 1284/15/1246
f 1258/16/1190 1280/17/1234 1279/17/1233
f 1280/17/1234 1258/16/1190 1261/16/1201
f 1279/17/1235 1280/17/1238 1258/16/1194
f 1261/16/1203 1258/16/1194 1280/17/1238
f 943/10/1255 1259/15/1191 1276/15/1228
f 1259/15/1191 943/10/1255 1256/10/1197
f 1276/15/1229 1259/15/1193 943/10/1256
f 1256/10/1199 943/10/1256 1259/15/1193
f 1251/10/1257 1284/15/1257 1250/10/1257
f 1284/15/1257 1251/10/1257 1286/17/1257
f 1286/17/1257 1282/16/1257 1284/15/1257
f 1267/6/1257 1286/17/1257 1251/10/1257
f 1286/17/1257 1267/6/1257 1285/6/1257
f 1250/10/1258 1284/15/1258 1251/10/1258
f 1286/17/1258 1251/10/1258 1284/15/1258
f 1284/15/1258 1282/16/1258 1286/17/1258
f 1251/10/1258 1286/17/1258 1267/6/1258
f 1285/6/1258 1267/6/1258 1286/17/1258
f 1253/10/1259 1283/15/1241 1270/15/1216
f 1283/15/1241 1253/10/1259 1252/10/1251
f 1270/15/1218 1283/15/1243 1253/10/1260
f 1252/10/1253 1253/10/1260 1283/15/1243
f 1261/16/1201 1265/17/1207 1280/17/1234
f 1265/17/1207 1261/16/1201 1269/16/1215
f 1280/17/1238 1265/17/1209 1261/16/1203
f 1269/16/1217 1261/16/1203 1265/17/1209
f 1257/16/1189 1279/17/1233 1274/17/1222
f 1279/17/1233 1257/16/1189 1258/16/1190
f 1274/17/1226 1279/17/1235 1257/16/1195
f 1258/16/1194 1257/16/1195 1279/17/1235
f 1254/10/1261 1270/15/1216 1262/15/1202
f 1270/15/1216 1254/10/1261 1253/10/1259
f 1262/15/1204 1270/15/1218 1254/10/1262
f 1253/10/1260 1254/10/1262 1270/15/1218
f 1255/10/1198 1262/15/1202 1260/15/1192
f 1262/15/1202 1255/10/1198 1254/10/1261
f 1260/15/1196 1262/15/1204 1255/10/1200
f 1254/10/1262 1255/10/1200 1262/15/1204
f 1275/16/1227 1274/17/1222 1273/17/1221
f 1274/17/1222 1275/16/1227 1257/16/1189
f 1273/17/1223 1274/17/1226 1275/16/1230
f 1257/16/1195 1275/16/1230 1274/17/1226
f 1269/16/1215 1266/17/1208 1265/17/1207
f 1266/17/1208 1269/16/1215 1281/16/1239
f 1265/17/1209 1266/17/1212 1269/16/1217
f 1281/16/1245 1269/16/1217 1266/17/1212
f 1268/6/1258 1273/17/1258 1271/6/1258
f 1273/17/1258 1268/6/1258 1276/15/1258
f 1276/15/1258 1275/16/1258 1273/17/1258
f 978/10/1258 1276/15/1258 1268/6/1258
f 1276/15/1258 978/10/1258 943/10/1258
f 1271/6/1257 1273/17/1257 1268/6/1257
f 1276/15/1257 1268/6/1257 1273/17/1257
f 1273/17/1257 1275/16/1257 1276/15/1257
f 1268/6/1257 1276/15/1257 978/10/1257
f 943/10/1257 978/10/1257 1276/15/1257
f 1268/6/2 1285/6/2 1267/6/2
f 1285/6/2 1268/6/2 1264/6/2
f 1264/6/2 1268/6/2 1263/6/2
f 1263/6/2 1268/6/2 1278/6/2
f 1278/6/2 1268/6/2 1277/6/2
f 1277/6/2 1268/6/2 1272/6/2
f 1272/6/2 1268/6/2 1271/6/2
f 1267/6/1 1285/6/1 1268/6/1
f 1264/6/1 1268/6/1 1285/6/1
f 1263/6/1 1268/6/1 1264/6/1
f 1278/6/1 1268/6/1 1263/6/1
f 1277/6/1 1268/6/1 1278/6/1
f 1272/6/1 1268/6/1 1277/6/1
f 1271/6/1 1268/6/1 1272/6/1
f 1289/6/2 1288/6/2 1287/6/2
f 1288/6/2 1289/6/2 1290/6/2
f 1290/6/2 1289/6/2 1291/6/2
f 1290/6/2 1291/6/2 1292/6/2
f 1287/6/1 1288/6/1 1289/6/1
f 1290/6/1 1289/6/1 1288/6/1
f 1291/6/1 1289/6/1 1290/6/1
f 1292/6/1 1291/6/1 1290/6/1
f 1293/18/1265 1288/6/1264 1290/6/1263
f 1288/6/1264 1293/18/1265 1294/18/1266
f 1290/6/1269 1288/6/1268 1293/18/1267
f 1294/18/1270 1293/18/1267 1288/6/1268
f 1291/6/1273 1295/18/1272 1292/6/1271
f 1295/18/1272 1291/6/1273 1296/18/1274
f 1292/6/1277 1295/18/1276 1291/6/1275
f 1296/18/1278 1291/6/1275 1295/18/1276
f 1292/6/1271 1293/18/1265 1290/6/1263
f 1293/18/1265 1292/6/1271 1295/18/1272
f 1290/6/1269 1293/18/1267 1292/6/1277
f 1295/18/1276 1292/6/1277 1293/18/1267
f 1297/18/1280 1291/6/1273 1289/6/1279
f 1291/6/1273 1297/18/1280 1296/18/1274
f 1289/6/1282 1291/6/1275 1297/18/1281
f 1296/18/1278 1297/18/1281 1291/6/1275
f 1294/18/1266 1287/6/1283 1288/6/1264
f 1287/6/1283 1294/18/1266 1298/18/1284
f 1288/6/1268 1287/6/1285 1294/18/1270
f 1298/18/1286 1294/18/1270 1287/6/1285
f 1298/18/1284 1289/6/1279 1287/6/1283
f 1289/6/1279 1298/18/1284 1297/18/1280
f 1287/6/1285 1289/6/1282 1298/18/1286
f 1297/18/1281 1298/18/1286 1289/6/1282
f 1301/10/1289 1300/10/1288 1299/10/1287
f 1300/10/1288 1301/10/1289 1302/10/1290
f 1300/10/1288 1302/10/1290 1303/10/1291
f 1303/10/1291 1302/10/1290 1304/10/1292
f 1299/10/1295 1300/10/1294 1301/10/1293
f 1302/10/1296 1301/10/1293 1300/10/1294
f 1303/10/1297 1302/10/1296 1300/10/1294
f 1304/10/1298 1302/10/1296 1303/10/1297
f 1293/18/1265 1304/10/1292 1302/10/1290
f 1304/10/1292 1293/18/1265 1295/18/1272
f 1302/10/1296 1304/10/1298 1293/18/1267
f 1295/18/1276 1293/18/1267 1304/10/1298
f 1300/10/1288 1296/18/1274 1297/18/1280
f 1296/18/1274 1300/10/1288 1303/10/1291
f 1297/18/1281 1296/18/1278 1300/10/1294
f 1303/10/1297 1300/10/1294 1296/18/1278
f 1294/18/1266 1299/10/1287 1298/18/1284
f 1299/10/1287 1294/18/1266 1301/10/1289
f 1298/18/1286 1299/10/1295 1294/18/1270
f 1301/10/1293 1294/18/1270 1299/10/1295
f 1304/10/1292 1296/18/1274 1303/10/1291
f 1296/18/1274 1304/10/1292 1295/18/1272
f 1303/10/1297 1296/18/1278 1304/10/1298
f 1295/18/1276 1304/10/1298 1296/18/1278
f 1299/10/1287 1297/18/1280 1298/18/1284
f 1297/18/1280 1299/10/1287 1300/10/1288
f 1298/18/1286 1297/18/1281 1299/10/1295
f 1300/10/1294 1299/10/1295 1297/18/1281
f 1293/18/1265 1301/10/1289 1294/18/1266
f 1301/10/1289 1293/18/1265 1302/10/1290
f 1294/18/1270 1301/10/1293 1293/18/1267
f 1302/10/1296 1293/18/1267 1301/10/1293
f 1307/6/861 1306/7/858 1305/6/863
f 1306/7/858 1307/6/861 1308/7/857
f 1305/6/864 1306/7/860 1307/6/862
f 1308/7/859 1307/6/862 1306/7/860
f 1310/7/844 1307/6/861 1309/6/842
f 1307/6/861 1310/7/844 1308/7/857
f 1309/6/846 1307/6/862 1310/7/848
f 1308/7/859 1310/7/848 1307/6/862
f 1313/8/835 1312/6/834 1311/6/833
f 1312/6/834 1313/8/835 1314/8/836
f 1311/6/839 1312/6/838 1313/8/837
f 1314/8/840 1313/8/837 1312/6/838
f 1312/6/834 1316/8/851 1315/6/849
f 1316/8/851 1312/6/834 1314/8/836
f 1315/6/855 1316/8/853 1312/6/838
f 1314/8/840 1312/6/838 1316/8/853
f 1318/8/852 1311/6/833 1317/6/850
f 1311/6/833 1318/8/852 1313/8/835
f 1317/6/854 1311/6/839 1318/8/856
f 1313/8/837 1318/8/856 1311/6/839
f 1306/7/858 1319/6/841 1305/6/863
f 1319/6/841 1306/7/858 1320/7/843
f 1305/6/864 1319/6/847 1306/7/860
f 1320/7/845 1306/7/860 1319/6/847
f 1316/8/851 1317/6/850 1315/6/849
f 1317/6/850 1316/8/851 1318/8/852
f 1315/6/855 1317/6/854 1316/8/853
f 1318/8/856 1316/8/853 1317/6/854
f 1316/8/851 1313/8/835 1318/8/852
f 1313/8/835 1316/8/851 1314/8/836
f 1318/8/856 1313/8/837 1316/8/853
f 1314/8/840 1316/8/853 1313/8/837
f 1320/7/843 1308/7/857 1310/7/844
f 1308/7/857 1320/7/843 1306/7/858
f 1310/7/848 1308/7/859 1320/7/845
f 1306/7/860 1320/7/845 1308/7/859
f 1320/7/843 1309/6/842 1319/6/841
f 1309/6/842 1320/7/843 1310/7/844
f 1319/6/847 1309/6/846 1320/7/845
f 1310/7/848 1320/7/845 1309/6/846
f 1323/6/895 1322/8/879 1321/6/877
f 1322/8/879 1323/6/895 1324/8/886
f 1321/6/883 1322/8/881 1323/6/896
f 1324/8/888 1323/6/896 1322/8/881
f 1322/8/879 1326/8/885 1325/8/880
f 1326/8/885 1322/8/879 1324/8/886
f 1325/8/884 1326/8/887 1322/8/881
f 1324/8/888 1322/8/881 1326/8/887
f 1322/8/879 1327/6/878 1321/6/877
f 1327/6/878 1322/8/879 1325/8/880
f 1321/6/883 1327/6/882 1322/8/881
f 1325/8/884 1322/8/881 1327/6/882
f 1326/8/885 1323/6/895 1328/6/893
f 1323/6/895 1326/8/885 1324/8/886
f 1328/6/894 1323/6/896 1326/8/887
f 1324/8/888 1326/8/887 1323/6/896
f 1331/8/1175 1330/6/1174 1329/6/1173
f 1330/6/1174 1331/8/1175 1332/8/1176
f 1329/6/1179 1330/6/1178 1331/8/1177
f 1332/8/1180 1331/8/1177 1330/6/1178
f 1335/8/1183 1334/6/1182 1333/6/1181
f 1334/6/1182 1335/8/1183 1336/8/1184
f 1333/6/1187 1334/6/1186 1335/8/1185
f 1336/8/1188 1335/8/1185 1334/6/1186
f 1330/6/1174 1335/8/1183 1333/6/1181
f 1335/8/1183 1330/6/1174 1332/8/1176
f 1333/6/1187 1335/8/1185 1330/6/1178
f 1332/8/1180 1330/6/1178 1335/8/1185
f 1325/8/880 1328/6/893 1327/6/878
f 1328/6/893 1325/8/880 1326/8/885
f 1327/6/882 1328/6/894 1325/8/884
f 1326/8/887 1325/8/884 1328/6/894
f 1339/7/868 1338/7/889 1337/7/866
f 1338/7/889 1339/7/868 1340/7/874
f 1337/7/870 1338/7/892 1339/7/872
f 1340/7/876 1339/7/872 1338/7/892
f 1342/6/873 1339/7/868 1341/6/867
f 1339/7/868 1342/6/873 1340/7/874
f 1341/6/869 1339/7/872 1342/6/875
f 1340/7/876 1342/6/875 1339/7/872
f 1335/8/1183 1331/8/1175 1336/8/1184
f 1331/8/1175 1335/8/1183 1332/8/1176
f 1336/8/1188 1331/8/1177 1335/8/1185
f 1332/8/1180 1335/8/1185 1331/8/1177
f 1341/6/867 1337/7/866 1343/6/865
f 1337/7/866 1341/6/867 1339/7/868
f 1343/6/871 1337/7/870 1341/6/869
f 1339/7/872 1341/6/869 1337/7/870
f 1336/8/1184 1329/6/1173 1334/6/1182
f 1329/6/1173 1336/8/1184 1331/8/1175
f 1334/6/1186 1329/6/1179 1336/8/1188
f 1331/8/1177 1336/8/1188 1329/6/1179
f 1340/7/874 1344/6/890 1338/7/889
f 1344/6/890 1340/7/874 1342/6/873
f 1338/7/892 1344/6/891 1340/7/876
f 1342/6/875 1340/7/876 1344/6/891
f 1337/7/866 1344/6/890 1343/6/865
f 1344/6/890 1337/7/866 1338/7/889
f 1343/6/871 1344/6/891 1337/7/870
f 1338/7/892 1337/7/870 1344/6/891
f 1347/10/1 1346/10/1 1345/10/1
f 1346/10/1 1347/10/1 1348/10/1
f 1348/10/1 1347/10/1 1349/10/1
f 1348/10/1 1349/10/1 1350/10/1
f 1348/10/1 1350/10/1 1351/10/1
f 1348/10/1 1351/10/1 1352/10/1
f 1348/10/1 1352/10/1 1353/10/1
f 1345/10/2 1346/10/2 1347/10/2
f 1348/10/2 1347/10/2 1346/10/2
f 1349/10/2 1347/10/2 1348/10/2
f 1350/10/2 1349/10/2 1348/10/2
f 1351/10/2 1350/10/2 1348/10/2
f 1352/10/2 1351/10/2 1348/10/2
f 1353/10/2 1352/10/2 1348/10/2
f 1356/15/1191 1355/16/1190 1354/16/1189
f 1355/16/1190 1356/15/1191 1357/15/1192
f 1354/16/1195 1355/16/1194 1356/15/1193
f 1357/15/1196 1356/15/1193 1355/16/1194
f 1352/10/1197 1357/15/1192 1356/15/1191
f 1357/15/1192 1352/10/1197 1351/10/1198
f 1356/15/1193 1357/15/1196 1352/10/1199
f 1351/10/1200 1352/10/1199 1357/15/1196
f 1357/15/1192 1358/16/1201 1355/16/1190
f 1358/16/1201 1357/15/1192 1359/15/1202
f 1355/16/1194 1358/16/1203 1357/15/1196
f 1359/15/1204 1357/15/1196 1358/16/1203
f 1362/17/1207 1361/6/1206 1360/6/1205
f 1361/6/1206 1362/17/1207 1363/17/1208
f 1360/6/1211 1361/6/1210 1362/17/1209
f 1363/17/1212 1362/17/1209 1361/6/1210
f 1346/10/1213 1365/6/1213 1364/6/1213
f 1365/6/1213 1346/10/1213 1348/10/1213
f 1364/6/1214 1365/6/1214 1346/10/1214
f 1348/10/1214 1346/10/1214 1365/6/1214
f 1359/15/1202 1366/16/1215 1358/16/1201
f 1366/16/1215 1359/15/1202 1367/15/1216
f 1358/16/1203 1366/16/1217 1359/15/1204
f 1367/15/1218 1359/15/1204 1366/16/1217
f 1370/17/1221 1369/6/1220 1368/6/1219
f 1369/6/1220 1370/17/1221 1371/17/1222
f 1368/6/1225 1369/6/1224 1370/17/1223
f 1371/17/1226 1370/17/1223 1369/6/1224
f 1373/15/1228 1354/16/1189 1372/16/1227
f 1354/16/1189 1373/15/1228 1356/15/1191
f 1372/16/1230 1354/16/1195 1373/15/1229
f 1356/15/1193 1373/15/1229 1354/16/1195
f 1376/17/1233 1375/6/1232 1374/6/1231
f 1375/6/1232 1376/17/1233 1377/17/1234
f 1374/6/1237 1375/6/1236 1376/17/1235
f 1377/17/1238 1376/17/1235 1375/6/1236
f 1380/15/1241 1379/16/1240 1378/16/1239
f 1379/16/1240 1380/15/1241 1381/15/1242
f 1378/16/1245 1379/16/1244 1380/15/1243
f 1381/15/1246 1380/15/1243 1379/16/1244
f 1377/17/1234 1360/6/1205 1375/6/1232
f 1360/6/1205 1377/17/1234 1362/17/1207
f 1375/6/1236 1360/6/1211 1377/17/1238
f 1362/17/1209 1377/17/1238 1360/6/1211
f 1367/15/1216 1378/16/1239 1366/16/1215
f 1378/16/1239 1367/15/1216 1380/15/1241
f 1366/16/1217 1378/16/1245 1367/15/1218
f 1380/15/1243 1367/15/1218 1378/16/1245
f 1363/17/1208 1382/6/1247 1361/6/1206
f 1382/6/1247 1363/17/1208 1383/17/1248
f 1361/6/1210 1382/6/1249 1363/17/1212
f 1383/17/1250 1363/17/1212 1382/6/1249
f 1371/17/1222 1374/6/1231 1369/6/1220
f 1374/6/1231 1371/17/1222 1376/17/1233
f 1369/6/1224 1374/6/1237 1371/17/1226
f 1376/17/1235 1371/17/1226 1374/6/1237
f 1378/16/1239 1383/17/1248 1363/17/1208
f 1383/17/1248 1378/16/1239 1379/16/1240
f 1363/17/1212 1383/17/1250 1378/16/1245
f 1379/16/1244 1378/16/1245 1383/17/1250
f 1347/10/1251 1381/15/1242 1380/15/1241
f 1381/15/1242 1347/10/1251 1345/10/1252
f 1380/15/1243 1381/15/1246 1347/10/1253
f 1345/10/1254 1347/10/1253 1381/15/1246
f 1355/16/1190 1377/17/1234 1376/17/1233
f 1377/17/1234 1355/16/1190 1358/16/1201
f 1376/17/1235 1377/17/1238 1355/16/1194
f 1358/16/1203 1355/16/1194 1377/17/1238
f 1353/10/1255 1356/15/1191 1373/15/1228
f 1356/15/1191 1353/10/1255 1352/10/1197
f 1373/15/1229 1356/15/1193 1353/10/1256
f 1352/10/1199 1353/10/1256 1356/15/1193
f 1346/10/1257 1381/15/1257 1345/10/1257
f 1381/15/1257 1346/10/1257 1383/17/1257
f 1383/17/1257 1379/16/1257 1381/15/1257
f 1364/6/1257 1383/17/1257 1346/10/1257
f 1383/17/1257 1364/6/1257 1382/6/1257
f 1345/10/1258 1381/15/1258 1346/10/1258
f 1383/17/1258 1346/10/1258 1381/15/1258
f 1381/15/1258 1379/16/1258 1383/17/1258
f 1346/10/1258 1383/17/1258 1364/6/1258
f 1382/6/1258 1364/6/1258 1383/17/1258
f 1349/10/1259 1380/15/1241 1367/15/1216
f 1380/15/1241 1349/10/1259 1347/10/1251
f 1367/15/1218 1380/15/1243 1349/10/1260
f 1347/10/1253 1349/10/1260 1380/15/1243
f 1358/16/1201 1362/17/1207 1377/17/1234
f 1362/17/1207 1358/16/1201 1366/16/1215
f 1377/17/1238 1362/17/1209 1358/16/1203
f 1366/16/1217 1358/16/1203 1362/17/1209
f 1354/16/1189 1376/17/1233 1371/17/1222
f 1376/17/1233 1354/16/1189 1355/16/1190
f 1371/17/1226 1376/17/1235 1354/16/1195
f 1355/16/1194 1354/16/1195 1376/17/1235
f 1350/10/1261 1367/15/1216 1359/15/1202
f 1367/15/1216 1350/10/1261 1349/10/1259
f 1359/15/1204 1367/15/1218 1350/10/1262
f 1349/10/1260 1350/10/1262 1367/15/1218
f 1351/10/1198 1359/15/1202 1357/15/1192
f 1359/15/1202 1351/10/1198 1350/10/1261
f 1357/15/1196 1359/15/1204 1351/10/1200
f 1350/10/1262 1351/10/1200 1359/15/1204
f 1372/16/1227 1371/17/1222 1370/17/1221
f 1371/17/1222 1372/16/1227 1354/16/1189
f 1370/17/1223 1371/17/1226 1372/16/1230
f 1354/16/1195 1372/16/1230 1371/17/1226
f 1366/16/1215 1363/17/1208 1362/17/1207
f 1363/17/1208 1366/16/1215 1378/16/1239
f 1362/17/1209 1363/17/1212 1366/16/1217
f 1378/16/1245 1366/16/1217 1363/17/1212
f 1365/6/1258 1370/17/1258 1368/6/1258
f 1370/17/1258 1365/6/1258 1373/15/1258
f 1373/15/1258 1372/16/1258 1370/17/1258
f 1348/10/1258 1373/15/1258 1365/6/1258
f 1373/15/1258 1348/10/1258 1353/10/1258
f 1368/6/1257 1370/17/1257 1365/6/1257
f 1373/15/1257 1365/6/1257 1370/17/1257
f 1370/17/1257 1372/16/1257 1373/15/1257
f 1365/6/1257 1373/15/1257 1348/10/1257
f 1353/10/1257 1348/10/1257 1373/15/1257
f 1365/6/2 1382/6/2 1364/6/2
f 1382/6/2 1365/6/2 1361/6/2
f 1361/6/2 1365/6/2 1360/6/2
f 1360/6/2 1365/6/2 1375/6/2
f 1375/6/2 1365/6/2 1374/6/2
f 1374/6/2 1365/6/2 1369/6/2
f 1369/6/2 1365/6/2 1368/6/2
f 1364/6/1 1382/6/1 1365/6/1
f 1361/6/1 1365/6/1 1382/6/1
f 1360/6/1 1365/6/1 1361/6/1
f 1375/6/1 1365/6/1 1360/6/1
f 1374/6/1 1365/6/1 1375/6/1
f 1369/6/1 1365/6/1 1374/6/1
f 1368/6/1 1365/6/1 1369/6/1
f 1386/6/2 1385/6/2 1384/6/2
f 1385/6/2 1386/6/2 1387/6/2
f 1387/6/2 1386/6/2 1388/6/2
f 1387/6/2 1388/6/2 1389/6/2
f 1384/6/1 1385/6/1 1386/6/1
f 1387/6/1 1386/6/1 1385/6/1
f 1388/6/1 1386/6/1 1387/6/1
f 1389/6/1 1388/6/1 1387/6/1
f 1390/18/1265 1385/6/1264 1387/6/1263
f 1385/6/1264 1390/18/1265 1391/18/1266
f 1387/6/1269 1385/6/1268 1390/18/1267
f 1391/18/1270 1390/18/1267 1385/6/1268
f 1388/6/1273 1392/18/1272 1389/6/1271
f 1392/18/1272 1388/6/1273 1393/18/1274
f 1389/6/1277 1392/18/1276 1388/6/1275
f 1393/18/1278 1388/6/1275 1392/18/1276
f 1389/6/1271 1390/18/1265 1387/6/1263
f 1390/18/1265 1389/6/1271 1392/18/1272
f 1387/6/1269 1390/18/1267 1389/6/1277
f 1392/18/1276 1389/6/1277 1390/18/1267
f 1394/18/1280 1388/6/1273 1386/6/1279
f 1388/6/1273 1394/18/1280 1393/18/1274
f 1386/6/1282 1388/6/1275 1394/18/1281
f 1393/18/1278 1394/18/1281 1388/6/1275
f 1391/18/1266 1384/6/1283 1385/6/1264
f 1384/6/1283 1391/18/1266 1395/18/1284
f 1385/6/1268 1384/6/1285 1391/18/1270
f 1395/18/1286 1391/18/1270 1384/6/1285
f 1395/18/1284 1386/6/1279 1384/6/1283
f 1386/6/1279 1395/18/1284 1394/18/1280
f 1384/6/1285 1386/6/1282 1395/18/1286
f 1394/18/1281 1395/18/1286 1386/6/1282
f 1398/10/1289 1397/10/1288 1396/10/1287
f 1397/10/1288 1398/10/1289 1399/10/1290
f 1397/10/1288 1399/10/1290 1400/10/1291
f 1400/10/1291 1399/10/1290 1401/10/1292
f 1396/10/1295 1397/10/1294 1398/10/1293
f 1399/10/1296 1398/10/1293 1397/10/1294
f 1400/10/1297 1399/10/1296 1397/10/1294
f 1401/10/1298 1399/10/1296 1400/10/1297
f 1390/18/1265 1401/10/1292 1399/10/1290
f 1401/10/1292 1390/18/1265 1392/18/1272
f 1399/10/1296 1401/10/1298 1390/18/1267
f 1392/18/1276 1390/18/1267 1401/10/1298
f 1397/10/1288 1393/18/1274 1394/18/1280
f 1393/18/1274 1397/10/1288 1400/10/1291
f 1394/18/1281 1393/18/1278 1397/10/1294
f 1400/10/1297 1397/10/1294 1393/18/1278
f 1391/18/1266 1396/10/1287 1395/18/1284
f 1396/10/1287 1391/18/1266 1398/10/1289
f 1395/18/1286 1396/10/1295 1391/18/1270
f 1398/10/1293 1391/18/1270 1396/10/1295
f 1401/10/1292 1393/18/1274 1400/10/1291
f 1393/18/1274 1401/10/1292 1392/18/1272
f 1400/10/1297 1393/18/1278 1401/10/1298
f 1392/18/1276 1401/10/1298 1393/18/1278
f 1396/10/1287 1394/18/1280 1395/18/1284
f 1394/18/1280 1396/10/1287 1397/10/1288
f 1395/18/1286 1394/18/1281 1396/10/1295
f 1397/10/1294 1396/10/1295 1394/18/1281
f 1390/18/1265 1398/10/1289 1391/18/1266
f 1398/10/1289 1390/18/1265 1399/10/1290
f 1391/18/1270 1398/10/1293 1390/18/1267
f 1399/10/1296 1390/18/1267 1398/10/1293
f 1404/6/487 1403/7/484 1402/6/489
f 1403/7/484 1404/6/487 1405/7/483
f 1402/6/490 1403/7/486 1404/6/488
f 1405/7/485 1404/6/488 1403/7/486
f 1407/7/470 1404/6/487 1406/6/468
f 1404/6/487 1407/7/470 1405/7/483
f 1406/6/472 1404/6/488 1407/7/474
f 1405/7/485 1407/7/474 1404/6/488
f 1410/8/461 1409/6/460 1408/6/459
f 1409/6/460 1410/8/461 1411/8/462
f 1408/6/465 1409/6/464 1410/8/463
f 1411/8/466 1410/8/463 1409/6/464
f 1409/6/460 1413/8/477 1412/6/475
f 1413/8/477 1409/6/460 1411/8/462
f 1412/6/481 1413/8/479 1409/6/464
f 1411/8/466 1409/6/464 1413/8/479
f 1415/8/478 1408/6/459 1414/6/476
f 1408/6/459 1415/8/478 1410/8/461
f 1414/6/480 1408/6/465 1415/8/482
f 1410/8/463 1415/8/482 1408/6/465
f 1403/7/484 1416/6/467 1402/6/489
f 1416/6/467 1403/7/484 1417/7/469
f 1402/6/490 1416/6/473 1403/7/486
f 1417/7/471 1403/7/486 1416/6/473
f 1413/8/477 1414/6/476 1412/6/475
f 1414/6/476 1413/8/477 1415/8/478
f 1412/6/481 1414/6/480 1413/8/479
f 1415/8/482 1413/8/479 1414/6/480
f 1413/8/477 1410/8/461 1415/8/478
f 1410/8/461 1413/8/477 1411/8/462
f 1415/8/482 1410/8/463 1413/8/479
f 1411/8/466 1413/8/479 1410/8/463
f 1417/7/469 1405/7/483 1407/7/470
f 1405/7/483 1417/7/469 1403/7/484
f 1407/7/474 1405/7/485 1417/7/471
f 1403/7/486 1417/7/471 1405/7/485
f 1417/7/469 1406/6/468 1416/6/467
f 1406/6/468 1417/7/469 1407/7/470
f 1416/6/473 1406/6/472 1417/7/471
f 1407/7/474 1417/7/471 1406/6/472
f 1420/6/521 1419/8/505 1418/6/503
f 1419/8/505 1420/6/521 1421/8/512
f 1418/6/509 1419/8/507 1420/6/522
f 1421/8/514 1420/6/522 1419/8/507
f 1419/8/505 1423/8/511 1422/8/506
f 1423/8/511 1419/8/505 1421/8/512
f 1422/8/510 1423/8/513 1419/8/507
f 1421/8/514 1419/8/507 1423/8/513
f 1419/8/505 1424/6/504 1418/6/503
f 1424/6/504 1419/8/505 1422/8/506
f 1418/6/509 1424/6/508 1419/8/507
f 1422/8/510 1419/8/507 1424/6/508
f 1423/8/511 1420/6/521 1425/6/519
f 1420/6/521 1423/8/511 1421/8/512
f 1425/6/520 1420/6/522 1423/8/513
f 1421/8/514 1423/8/513 1420/6/522
f 1428/8/1301 1427/6/1300 1426/6/1299
f 1427/6/1300 1428/8/1301 1429/8/1302
f 1426/6/1305 1427/6/1304 1428/8/1303
f 1429/8/1306 1428/8/1303 1427/6/1304
f 1432/8/1309 1431/6/1308 1430/6/1307
f 1431/6/1308 1432/8/1309 1433/8/1310
f 1430/6/1313 1431/6/1312 1432/8/1311
f 1433/8/1314 1432/8/1311 1431/6/1312
f 1427/6/1300 1432/8/1309 1430/6/1307
f 1432/8/1309 1427/6/1300 1429/8/1302
f 1430/6/1313 1432/8/1311 1427/6/1304
f 1429/8/1306 1427/6/1304 1432/8/1311
f 1422/8/506 1425/6/519 1424/6/504
f 1425/6/519 1422/8/506 1423/8/511
f 1424/6/508 1425/6/520 1422/8/510
f 1423/8/513 1422/8/510 1425/6/520
f 1436/7/494 1435/7/515 1434/7/492
f 1435/7/515 1436/7/494 1437/7/500
f 1434/7/496 1435/7/518 1436/7/498
f 1437/7/502 1436/7/498 1435/7/518
f 1439/6/499 1436/7/494 1438/6/493
f 1436/7/494 1439/6/499 1437/7/500
f 1438/6/495 1436/7/498 1439/6/501
f 1437/7/502 1439/6/501 1436/7/498
f 1432/8/1309 1428/8/1301 1433/8/1310
f 1428/8/1301 1432/8/1309 1429/8/1302
f 1433/8/1314 1428/8/1303 1432/8/1311
f 1429/8/1306 1432/8/1311 1428/8/1303
f 1438/6/493 1434/7/492 1440/6/491
f 1434/7/492 1438/6/493 1436/7/494
f 1440/6/497 1434/7/496 1438/6/495
f 1436/7/498 1438/6/495 1434/7/496
f 1433/8/1310 1426/6/1299 1431/6/1308
f 1426/6/1299 1433/8/1310 1428/8/1301
f 1431/6/1312 1426/6/1305 1433/8/1314
f 1428/8/1303 1433/8/1314 1426/6/1305
f 1437/7/500 1441/6/516 1435/7/515
f 1441/6/516 1437/7/500 1439/6/499
f 1435/7/518 1441/6/517 1437/7/502
f 1439/6/501 1437/7/502 1441/6/517
f 1434/7/492 1441/6/516 1440/6/491
f 1441/6/516 1434/7/492 1435/7/515
f 1440/6/497 1441/6/517 1434/7/496
f 1435/7/518 1434/7/496 1441/6/517
f 1444/10/1 1443/10/1 1442/10/1
f 1443/10/1 1444/10/1 724/10/1
f 724/10/1 1444/10/1 1445/10/1
f 724/10/1 1445/10/1 1446/10/1
f 724/10/1 1446/10/1 1447/10/1
f 724/10/1 1447/10/1 1448/10/1
f 724/10/1 1448/10/1 689/10/1
f 1442/10/2 1443/10/2 1444/10/2
f 724/10/2 1444/10/2 1443/10/2
f 1445/10/2 1444/10/2 724/10/2
f 1446/10/2 1445/10/2 724/10/2
f 1447/10/2 1446/10/2 724/10/2
f 1448/10/2 1447/10/2 724/10/2
f 689/10/2 1448/10/2 724/10/2
f 1451/15/1317 1450/16/1316 1449/16/1315
f 1450/16/1316 1451/15/1317 1452/15/1318
f 1449/16/1321 1450/16/1320 1451/15/1319
f 1452/15/1322 1451/15/1319 1450/16/1320
f 1448/10/1323 1452/15/1318 1451/15/1317
f 1452/15/1318 1448/10/1323 1447/10/1324
f 1451/15/1319 1452/15/1322 1448/10/1325
f 1447/10/1326 1448/10/1325 1452/15/1322
f 1452/15/1318 1453/16/1327 1450/16/1316
f 1453/16/1327 1452/15/1318 1454/15/1328
f 1450/16/1320 1453/16/1329 1452/15/1322
f 1454/15/1330 1452/15/1322 1453/16/1329
f 1457/17/1333 1456/6/1332 1455/6/1331
f 1456/6/1332 1457/17/1333 1458/17/1334
f 1455/6/1337 1456/6/1336 1457/17/1335
f 1458/17/1338 1457/17/1335 1456/6/1336
f 1443/10/1339 1460/6/1339 1459/6/1339
f 1460/6/1339 1443/10/1339 724/10/1339
f 1459/6/1340 1460/6/1340 1443/10/1340
f 724/10/1340 1443/10/1340 1460/6/1340
f 1454/15/1328 1461/16/1341 1453/16/1327
f 1461/16/1341 1454/15/1328 1462/15/1342
f 1453/16/1329 1461/16/1343 1454/15/1330
f 1462/15/1344 1454/15/1330 1461/16/1343
f 1465/17/1347 1464/6/1346 1463/6/1345
f 1464/6/1346 1465/17/1347 1466/17/1348
f 1463/6/1351 1464/6/1350 1465/17/1349
f 1466/17/1352 1465/17/1349 1464/6/1350
f 1468/15/1354 1449/16/1315 1467/16/1353
f 1449/16/1315 1468/15/1354 1451/15/1317
f 1467/16/1356 1449/16/1321 1468/15/1355
f 1451/15/1319 1468/15/1355 1449/16/1321
f 1471/17/1359 1470/6/1358 1469/6/1357
f 1470/6/1358 1471/17/1359 1472/17/1360
f 1469/6/1363 1470/6/1362 1471/17/1361
f 1472/17/1364 1471/17/1361 1470/6/1362
f 1475/15/1367 1474/16/1366 1473/16/1365
f 1474/16/1366 1475/15/1367 1476/15/1368
f 1473/16/1371 1474/16/1370 1475/15/1369
f 1476/15/1372 1475/15/1369 1474/16/1370
f 1472/17/1360 1455/6/1331 1470/6/1358
f 1455/6/1331 1472/17/1360 1457/17/1333
f 1470/6/1362 1455/6/1337 1472/17/1364
f 1457/17/1335 1472/17/1364 1455/6/1337
f 1462/15/1342 1473/16/1365 1461/16/1341
f 1473/16/1365 1462/15/1342 1475/15/1367
f 1461/16/1343 1473/16/1371 1462/15/1344
f 1475/15/1369 1462/15/1344 1473/16/1371
f 1458/17/1334 1477/6/1373 1456/6/1332
f 1477/6/1373 1458/17/1334 1478/17/1374
f 1456/6/1336 1477/6/1375 1458/17/1338
f 1478/17/1376 1458/17/1338 1477/6/1375
f 1466/17/1348 1469/6/1357 1464/6/1346
f 1469/6/1357 1466/17/1348 1471/17/1359
f 1464/6/1350 1469/6/1363 1466/17/1352
f 1471/17/1361 1466/17/1352 1469/6/1363
f 1473/16/1365 1478/17/1374 1458/17/1334
f 1478/17/1374 1473/16/1365 1474/16/1366
f 1458/17/1338 1478/17/1376 1473/16/1371
f 1474/16/1370 1473/16/1371 1478/17/1376
f 1444/10/1377 1476/15/1368 1475/15/1367
f 1476/15/1368 1444/10/1377 1442/10/1378
f 1475/15/1369 1476/15/1372 1444/10/1379
f 1442/10/1380 1444/10/1379 1476/15/1372
f 1450/16/1316 1472/17/1360 1471/17/1359
f 1472/17/1360 1450/16/1316 1453/16/1327
f 1471/17/1361 1472/17/1364 1450/16/1320
f 1453/16/1329 1450/16/1320 1472/17/1364
f 689/10/1381 1451/15/1317 1468/15/1354
f 1451/15/1317 689/10/1381 1448/10/1323
f 1468/15/1355 1451/15/1319 689/10/1382
f 1448/10/1325 689/10/1382 1451/15/1319
f 1443/10/1383 1476/15/1383 1442/10/1383
f 1476/15/1383 1443/10/1383 1478/17/1383
f 1478/17/1383 1474/16/1383 1476/15/1383
f 1459/6/1383 1478/17/1383 1443/10/1383
f 1478/17/1383 1459/6/1383 1477/6/1383
f 1442/10/1384 1476/15/1384 1443/10/1384
f 1478/17/1384 1443/10/1384 1476/15/1384
f 1476/15/1384 1474/16/1384 1478/17/1384
f 1443/10/1384 1478/17/1384 1459/6/1384
f 1477/6/1384 1459/6/1384 1478/17/1384
f 1445/10/1385 1475/15/1367 1462/15/1342
f 1475/15/1367 1445/10/1385 1444/10/1377
f 1462/15/1344 1475/15/1369 1445/10/1386
f 1444/10/1379 1445/10/1386 1475/15/1369
f 1453/16/1327 1457/17/1333 1472/17/1360
f 1457/17/1333 1453/16/1327 1461/16/1341
f 1472/17/1364 1457/17/1335 1453/16/1329
f 1461/16/1343 1453/16/1329 1457/17/1335
f 1449/16/1315 1471/17/1359 1466/17/1348
f 1471/17/1359 1449/16/1315 1450/16/1316
f 1466/17/1352 1471/17/1361 1449/16/1321
f 1450/16/1320 1449/16/1321 1471/17/1361
f 1446/10/1387 1462/15/1342 1454/15/1328
f 1462/15/1342 1446/10/1387 1445/10/1385
f 1454/15/1330 1462/15/1344 1446/10/1388
f 1445/10/1386 1446/10/1388 1462/15/1344
f 1447/10/1324 1454/15/1328 1452/15/1318
f 1454/15/1328 1447/10/1324 1446/10/1387
f 1452/15/1322 1454/15/1330 1447/10/1326
f 1446/10/1388 1447/10/1326 1454/15/1330
f 1467/16/1353 1466/17/1348 1465/17/1347
f 1466/17/1348 1467/16/1353 1449/16/1315
f 1465/17/1349 1466/17/1352 1467/16/1356
f 1449/16/1321 1467/16/1356 1466/17/1352
f 1461/16/1341 1458/17/1334 1457/17/1333
f 1458/17/1334 1461/16/1341 1473/16/1365
f 1457/17/1335 1458/17/1338 1461/16/1343
f 1473/16/1371 1461/16/1343 1458/17/1338
f 1460/6/1384 1465/17/1384 1463/6/1384
f 1465/17/1384 1460/6/1384 1468/15/1384
f 1468/15/1384 1467/16/1384 1465/17/1384
f 724/10/1384 1468/15/1384 1460/6/1384
f 1468/15/1384 724/10/1384 689/10/1384
f 1463/6/1383 1465/17/1383 1460/6/1383
f 1468/15/1383 1460/6/1383 1465/17/1383
f 1465/17/1383 1467/16/1383 1468/15/1383
f 1460/6/1383 1468/15/1383 724/10/1383
f 689/10/1383 724/10/1383 1468/15/1383
f 1460/6/2 1477/6/2 1459/6/2
f 1477/6/2 1460/6/2 1456/6/2
f 1456/6/2 1460/6/2 1455/6/2
f 1455/6/2 1460/6/2 1470/6/2
f 1470/6/2 1460/6/2 1469/6/2
f 1469/6/2 1460/6/2 1464/6/2
f 1464/6/2 1460/6/2 1463/6/2
f 1459/6/1 1477/6/1 1460/6/1
f 1456/6/1 1460/6/1 1477/6/1
f 1455/6/1 1460/6/1 1456/6/1
f 1470/6/1 1460/6/1 1455/6/1
f 1469/6/1 1460/6/1 1470/6/1
f 1464/6/1 1460/6/1 1469/6/1
f 1463/6/1 1460/6/1 1464/6/1
f 1481/6/2 1480/6/2 1479/6/2
f 1480/6/2 1481/6/2 1482/6/2
f 1482/6/2 1481/6/2 1483/6/2
f 1482/6/2 1483/6/2 1484/6/2
f 1479/6/1 1480/6/1 1481/6/1
f 1482/6/1 1481/6/1 1480/6/1
f 1483/6/1 1481/6/1 1482/6/1
f 1484/6/1 1483/6/1 1482/6/1
f 1485/18/1391 1480/6/1390 1482/6/1389
f 1480/6/1390 1485/18/1391 1486/18/1392
f 1482/6/1395 1480/6/1394 1485/18/1393
f 1486/18/1396 1485/18/1393 1480/6/1394
f 1483/6/1399 1487/18/1398 1484/6/1397
f 1487/18/1398 1483/6/1399 1488/18/1400
f 1484/6/1403 1487/18/1402 1483/6/1401
f 1488/18/1404 1483/6/1401 1487/18/1402
f 1484/6/1397 1485/18/1391 1482/6/1389
f 1485/18/1391 1484/6/1397 1487/18/1398
f 1482/6/1395 1485/18/1393 1484/6/1403
f 1487/18/1402 1484/6/1403 1485/18/1393
f 1489/18/1406 1483/6/1399 1481/6/1405
f 1483/6/1399 1489/18/1406 1488/18/1400
f 1481/6/1408 1483/6/1401 1489/18/1407
f 1488/18/1404 1489/18/1407 1483/6/1401
f 1486/18/1392 1479/6/1409 1480/6/1390
f 1479/6/1409 1486/18/1392 1490/18/1410
f 1480/6/1394 1479/6/1411 1486/18/1396
f 1490/18/1412 1486/18/1396 1479/6/1411
f 1490/18/1410 1481/6/1405 1479/6/1409
f 1481/6/1405 1490/18/1410 1489/18/1406
f 1479/6/1411 1481/6/1408 1490/18/1412
f 1489/18/1407 1490/18/1412 1481/6/1408
f 1493/10/1415 1492/10/1414 1491/10/1413
f 1492/10/1414 1493/10/1415 1494/10/1416
f 1492/10/1414 1494/10/1416 1495/10/1417
f 1495/10/1417 1494/10/1416 1496/10/1418
f 1491/10/1421 1492/10/1420 1493/10/1419
f 1494/10/1422 1493/10/1419 1492/10/1420
f 1495/10/1423 1494/10/1422 1492/10/1420
f 1496/10/1424 1494/10/1422 1495/10/1423
f 1485/18/1391 1496/10/1418 1494/10/1416
f 1496/10/1418 1485/18/1391 1487/18/1398
f 1494/10/1422 1496/10/1424 1485/18/1393
f 1487/18/1402 1485/18/1393 1496/10/1424
f 1492/10/1414 1488/18/1400 1489/18/1406
f 1488/18/1400 1492/10/1414 1495/10/1417
f 1489/18/1407 1488/18/1404 1492/10/1420
f 1495/10/1423 1492/10/1420 1488/18/1404
f 1486/18/1392 1491/10/1413 1490/18/1410
f 1491/10/1413 1486/18/1392 1493/10/1415
f 1490/18/1412 1491/10/1421 1486/18/1396
f 1493/10/1419 1486/18/1396 1491/10/1421
f 1496/10/1418 1488/18/1400 1495/10/1417
f 1488/18/1400 1496/10/1418 1487/18/1398
f 1495/10/1423 1488/18/1404 1496/10/1424
f 1487/18/1402 1496/10/1424 1488/18/1404
f 1491/10/1413 1489/18/1406 1490/18/1410
f 1489/18/1406 1491/10/1413 1492/10/1414
f 1490/18/1412 1489/18/1407 1491/10/1421
f 1492/10/1420 1491/10/1421 1489/18/1407
f 1485/18/1391 1493/10/1415 1486/18/1392
f 1493/10/1415 1485/18/1391 1494/10/1416
f 1486/18/1396 1493/10/1419 1485/18/1393
f 1494/10/1422 1485/18/1393 1493/10/1419
f 1499/6/4 1498/7/16 1497/6/15
f 1498/7/16 1499/6/4 1500/7/6
f 1497/6/18 1498/7/17 1499/6/8
f 1500/7/10 1499/6/8 1498/7/17
f 1502/7/5 1499/6/4 1501/6/3
f 1499/6/4 1502/7/5 1500/7/6
f 1501/6/9 1499/6/8 1502/7/7
f 1500/7/10 1502/7/7 1499/6/8
f 1505/8/28 1504/6/19 1503/6/27
f 1504/6/19 1505/8/28 1506/8/21
f 1503/6/30 1504/6/25 1505/8/29
f 1506/8/23 1505/8/29 1504/6/25
f 1504/6/19 1508/8/22 1507/6/20
f 1508/8/22 1504/6/19 1506/8/21
f 1507/6/24 1508/8/26 1504/6/25
f 1506/8/23 1504/6/25 1508/8/26
f 1510/8/32 1503/6/27 1509/6/31
f 1503/6/27 1510/8/32 1505/8/28
f 1509/6/33 1503/6/30 1510/8/34
f 1505/8/29 1510/8/34 1503/6/30
f 1498/7/16 1511/6/11 1497/6/15
f 1511/6/11 1498/7/16 1512/7/12
f 1497/6/18 1511/6/13 1498/7/17
f 1512/7/14 1498/7/17 1511/6/13
f 1508/8/22 1509/6/31 1507/6/20
f 1509/6/31 1508/8/22 1510/8/32
f 1507/6/24 1509/6/33 1508/8/26
f 1510/8/34 1508/8/26 1509/6/33
f 1508/8/22 1505/8/28 1510/8/32
f 1505/8/28 1508/8/22 1506/8/21
f 1510/8/34 1505/8/29 1508/8/26
f 1506/8/23 1508/8/26 1505/8/29
f 1512/7/12 1500/7/6 1502/7/5
f 1500/7/6 1512/7/12 1498/7/16
f 1502/7/7 1500/7/10 1512/7/14
f 1498/7/17 1512/7/14 1500/7/10
f 1515/6/65 1514/7/43 1513/6/44
f 1514/7/43 1515/6/65 1516/7/59
f 1513/6/48 1514/7/49 1515/6/66
f 1516/7/62 1515/6/66 1514/7/49
f 1519/7/45 1518/6/63 1517/6/46
f 1518/6/63 1519/7/45 1520/7/60
f 1517/6/50 1518/6/64 1519/7/47
f 1520/7/61 1519/7/47 1518/6/64
f 1513/6/44 1519/7/45 1517/6/46
f 1519/7/45 1513/6/44 1514/7/43
f 1517/6/50 1519/7/47 1513/6/48
f 1514/7/49 1513/6/48 1519/7/47
f 1516/7/59 1518/6/63 1520/7/60
f 1518/6/63 1516/7/59 1515/6/65
f 1520/7/61 1518/6/64 1516/7/62
f 1515/6/66 1516/7/62 1518/6/64
f 1514/7/43 1520/7/60 1519/7/45
f 1520/7/60 1514/7/43 1516/7/59
f 1519/7/47 1520/7/61 1514/7/49
f 1516/7/62 1514/7/49 1520/7/61
f 1512/7/12 1501/6/3 1511/6/11
f 1501/6/3 1512/7/12 1502/7/5
f 1511/6/13 1501/6/9 1512/7/14
f 1502/7/7 1512/7/14 1501/6/9
f 1523/8/52 1522/6/55 1521/6/51
f 1522/6/55 1523/8/52 1524/8/56
f 1521/6/53 1522/6/58 1523/8/54
f 1524/8/57 1523/8/54 1522/6/58
f 1526/8/38 1521/6/51 1525/6/36
f 1521/6/51 1526/8/38 1523/8/52
f 1525/6/40 1521/6/53 1526/8/42
f 1523/8/54 1526/8/42 1521/6/53
f 1524/8/56 1527/6/35 1522/6/55
f 1527/6/35 1524/8/56 1528/8/37
f 1522/6/58 1527/6/41 1524/8/57
f 1528/8/39 1524/8/57 1527/6/41
f 1527/6/35 1526/8/38 1525/6/36
f 1526/8/38 1527/6/35 1528/8/37
f 1525/6/40 1526/8/42 1527/6/41
f 1528/8/39 1527/6/41 1526/8/42
f 1526/8/38 1524/8/56 1523/8/52
f 1524/8/56 1526/8/38 1528/8/37
f 1523/8/54 1524/8/57 1526/8/42
f 1528/8/39 1526/8/42 1524/8/57
f 1529/10/1 979/10/1 970/10/1
f 979/10/1 1529/10/1 1530/10/1
f 1530/10/1 1529/10/1 1531/10/1
f 1530/10/1 1531/10/1 1532/10/1
f 1530/10/1 1532/10/1 1533/10/1
f 1530/10/1 1533/10/1 1534/10/1
f 1530/10/1 1534/10/1 1535/10/1
f 970/10/2 979/10/2 1529/10/2
f 1530/10/2 1529/10/2 979/10/2
f 1531/10/2 1529/10/2 1530/10/2
f 1532/10/2 1531/10/2 1530/10/2
f 1533/10/2 1532/10/2 1530/10/2
f 1534/10/2 1533/10/2 1530/10/2
f 1535/10/2 1534/10/2 1530/10/2
f 1538/15/1427 1537/16/1426 1536/16/1425
f 1537/16/1426 1538/15/1427 1539/15/1428
f 1536/16/1431 1537/16/1430 1538/15/1429
f 1539/15/1432 1538/15/1429 1537/16/1430
f 1534/10/1433 1539/15/1428 1538/15/1427
f 1539/15/1428 1534/10/1433 1533/10/1434
f 1538/15/1429 1539/15/1432 1534/10/1435
f 1533/10/1436 1534/10/1435 1539/15/1432
f 1539/15/1428 1540/16/1437 1537/16/1426
f 1540/16/1437 1539/15/1428 1541/15/1438
f 1537/16/1430 1540/16/1439 1539/15/1432
f 1541/15/1440 1539/15/1432 1540/16/1439
f 1544/17/1443 1543/6/1442 1542/6/1441
f 1543/6/1442 1544/17/1443 1545/17/1444
f 1542/6/1447 1543/6/1446 1544/17/1445
f 1545/17/1448 1544/17/1445 1543/6/1446
f 979/10/1449 1547/6/1449 1546/6/1449
f 1547/6/1449 979/10/1449 1530/10/1449
f 1546/6/1450 1547/6/1450 979/10/1450
f 1530/10/1450 979/10/1450 1547/6/1450
f 1541/15/1438 1548/16/1451 1540/16/1437
f 1548/16/1451 1541/15/1438 1549/15/1452
f 1540/16/1439 1548/16/1453 1541/15/1440
f 1549/15/1454 1541/15/1440 1548/16/1453
f 1552/17/1457 1551/6/1456 1550/6/1455
f 1551/6/1456 1552/17/1457 1553/17/1458
f 1550/6/1461 1551/6/1460 1552/17/1459
f 1553/17/1462 1552/17/1459 1551/6/1460
f 1555/15/1464 1536/16/1425 1554/16/1463
f 1536/16/1425 1555/15/1464 1538/15/1427
f 1554/16/1466 1536/16/1431 1555/15/1465
f 1538/15/1429 1555/15/1465 1536/16/1431
f 1558/17/1469 1557/6/1468 1556/6/1467
f 1557/6/1468 1558/17/1469 1559/17/1470
f 1556/6/1473 1557/6/1472 1558/17/1471
f 1559/17/1474 1558/17/1471 1557/6/1472
f 1562/15/1477 1561/16/1476 1560/16/1475
f 1561/16/1476 1562/15/1477 1563/15/1478
f 1560/16/1481 1561/16/1480 1562/15/1479
f 1563/15/1482 1562/15/1479 1561/16/1480
f 1559/17/1470 1542/6/1441 1557/6/1468
f 1542/6/1441 1559/17/1470 1544/17/1443
f 1557/6/1472 1542/6/1447 1559/17/1474
f 1544/17/1445 1559/17/1474 1542/6/1447
f 1549/15/1452 1560/16/1475 1548/16/1451
f 1560/16/1475 1549/15/1452 1562/15/1477
f 1548/16/1453 1560/16/1481 1549/15/1454
f 1562/15/1479 1549/15/1454 1560/16/1481
f 1545/17/1444 1564/6/1483 1543/6/1442
f 1564/6/1483 1545/17/1444 1565/17/1484
f 1543/6/1446 1564/6/1485 1545/17/1448
f 1565/17/1486 1545/17/1448 1564/6/1485
f 1553/17/1458 1556/6/1467 1551/6/1456
f 1556/6/1467 1553/17/1458 1558/17/1469
f 1551/6/1460 1556/6/1473 1553/17/1462
f 1558/17/1471 1553/17/1462 1556/6/1473
f 1560/16/1475 1565/17/1484 1545/17/1444
f 1565/17/1484 1560/16/1475 1561/16/1476
f 1545/17/1448 1565/17/1486 1560/16/1481
f 1561/16/1480 1560/16/1481 1565/17/1486
f 1529/10/1487 1563/15/1478 1562/15/1477
f 1563/15/1478 1529/10/1487 970/10/1488
f 1562/15/1479 1563/15/1482 1529/10/1489
f 970/10/1490 1529/10/1489 1563/15/1482
f 1537/16/1426 1559/17/1470 1558/17/1469
f 1559/17/1470 1537/16/1426 1540/16/1437
f 1558/17/1471 1559/17/1474 1537/16/1430
f 1540/16/1439 1537/16/1430 1559/17/1474
f 1535/10/1491 1538/15/1427 1555/15/1464
f 1538/15/1427 1535/10/1491 1534/10/1433
f 1555/15/1465 1538/15/1429 1535/10/1492
f 1534/10/1435 1535/10/1492 1538/15/1429
f 979/10/1493 1563/15/1493 970/10/1493
f 1563/15/1493 979/10/1493 1565/17/1493
f 1565/17/1493 1561/16/1493 1563/15/1493
f 1546/6/1493 1565/17/1493 979/10/1493
f 1565/17/1493 1546/6/1493 1564/6/1493
f 970/10/1494 1563/15/1494 979/10/1494
f 1565/17/1494 979/10/1494 1563/15/1494
f 1563/15/1494 1561/16/1494 1565/17/1494
f 979/10/1494 1565/17/1494 1546/6/1494
f 1564/6/1494 1546/6/1494 1565/17/1494
f 1531/10/1495 1562/15/1477 1549/15/1452
f 1562/15/1477 1531/10/1495 1529/10/1487
f 1549/15/1454 1562/15/1479 1531/10/1496
f 1529/10/1489 1531/10/1496 1562/15/1479
f 1540/16/1437 1544/17/1443 1559/17/1470
f 1544/17/1443 1540/16/1437 1548/16/1451
f 1559/17/1474 1544/17/1445 1540/16/1439
f 1548/16/1453 1540/16/1439 1544/17/1445
f 1536/16/1425 1558/17/1469 1553/17/1458
f 1558/17/1469 1536/16/1425 1537/16/1426
f 1553/17/1462 1558/17/1471 1536/16/1431
f 1537/16/1430 1536/16/1431 1558/17/1471
f 1532/10/1497 1549/15/1452 1541/15/1438
f 1549/15/1452 1532/10/1497 1531/10/1495
f 1541/15/1440 1549/15/1454 1532/10/1498
f 1531/10/1496 1532/10/1498 1549/15/1454
f 1533/10/1434 1541/15/1438 1539/15/1428
f 1541/15/1438 1533/10/1434 1532/10/1497
f 1539/15/1432 1541/15/1440 1533/10/1436
f 1532/10/1498 1533/10/1436 1541/15/1440
f 1554/16/1463 1553/17/1458 1552/17/1457
f 1553/17/1458 1554/16/1463 1536/16/1425
f 1552/17/1459 1553/17/1462 1554/16/1466
f 1536/16/1431 1554/16/1466 1553/17/1462
f 1548/16/1451 1545/17/1444 1544/17/1443
f 1545/17/1444 1548/16/1451 1560/16/1475
f 1544/17/1445 1545/17/1448 1548/16/1453
f 1560/16/1481 1548/16/1453 1545/17/1448
f 1547/6/1494 1552/17/1494 1550/6/1494
f 1552/17/1494 1547/6/1494 1555/15/1494
f 1555/15/1494 1554/16/1494 1552/17/1494
f 1530/10/1494 1555/15/1494 1547/6/1494
f 1555/15/1494 1530/10/1494 1535/10/1494
f 1550/6/1493 1552/17/1493 1547/6/1493
f 1555/15/1493 1547/6/1493 1552/17/1493
f 1552/17/1493 1554/16/1493 1555/15/1493
f 1547/6/1493 1555/15/1493 1530/10/1493
f 1535/10/1493 1530/10/1493 1555/15/1493
f 1547/6/2 1564/6/2 1546/6/2
f 1564/6/2 1547/6/2 1543/6/2
f 1543/6/2 1547/6/2 1542/6/2
f 1542/6/2 1547/6/2 1557/6/2
f 1557/6/2 1547/6/2 1556/6/2
f 1556/6/2 1547/6/2 1551/6/2
f 1551/6/2 1547/6/2 1550/6/2
f 1546/6/1 1564/6/1 1547/6/1
f 1543/6/1 1547/6/1 1564/6/1
f 1542/6/1 1547/6/1 1543/6/1
f 1557/6/1 1547/6/1 1542/6/1
f 1556/6/1 1547/6/1 1557/6/1
f 1551/6/1 1547/6/1 1556/6/1
f 1550/6/1 1547/6/1 1551/6/1
f 1568/11/1501 1567/10/1500 1566/10/1499
f 1567/10/1500 1568/11/1501 1569/11/1502
f 1566/10/1505 1567/10/1504 1568/11/1503
f 1569/11/1506 1568/11/1503 1567/10/1504
f 1572/10/1509 1571/11/1508 1570/11/1507
f 1571/11/1508 1572/10/1509 1573/10/1510
f 1570/11/1513 1571/11/1512 1572/10/1511
f 1573/10/1514 1572/10/1511 1571/11/1512
f 1568/11/1501 1575/10/1516 1574/11/1515
f 1575/10/1516 1568/11/1501 1566/10/1499
f 1574/11/1518 1575/10/1517 1568/11/1503
f 1566/10/1505 1568/11/1503 1575/10/1517
f 1574/11/1515 1577/6/1520 1576/6/1519
f 1577/6/1520 1574/11/1515 1578/11/1521
f 1576/6/1523 1577/6/1522 1574/11/1518
f 1578/11/1524 1574/11/1518 1577/6/1522
f 1578/11/1521 1579/6/1525 1577/6/1520
f 1579/6/1525 1578/11/1521 1570/11/1507
f 1577/6/1522 1579/6/1526 1578/11/1524
f 1570/11/1513 1578/11/1524 1579/6/1526
f 1574/11/1515 1580/10/1527 1578/11/1521
f 1580/10/1527 1574/11/1515 1575/10/1516
f 1578/11/1524 1580/10/1528 1574/11/1518
f 1575/10/1517 1574/11/1518 1580/10/1528
f 1582/6/1530 1569/11/1502 1581/6/1529
f 1569/11/1502 1582/6/1530 1571/11/1508
f 1581/6/1532 1569/11/1506 1582/6/1531
f 1571/11/1512 1582/6/1531 1569/11/1506
f 1570/11/1507 1582/6/1530 1579/6/1525
f 1582/6/1530 1570/11/1507 1571/11/1508
f 1579/6/1526 1582/6/1531 1570/11/1513
f 1571/11/1512 1570/11/1513 1582/6/1531
f 1567/10/1500 1571/11/1508 1573/10/1510
f 1571/11/1508 1567/10/1500 1569/11/1502
f 1573/10/1514 1571/11/1512 1567/10/1504
f 1569/11/1506 1567/10/1504 1571/11/1512
f 1580/10/1527 1570/11/1507 1578/11/1521
f 1570/11/1507 1580/10/1527 1572/10/1509
f 1578/11/1524 1570/11/1513 1580/10/1528
f 1572/10/1511 1580/10/1528 1570/11/1513
f 1579/6/2 1576/6/2 1577/6/2
f 1576/6/2 1579/6/2 1583/6/2
f 1583/6/2 1579/6/2 1582/6/2
f 1583/6/2 1582/6/2 1581/6/2
f 1577/6/1 1576/6/1 1579/6/1
f 1583/6/1 1579/6/1 1576/6/1
f 1582/6/1 1579/6/1 1583/6/1
f 1581/6/1 1582/6/1 1583/6/1
f 1568/11/1501 1576/6/1519 1583/6/1533
f 1576/6/1519 1568/11/1501 1574/11/1515
f 1583/6/1534 1576/6/1523 1568/11/1503
f 1574/11/1518 1568/11/1503 1576/6/1523
f 1581/6/1529 1568/11/1501 1583/6/1533
f 1568/11/1501 1581/6/1529 1569/11/1502
f 1583/6/1534 1568/11/1503 1581/6/1532
f 1569/11/1506 1581/6/1532 1568/11/1503
f 1575/10/1516 1572/10/1509 1580/10/1527
f 1572/10/1509 1575/10/1516 1566/10/1499
f 1572/10/1509 1566/10/1499 1573/10/1510
f 1573/10/1510 1566/10/1499 1567/10/1500
f 1580/10/1528 1572/10/1511 1575/10/1517
f 1566/10/1505 1575/10/1517 1572/10/1511
f 1573/10/1514 1566/10/1505 1572/10/1511
f 1567/10/1504 1566/10/1505 1573/10/1514
f 1586/6/2 1585/6/2 1584/6/2
f 1585/6/2 1586/6/2 1587/6/2
f 1587/6/2 1586/6/2 1588/6/2
f 1587/6/2 1588/6/2 1589/6/2
f 1584/6/1 1585/6/1 1586/6/1
f 1587/6/1 1586/6/1 1585/6/1
f 1588/6/1 1586/6/1 1587/6/1
f 1589/6/1 1588/6/1 1587/6/1
f 1590/18/1537 1585/6/1536 1587/6/1535
f 1585/6/1536 1590/18/1537 1591/18/1538
f 1587/6/1541 1585/6/1540 1590/18/1539
f 1591/18/1542 1590/18/1539 1585/6/1540
f 1588/6/1545 1592/18/1544 1589/6/1543
f 1592/18/1544 1588/6/1545 1593/18/1546
f 1589/6/1549 1592/18/1548 1588/6/1547
f 1593/18/1550 1588/6/1547 1592/18/1548
f 1589/6/1543 1590/18/1537 1587/6/1535
f 1590/18/1537 1589/6/1543 1592/18/1544
f 1587/6/1541 1590/18/1539 1589/6/1549
f 1592/18/1548 1589/6/1549 1590/18/1539
f 1594/18/1552 1588/6/1545 1586/6/1551
f 1588/6/1545 1594/18/1552 1593/18/1546
f 1586/6/1554 1588/6/1547 1594/18/1553
f 1593/18/1550 1594/18/1553 1588/6/1547
f 1591/18/1538 1584/6/1555 1585/6/1536
f 1584/6/1555 1591/18/1538 1595/18/1556
f 1585/6/1540 1584/6/1557 1591/18/1542
f 1595/18/1558 1591/18/1542 1584/6/1557
f 1595/18/1556 1586/6/1551 1584/6/1555
f 1586/6/1551 1595/18/1556 1594/18/1552
f 1584/6/1557 1586/6/1554 1595/18/1558
f 1594/18/1553 1595/18/1558 1586/6/1554
f 1598/10/1561 1597/10/1560 1596/10/1559
f 1597/10/1560 1598/10/1561 1599/10/1562
f 1597/10/1560 1599/10/1562 1600/10/1563
f 1600/10/1563 1599/10/1562 1601/10/1564
f 1596/10/1567 1597/10/1566 1598/10/1565
f 1599/10/1568 1598/10/1565 1597/10/1566
f 1600/10/1569 1599/10/1568 1597/10/1566
f 1601/10/1570 1599/10/1568 1600/10/1569
f 1590/18/1537 1601/10/1564 1599/10/1562
f 1601/10/1564 1590/18/1537 1592/18/1544
f 1599/10/1568 1601/10/1570 1590/18/1539
f 1592/18/1548 1590/18/1539 1601/10/1570
f 1597/10/1560 1593/18/1546 1594/18/1552
f 1593/18/1546 1597/10/1560 1600/10/1563
f 1594/18/1553 1593/18/1550 1597/10/1566
f 1600/10/1569 1597/10/1566 1593/18/1550
f 1591/18/1538 1596/10/1559 1595/18/1556
f 1596/10/1559 1591/18/1538 1598/10/1561
f 1595/18/1558 1596/10/1567 1591/18/1542
f 1598/10/1565 1591/18/1542 1596/10/1567
f 1601/10/1564 1593/18/1546 1600/10/1563
f 1593/18/1546 1601/10/1564 1592/18/1544
f 1600/10/1569 1593/18/1550 1601/10/1570
f 1592/18/1548 1601/10/1570 1593/18/1550
f 1596/10/1559 1594/18/1552 1595/18/1556
f 1594/18/1552 1596/10/1559 1597/10/1560
f 1595/18/1558 1594/18/1553 1596/10/1567
f 1597/10/1566 1596/10/1567 1594/18/1553
f 1590/18/1537 1598/10/1561 1591/18/1538
f 1598/10/1561 1590/18/1537 1599/10/1562
f 1591/18/1542 1598/10/1565 1590/18/1539
f 1599/10/1568 1590/18/1539 1598/10/1565
f 1604/6/4 1603/7/16 1602/6/15
f 1603/7/16 1604/6/4 1605/7/6
f 1602/6/18 1603/7/17 1604/6/8
f 1605/7/10 1604/6/8 1603/7/17
f 1607/7/5 1604/6/4 1606/6/3
f 1604/6/4 1607/7/5 1605/7/6
f 1606/6/9 1604/6/8 1607/7/7
f 1605/7/10 1607/7/7 1604/6/8
f 1610/8/28 1609/6/19 1608/6/27
f 1609/6/19 1610/8/28 1611/8/21
f 1608/6/30 1609/6/25 1610/8/29
f 1611/8/23 1610/8/29 1609/6/25
f 1609/6/19 1613/8/22 1612/6/20
f 1613/8/22 1609/6/19 1611/8/21
f 1612/6/24 1613/8/26 1609/6/25
f 1611/8/23 1609/6/25 1613/8/26
f 1615/8/32 1608/6/27 1614/6/31
f 1608/6/27 1615/8/32 1610/8/28
f 1614/6/33 1608/6/30 1615/8/34
f 1610/8/29 1615/8/34 1608/6/30
f 1603/7/16 1616/6/11 1602/6/15
f 1616/6/11 1603/7/16 1617/7/12
f 1602/6/18 1616/6/13 1603/7/17
f 1617/7/14 1603/7/17 1616/6/13
f 1613/8/22 1614/6/31 1612/6/20
f 1614/6/31 1613/8/22 1615/8/32
f 1612/6/24 1614/6/33 1613/8/26
f 1615/8/34 1613/8/26 1614/6/33
f 1613/8/22 1610/8/28 1615/8/32
f 1610/8/28 1613/8/22 1611/8/21
f 1615/8/34 1610/8/29 1613/8/26
f 1611/8/23 1613/8/26 1610/8/29
f 1617/7/12 1605/7/6 1607/7/5
f 1605/7/6 1617/7/12 1603/7/16
f 1607/7/7 1605/7/10 1617/7/14
f 1603/7/17 1617/7/14 1605/7/10
f 1620/6/65 1619/7/43 1618/6/44
f 1619/7/43 1620/6/65 1621/7/59
f 1618/6/48 1619/7/49 1620/6/66
f 1621/7/62 1620/6/66 1619/7/49
f 1624/7/45 1623/6/63 1622/6/46
f 1623/6/63 1624/7/45 1625/7/60
f 1622/6/50 1623/6/64 1624/7/47
f 1625/7/61 1624/7/47 1623/6/64
f 1618/6/44 1624/7/45 1622/6/46
f 1624/7/45 1618/6/44 1619/7/43
f 1622/6/50 1624/7/47 1618/6/48
f 1619/7/49 1618/6/48 1624/7/47
f 1621/7/59 1623/6/63 1625/7/60
f 1623/6/63 1621/7/59 1620/6/65
f 1625/7/61 1623/6/64 1621/7/62
f 1620/6/66 1621/7/62 1623/6/64
f 1619/7/43 1625/7/60 1624/7/45
f 1625/7/60 1619/7/43 1621/7/59
f 1624/7/47 1625/7/61 1619/7/49
f 1621/7/62 1619/7/49 1625/7/61
f 1617/7/12 1606/6/3 1616/6/11
f 1606/6/3 1617/7/12 1607/7/5
f 1616/6/13 1606/6/9 1617/7/14
f 1607/7/7 1617/7/14 1606/6/9
f 1628/8/52 1627/6/55 1626/6/51
f 1627/6/55 1628/8/52 1629/8/56
f 1626/6/53 1627/6/58 1628/8/54
f 1629/8/57 1628/8/54 1627/6/58
f 1631/8/38 1626/6/51 1630/6/36
f 1626/6/51 1631/8/38 1628/8/52
f 1630/6/40 1626/6/53 1631/8/42
f 1628/8/54 1631/8/42 1626/6/53
f 1629/8/56 1632/6/35 1627/6/55
f 1632/6/35 1629/8/56 1633/8/37
f 1627/6/58 1632/6/41 1629/8/57
f 1633/8/39 1629/8/57 1632/6/41
f 1632/6/35 1631/8/38 1630/6/36
f 1631/8/38 1632/6/35 1633/8/37
f 1630/6/40 1631/8/42 1632/6/41
f 1633/8/39 1632/6/41 1631/8/42
f 1631/8/38 1629/8/56 1628/8/52
f 1629/8/56 1631/8/38 1633/8/37
f 1628/8/54 1629/8/57 1631/8/42
f 1633/8/39 1631/8/42 1629/8/57
f 1636/10/1 1635/10/1 1634/10/1
f 1635/10/1 1636/10/1 1637/10/1
f 1637/10/1 1636/10/1 1638/10/1
f 1637/10/1 1638/10/1 1639/10/1
f 1637/10/1 1639/10/1 1640/10/1
f 1637/10/1 1640/10/1 1641/10/1
f 1637/10/1 1641/10/1 1642/10/1
f 1634/10/2 1635/10/2 1636/10/2
f 1637/10/2 1636/10/2 1635/10/2
f 1638/10/2 1636/10/2 1637/10/2
f 1639/10/2 1638/10/2 1637/10/2
f 1640/10/2 1639/10/2 1637/10/2
f 1641/10/2 1640/10/2 1637/10/2
f 1642/10/2 1641/10/2 1637/10/2
f 1645/15/1427 1644/16/1426 1643/16/1425
f 1644/16/1426 1645/15/1427 1646/15/1428
f 1643/16/1431 1644/16/1430 1645/15/1429
f 1646/15/1432 1645/15/1429 1644/16/1430
f 1641/10/1433 1646/15/1428 1645/15/1427
f 1646/15/1428 1641/10/1433 1640/10/1434
f 1645/15/1429 1646/15/1432 1641/10/1435
f 1640/10/1436 1641/10/1435 1646/15/1432
f 1646/15/1428 1647/16/1437 1644/16/1426
f 1647/16/1437 1646/15/1428 1648/15/1438
f 1644/16/1430 1647/16/1439 1646/15/1432
f 1648/15/1440 1646/15/1432 1647/16/1439
f 1651/17/1443 1650/6/1442 1649/6/1441
f 1650/6/1442 1651/17/1443 1652/17/1444
f 1649/6/1447 1650/6/1446 1651/17/1445
f 1652/17/1448 1651/17/1445 1650/6/1446
f 1635/10/1449 1654/6/1449 1653/6/1449
f 1654/6/1449 1635/10/1449 1637/10/1449
f 1653/6/1450 1654/6/1450 1635/10/1450
f 1637/10/1450 1635/10/1450 1654/6/1450
f 1648/15/1438 1655/16/1451 1647/16/1437
f 1655/16/1451 1648/15/1438 1656/15/1452
f 1647/16/1439 1655/16/1453 1648/15/1440
f 1656/15/1454 1648/15/1440 1655/16/1453
f 1659/17/1457 1658/6/1456 1657/6/1455
f 1658/6/1456 1659/17/1457 1660/17/1458
f 1657/6/1461 1658/6/1460 1659/17/1459
f 1660/17/1462 1659/17/1459 1658/6/1460
f 1662/15/1464 1643/16/1425 1661/16/1463
f 1643/16/1425 1662/15/1464 1645/15/1427
f 1661/16/1466 1643/16/1431 1662/15/1465
f 1645/15/1429 1662/15/1465 1643/16/1431
f 1665/17/1469 1664/6/1468 1663/6/1467
f 1664/6/1468 1665/17/1469 1666/17/1470
f 1663/6/1473 1664/6/1472 1665/17/1471
f 1666/17/1474 1665/17/1471 1664/6/1472
f 1669/15/1477 1668/16/1476 1667/16/1475
f 1668/16/1476 1669/15/1477 1670/15/1478
f 1667/16/1481 1668/16/1480 1669/15/1479
f 1670/15/1482 1669/15/1479 1668/16/1480
f 1666/17/1470 1649/6/1441 1664/6/1468
f 1649/6/1441 1666/17/1470 1651/17/1443
f 1664/6/1472 1649/6/1447 1666/17/1474
f 1651/17/1445 1666/17/1474 1649/6/1447
f 1656/15/1452 1667/16/1475 1655/16/1451
f 1667/16/1475 1656/15/1452 1669/15/1477
f 1655/16/1453 1667/16/1481 1656/15/1454
f 1669/15/1479 1656/15/1454 1667/16/1481
f 1652/17/1444 1671/6/1483 1650/6/1442
f 1671/6/1483 1652/17/1444 1672/17/1484
f 1650/6/1446 1671/6/1485 1652/17/1448
f 1672/17/1486 1652/17/1448 1671/6/1485
f 1660/17/1458 1663/6/1467 1658/6/1456
f 1663/6/1467 1660/17/1458 1665/17/1469
f 1658/6/1460 1663/6/1473 1660/17/1462
f 1665/17/1471 1660/17/1462 1663/6/1473
f 1667/16/1475 1672/17/1484 1652/17/1444
f 1672/17/1484 1667/16/1475 1668/16/1476
f 1652/17/1448 1672/17/1486 1667/16/1481
f 1668/16/1480 1667/16/1481 1672/17/1486
f 1636/10/1487 1670/15/1478 1669/15/1477
f 1670/15/1478 1636/10/1487 1634/10/1488
f 1669/15/1479 1670/15/1482 1636/10/1489
f 1634/10/1490 1636/10/1489 1670/15/1482
f 1644/16/1426 1666/17/1470 1665/17/1469
f 1666/17/1470 1644/16/1426 1647/16/1437
f 1665/17/1471 1666/17/1474 1644/16/1430
f 1647/16/1439 1644/16/1430 1666/17/1474
f 1642/10/1491 1645/15/1427 1662/15/1464
f 1645/15/1427 1642/10/1491 1641/10/1433
f 1662/15/1465 1645/15/1429 1642/10/1492
f 1641/10/1435 1642/10/1492 1645/15/1429
f 1635/10/1493 1670/15/1493 1634/10/1493
f 1670/15/1493 1635/10/1493 1672/17/1493
f 1672/17/1493 1668/16/1493 1670/15/1493
f 1653/6/1493 1672/17/1493 1635/10/1493
f 1672/17/1493 1653/6/1493 1671/6/1493
f 1634/10/1494 1670/15/1494 1635/10/1494
f 1672/17/1494 1635/10/1494 1670/15/1494
f 1670/15/1494 1668/16/1494 1672/17/1494
f 1635/10/1494 1672/17/1494 1653/6/1494
f 1671/6/1494 1653/6/1494 1672/17/1494
f 1638/10/1495 1669/15/1477 1656/15/1452
f 1669/15/1477 1638/10/1495 1636/10/1487
f 1656/15/1454 1669/15/1479 1638/10/1496
f 1636/10/1489 1638/10/1496 1669/15/1479
f 1647/16/1437 1651/17/1443 1666/17/1470
f 1651/17/1443 1647/16/1437 1655/16/1451
f 1666/17/1474 1651/17/1445 1647/16/1439
f 1655/16/1453 1647/16/1439 1651/17/1445
f 1643/16/1425 1665/17/1469 1660/17/1458
f 1665/17/1469 1643/16/1425 1644/16/1426
f 1660/17/1462 1665/17/1471 1643/16/1431
f 1644/16/1430 1643/16/1431 1665/17/1471
f 1639/10/1497 1656/15/1452 1648/15/1438
f 1656/15/1452 1639/10/1497 1638/10/1495
f 1648/15/1440 1656/15/1454 1639/10/1498
f 1638/10/1496 1639/10/1498 1656/15/1454
f 1640/10/1434 1648/15/1438 1646/15/1428
f 1648/15/1438 1640/10/1434 1639/10/1497
f 1646/15/1432 1648/15/1440 1640/10/1436
f 1639/10/1498 1640/10/1436 1648/15/1440
f 1661/16/1463 1660/17/1458 1659/17/1457
f 1660/17/1458 1661/16/1463 1643/16/1425
f 1659/17/1459 1660/17/1462 1661/16/1466
f 1643/16/1431 1661/16/1466 1660/17/1462
f 1655/16/1451 1652/17/1444 1651/17/1443
f 1652/17/1444 1655/16/1451 1667/16/1475
f 1651/17/1445 1652/17/1448 1655/16/1453
f 1667/16/1481 1655/16/1453 1652/17/1448
f 1654/6/1494 1659/17/1494 1657/6/1494
f 1659/17/1494 1654/6/1494 1662/15/1494
f 1662/15/1494 1661/16/1494 1659/17/1494
f 1637/10/1494 1662/15/1494 1654/6/1494
f 1662/15/1494 1637/10/1494 1642/10/1494
f 1657/6/1493 1659/17/1493 1654/6/1493
f 1662/15/1493 1654/6/1493 1659/17/1493
f 1659/17/1493 1661/16/1493 1662/15/1493
f 1654/6/1493 1662/15/1493 1637/10/1493
f 1642/10/1493 1637/10/1493 1662/15/1493
f 1654/6/2 1671/6/2 1653/6/2
f 1671/6/2 1654/6/2 1650/6/2
f 1650/6/2 1654/6/2 1649/6/2
f 1649/6/2 1654/6/2 1664/6/2
f 1664/6/2 1654/6/2 1663/6/2
f 1663/6/2 1654/6/2 1658/6/2
f 1658/6/2 1654/6/2 1657/6/2
f 1653/6/1 1671/6/1 1654/6/1
f 1650/6/1 1654/6/1 1671/6/1
f 1649/6/1 1654/6/1 1650/6/1
f 1664/6/1 1654/6/1 1649/6/1
f 1663/6/1 1654/6/1 1664/6/1
f 1658/6/1 1654/6/1 1663/6/1
f 1657/6/1 1654/6/1 1658/6/1
f 1675/11/1501 1674/10/1500 1673/10/1499
f 1674/10/1500 1675/11/1501 1676/11/1502
f 1673/10/1505 1674/10/1504 1675/11/1503
f 1676/11/1506 1675/11/1503 1674/10/1504
f 1679/10/1509 1678/11/1508 1677/11/1507
f 1678/11/1508 1679/10/1509 1680/10/1510
f 1677/11/1513 1678/11/1512 1679/10/1511
f 1680/10/1514 1679/10/1511 1678/11/1512
f 1675/11/1501 1682/10/1516 1681/11/1515
f 1682/10/1516 1675/11/1501 1673/10/1499
f 1681/11/1518 1682/10/1517 1675/11/1503
f 1673/10/1505 1675/11/1503 1682/10/1517
f 1681/11/1515 1684/6/1520 1683/6/1519
f 1684/6/1520 1681/11/1515 1685/11/1521
f 1683/6/1523 1684/6/1522 1681/11/1518
f 1685/11/1524 1681/11/1518 1684/6/1522
f 1685/11/1521 1686/6/1525 1684/6/1520
f 1686/6/1525 1685/11/1521 1677/11/1507
f 1684/6/1522 1686/6/1526 1685/11/1524
f 1677/11/1513 1685/11/1524 1686/6/1526
f 1681/11/1515 1687/10/1527 1685/11/1521
f 1687/10/1527 1681/11/1515 1682/10/1516
f 1685/11/1524 1687/10/1528 1681/11/1518
f 1682/10/1517 1681/11/1518 1687/10/1528
f 1689/6/1530 1676/11/1502 1688/6/1529
f 1676/11/1502 1689/6/1530 1678/11/1508
f 1688/6/1532 1676/11/1506 1689/6/1531
f 1678/11/1512 1689/6/1531 1676/11/1506
f 1677/11/1507 1689/6/1530 1686/6/1525
f 1689/6/1530 1677/11/1507 1678/11/1508
f 1686/6/1526 1689/6/1531 1677/11/1513
f 1678/11/1512 1677/11/1513 1689/6/1531
f 1674/10/1500 1678/11/1508 1680/10/1510
f 1678/11/1508 1674/10/1500 1676/11/1502
f 1680/10/1514 1678/11/1512 1674/10/1504
f 1676/11/1506 1674/10/1504 1678/11/1512
f 1687/10/1527 1677/11/1507 1685/11/1521
f 1677/11/1507 1687/10/1527 1679/10/1509
f 1685/11/1524 1677/11/1513 1687/10/1528
f 1679/10/1511 1687/10/1528 1677/11/1513
f 1686/6/2 1683/6/2 1684/6/2
f 1683/6/2 1686/6/2 1690/6/2
f 1690/6/2 1686/6/2 1689/6/2
f 1690/6/2 1689/6/2 1688/6/2
f 1684/6/1 1683/6/1 1686/6/1
f 1690/6/1 1686/6/1 1683/6/1
f 1689/6/1 1686/6/1 1690/6/1
f 1688/6/1 1689/6/1 1690/6/1
f 1675/11/1501 1683/6/1519 1690/6/1533
f 1683/6/1519 1675/11/1501 1681/11/1515
f 1690/6/1534 1683/6/1523 1675/11/1503
f 1681/11/1518 1675/11/1503 1683/6/1523
f 1688/6/1529 1675/11/1501 1690/6/1533
f 1675/11/1501 1688/6/1529 1676/11/1502
f 1690/6/1534 1675/11/1503 1688/6/1532
f 1676/11/1506 1688/6/1532 1675/11/1503
f 1682/10/1516 1679/10/1509 1687/10/1527
f 1679/10/1509 1682/10/1516 1673/10/1499
f 1679/10/1509 1673/10/1499 1680/10/1510
f 1680/10/1510 1673/10/1499 1674/10/1500
f 1687/10/1528 1679/10/1511 1682/10/1517
f 1673/10/1505 1682/10/1517 1679/10/1511
f 1680/10/1514 1673/10/1505 1679/10/1511
f 1674/10/1504 1673/10/1505 1680/10/1514
f 1693/6/2 1692/6/2 1691/6/2
f 1692/6/2 1693/6/2 1694/6/2
f 1694/6/2 1693/6/2 1695/6/2
f 1694/6/2 1695/6/2 1696/6/2
f 1691/6/1 1692/6/1 1693/6/1
f 1694/6/1 1693/6/1 1692/6/1
f 1695/6/1 1693/6/1 1694/6/1
f 1696/6/1 1695/6/1 1694/6/1
f 1697/18/1537 1692/6/1536 1694/6/1535
f 1692/6/1536 1697/18/1537 1698/18/1538
f 1694/6/1541 1692/6/1540 1697/18/1539
f 1698/18/1542 1697/18/1539 1692/6/1540
f 1695/6/1545 1699/18/1544 1696/6/1543
f 1699/18/1544 1695/6/1545 1700/18/1546
f 1696/6/1549 1699/18/1548 1695/6/1547
f 1700/18/1550 1695/6/1547 1699/18/1548
f 1696/6/1543 1697/18/1537 1694/6/1535
f 1697/18/1537 1696/6/1543 1699/18/1544
f 1694/6/1541 1697/18/1539 1696/6/1549
f 1699/18/1548 1696/6/1549 1697/18/1539
f 1701/18/1552 1695/6/1545 1693/6/1551
f 1695/6/1545 1701/18/1552 1700/18/1546
f 1693/6/1554 1695/6/1547 1701/18/1553
f 1700/18/1550 1701/18/1553 1695/6/1547
f 1698/18/1538 1691/6/1555 1692/6/1536
f 1691/6/1555 1698/18/1538 1702/18/1556
f 1692/6/1540 1691/6/1557 1698/18/1542
f 1702/18/1558 1698/18/1542 1691/6/1557
f 1702/18/1556 1693/6/1551 1691/6/1555
f 1693/6/1551 1702/18/1556 1701/18/1552
f 1691/6/1557 1693/6/1554 1702/18/1558
f 1701/18/1553 1702/18/1558 1693/6/1554
f 1705/10/1561 1704/10/1560 1703/10/1559
f 1704/10/1560 1705/10/1561 1706/10/1562
f 1704/10/1560 1706/10/1562 1707/10/1563
f 1707/10/1563 1706/10/1562 1708/10/1564
f 1703/10/1567 1704/10/1566 1705/10/1565
f 1706/10/1568 1705/10/1565 1704/10/1566
f 1707/10/1569 1706/10/1568 1704/10/1566
f 1708/10/1570 1706/10/1568 1707/10/1569
f 1697/18/1537 1708/10/1564 1706/10/1562
f 1708/10/1564 1697/18/1537 1699/18/1544
f 1706/10/1568 1708/10/1570 1697/18/1539
f 1699/18/1548 1697/18/1539 1708/10/1570
f 1704/10/1560 1700/18/1546 1701/18/1552
f 1700/18/1546 1704/10/1560 1707/10/1563
f 1701/18/1553 1700/18/1550 1704/10/1566
f 1707/10/1569 1704/10/1566 1700/18/1550
f 1698/18/1538 1703/10/1559 1702/18/1556
f 1703/10/1559 1698/18/1538 1705/10/1561
f 1702/18/1558 1703/10/1567 1698/18/1542
f 1705/10/1565 1698/18/1542 1703/10/1567
f 1708/10/1564 1700/18/1546 1707/10/1563
f 1700/18/1546 1708/10/1564 1699/18/1544
f 1707/10/1569 1700/18/1550 1708/10/1570
f 1699/18/1548 1708/10/1570 1700/18/1550
f 1703/10/1559 1701/18/1552 1702/18/1556
f 1701/18/1552 1703/10/1559 1704/10/1560
f 1702/18/1558 1701/18/1553 1703/10/1567
f 1704/10/1566 1703/10/1567 1701/18/1553
f 1697/18/1537 1705/10/1561 1698/18/1538
f 1705/10/1561 1697/18/1537 1706/10/1562
f 1698/18/1542 1705/10/1565 1697/18/1539
f 1706/10/1568 1697/18/1539 1705/10/1565
f 1711/6/11 1710/7/5 1709/6/3
f 1710/7/5 1711/6/11 1712/7/12
f 1709/6/9 1710/7/7 1711/6/13
f 1712/7/14 1711/6/13 1710/7/7
f 1714/7/16 1711/6/11 1713/6/15
f 1711/6/11 1714/7/16 1712/7/12
f 1713/6/18 1711/6/13 1714/7/17
f 1712/7/14 1714/7/17 1711/6/13
f 1717/8/22 1716/6/31 1715/6/20
f 1716/6/31 1717/8/22 1718/8/32
f 1715/6/24 1716/6/33 1717/8/26
f 1718/8/34 1717/8/26 1716/6/33
f 1716/6/31 1720/8/28 1719/6/27
f 1720/8/28 1716/6/31 1718/8/32
f 1719/6/30 1720/8/29 1716/6/33
f 1718/8/34 1716/6/33 1720/8/29
f 1722/8/21 1715/6/20 1721/6/19
f 1715/6/20 1722/8/21 1717/8/22
f 1721/6/25 1715/6/24 1722/8/23
f 1717/8/26 1722/8/23 1715/6/24
f 1710/7/5 1723/6/4 1709/6/3
f 1723/6/4 1710/7/5 1724/7/6
f 1709/6/9 1723/6/8 1710/7/7
f 1724/7/10 1710/7/7 1723/6/8
f 1720/8/28 1721/6/19 1719/6/27
f 1721/6/19 1720/8/28 1722/8/21
f 1719/6/30 1721/6/25 1720/8/29
f 1722/8/23 1720/8/29 1721/6/25
f 1720/8/28 1717/8/22 1722/8/21
f 1717/8/22 1720/8/28 1718/8/32
f 1722/8/23 1717/8/26 1720/8/29
f 1718/8/34 1720/8/29 1717/8/26
f 1724/7/6 1712/7/12 1714/7/16
f 1712/7/12 1724/7/6 1710/7/5
f 1714/7/17 1712/7/14 1724/7/10
f 1710/7/7 1724/7/10 1712/7/14
f 1727/6/46 1726/7/60 1725/6/63
f 1726/7/60 1727/6/46 1728/7/45
f 1725/6/64 1726/7/61 1727/6/50
f 1728/7/47 1727/6/50 1726/7/61
f 1731/7/59 1730/6/44 1729/6/65
f 1730/6/44 1731/7/59 1732/7/43
f 1729/6/66 1730/6/48 1731/7/62
f 1732/7/49 1731/7/62 1730/6/48
f 1725/6/63 1731/7/59 1729/6/65
f 1731/7/59 1725/6/63 1726/7/60
f 1729/6/66 1731/7/62 1725/6/64
f 1726/7/61 1725/6/64 1731/7/62
f 1728/7/45 1730/6/44 1732/7/43
f 1730/6/44 1728/7/45 1727/6/46
f 1732/7/49 1730/6/48 1728/7/47
f 1727/6/50 1728/7/47 1730/6/48
f 1726/7/60 1732/7/43 1731/7/59
f 1732/7/43 1726/7/60 1728/7/45
f 1731/7/62 1732/7/49 1726/7/61
f 1728/7/47 1726/7/61 1732/7/49
f 1724/7/6 1713/6/15 1723/6/4
f 1713/6/15 1724/7/6 1714/7/16
f 1723/6/8 1713/6/18 1724/7/10
f 1714/7/17 1724/7/10 1713/6/18
f 1735/8/37 1734/6/36 1733/6/35
f 1734/6/36 1735/8/37 1736/8/38
f 1733/6/41 1734/6/40 1735/8/39
f 1736/8/42 1735/8/39 1734/6/40
f 1738/8/56 1733/6/35 1737/6/55
f 1733/6/35 1738/8/56 1735/8/37
f 1737/6/58 1733/6/41 1738/8/57
f 1735/8/39 1738/8/57 1733/6/41
f 1736/8/38 1739/6/51 1734/6/36
f 1739/6/51 1736/8/38 1740/8/52
f 1734/6/40 1739/6/53 1736/8/42
f 1740/8/54 1736/8/42 1739/6/53
f 1739/6/51 1738/8/56 1737/6/55
f 1738/8/56 1739/6/51 1740/8/52
f 1737/6/58 1738/8/57 1739/6/53
f 1740/8/54 1739/6/53 1738/8/57
f 1738/8/56 1736/8/38 1735/8/37
f 1736/8/38 1738/8/56 1740/8/52
f 1735/8/39 1736/8/42 1738/8/57
f 1740/8/54 1738/8/57 1736/8/42
f 1741/10/1 725/10/1 716/10/1
f 725/10/1 1741/10/1 1742/10/1
f 1742/10/1 1741/10/1 1743/10/1
f 1742/10/1 1743/10/1 1744/10/1
f 1742/10/1 1744/10/1 1745/10/1
f 1742/10/1 1745/10/1 1746/10/1
f 1742/10/1 1746/10/1 1747/10/1
f 716/10/2 725/10/2 1741/10/2
f 1742/10/2 1741/10/2 725/10/2
f 1743/10/2 1741/10/2 1742/10/2
f 1744/10/2 1743/10/2 1742/10/2
f 1745/10/2 1744/10/2 1742/10/2
f 1746/10/2 1745/10/2 1742/10/2
f 1747/10/2 1746/10/2 1742/10/2
f 1750/15/1571 1749/16/1430 1748/16/1431
f 1749/16/1430 1750/15/1571 1751/15/1572
f 1748/16/1425 1749/16/1426 1750/15/1573
f 1751/15/1574 1750/15/1573 1749/16/1426
f 1746/10/1575 1751/15/1572 1750/15/1571
f 1751/15/1572 1746/10/1575 1745/10/1576
f 1750/15/1573 1751/15/1574 1746/10/1577
f 1745/10/1578 1746/10/1577 1751/15/1574
f 1751/15/1572 1752/16/1439 1749/16/1430
f 1752/16/1439 1751/15/1572 1753/15/1579
f 1749/16/1426 1752/16/1437 1751/15/1574
f 1753/15/1580 1751/15/1574 1752/16/1437
f 1756/17/1583 1755/6/1582 1754/6/1581
f 1755/6/1582 1756/17/1583 1757/17/1584
f 1754/6/1587 1755/6/1586 1756/17/1585
f 1757/17/1588 1756/17/1585 1755/6/1586
f 725/10/418 1759/6/418 1758/6/418
f 1759/6/418 725/10/418 1742/10/418
f 1758/6/417 1759/6/417 725/10/417
f 1742/10/417 725/10/417 1759/6/417
f 1753/15/1579 1760/16/1453 1752/16/1439
f 1760/16/1453 1753/15/1579 1761/15/1589
f 1752/16/1437 1760/16/1451 1753/15/1580
f 1761/15/1590 1753/15/1580 1760/16/1451
f 1764/17/1593 1763/6/1592 1762/6/1591
f 1763/6/1592 1764/17/1593 1765/17/1594
f 1762/6/1597 1763/6/1596 1764/17/1595
f 1765/17/1598 1764/17/1595 1763/6/1596
f 1767/15/1599 1748/16/1431 1766/16/1466
f 1748/16/1431 1767/15/1599 1750/15/1571
f 1766/16/1463 1748/16/1425 1767/15/1600
f 1750/15/1573 1767/15/1600 1748/16/1425
f 1770/17/1603 1769/6/1602 1768/6/1601
f 1769/6/1602 1770/17/1603 1771/17/1604
f 1768/6/1607 1769/6/1606 1770/17/1605
f 1771/17/1608 1770/17/1605 1769/6/1606
f 1774/15/1609 1773/16/1480 1772/16/1481
f 1773/16/1480 1774/15/1609 1775/15/1610
f 1772/16/1475 1773/16/1476 1774/15/1611
f 1775/15/1612 1774/15/1611 1773/16/1476
f 1771/17/1604 1754/6/1581 1769/6/1602
f 1754/6/1581 1771/17/1604 1756/17/1583
f 1769/6/1606 1754/6/1587 1771/17/1608
f 1756/17/1585 1771/17/1608 1754/6/1587
f 1761/15/1589 1772/16/1481 1760/16/1453
f 1772/16/1481 1761/15/1589 1774/15/1609
f 1760/16/1451 1772/16/1475 1761/15/1590
f 1774/15/1611 1761/15/1590 1772/16/1475
f 1757/17/1584 1776/6/1613 1755/6/1582
f 1776/6/1613 1757/17/1584 1777/17/1614
f 1755/6/1586 1776/6/1615 1757/17/1588
f 1777/17/1616 1757/17/1588 1776/6/1615
f 1765/17/1594 1768/6/1601 1763/6/1592
f 1768/6/1601 1765/17/1594 1770/17/1603
f 1763/6/1596 1768/6/1607 1765/17/1598
f 1770/17/1605 1765/17/1598 1768/6/1607
f 1772/16/1481 1777/17/1614 1757/17/1584
f 1777/17/1614 1772/16/1481 1773/16/1480
f 1757/17/1588 1777/17/1616 1772/16/1475
f 1773/16/1476 1772/16/1475 1777/17/1616
f 1741/10/1617 1775/15/1610 1774/15/1609
f 1775/15/1610 1741/10/1617 716/10/1618
f 1774/15/1611 1775/15/1612 1741/10/1619
f 716/10/1620 1741/10/1619 1775/15/1612
f 1749/16/1430 1771/17/1604 1770/17/1603
f 1771/17/1604 1749/16/1430 1752/16/1439
f 1770/17/1605 1771/17/1608 1749/16/1426
f 1752/16/1437 1749/16/1426 1771/17/1608
f 1747/10/1621 1750/15/1571 1767/15/1599
f 1750/15/1571 1747/10/1621 1746/10/1575
f 1767/15/1600 1750/15/1573 1747/10/1622
f 1746/10/1577 1747/10/1622 1750/15/1573
f 725/10/420 1775/15/420 716/10/420
f 1775/15/420 725/10/420 1777/17/420
f 1777/17/420 1773/16/420 1775/15/420
f 1758/6/420 1777/17/420 725/10/420
f 1777/17/420 1758/6/420 1776/6/420
f 716/10/419 1775/15/419 725/10/419
f 1777/17/419 725/10/419 1775/15/419
f 1775/15/419 1773/16/419 1777/17/419
f 725/10/419 1777/17/419 1758/6/419
f 1776/6/419 1758/6/419 1777/17/419
f 1743/10/1623 1774/15/1609 1761/15/1589
f 1774/15/1609 1743/10/1623 1741/10/1617
f 1761/15/1590 1774/15/1611 1743/10/1624
f 1741/10/1619 1743/10/1624 1774/15/1611
f 1752/16/1439 1756/17/1583 1771/17/1604
f 1756/17/1583 1752/16/1439 1760/16/1453
f 1771/17/1608 1756/17/1585 1752/16/1437
f 1760/16/1451 1752/16/1437 1756/17/1585
f 1748/16/1431 1770/17/1603 1765/17/1594
f 1770/17/1603 1748/16/1431 1749/16/1430
f 1765/17/1598 1770/17/1605 1748/16/1425
f 1749/16/1426 1748/16/1425 1770/17/1605
f 1744/10/1625 1761/15/1589 1753/15/1579
f 1761/15/1589 1744/10/1625 1743/10/1623
f 1753/15/1580 1761/15/1590 1744/10/1626
f 1743/10/1624 1744/10/1626 1761/15/1590
f 1745/10/1576 1753/15/1579 1751/15/1572
f 1753/15/1579 1745/10/1576 1744/10/1625
f 1751/15/1574 1753/15/1580 1745/10/1578
f 1744/10/1626 1745/10/1578 1753/15/1580
f 1766/16/1466 1765/17/1594 1764/17/1593
f 1765/17/1594 1766/16/1466 1748/16/1431
f 1764/17/1595 1765/17/1598 1766/16/1463
f 1748/16/1425 1766/16/1463 1765/17/1598
f 1760/16/1453 1757/17/1584 1756/17/1583
f 1757/17/1584 1760/16/1453 1772/16/1481
f 1756/17/1585 1757/17/1588 1760/16/1451
f 1772/16/1475 1760/16/1451 1757/17/1588
f 1759/6/419 1764/17/419 1762/6/419
f 1764/17/419 1759/6/419 1767/15/419
f 1767/15/419 1766/16/419 1764/17/419
f 1742/10/419 1767/15/419 1759/6/419
f 1767/15/419 1742/10/419 1747/10/419
f 1762/6/420 1764/17/420 1759/6/420
f 1767/15/420 1759/6/420 1764/17/420
f 1764/17/420 1766/16/420 1767/15/420
f 1759/6/420 1767/15/420 1742/10/420
f 1747/10/420 1742/10/420 1767/15/420
f 1759/6/2 1776/6/2 1758/6/2
f 1776/6/2 1759/6/2 1755/6/2
f 1755/6/2 1759/6/2 1754/6/2
f 1754/6/2 1759/6/2 1769/6/2
f 1769/6/2 1759/6/2 1768/6/2
f 1768/6/2 1759/6/2 1763/6/2
f 1763/6/2 1759/6/2 1762/6/2
f 1758/6/1 1776/6/1 1759/6/1
f 1755/6/1 1759/6/1 1776/6/1
f 1754/6/1 1759/6/1 1755/6/1
f 1769/6/1 1759/6/1 1754/6/1
f 1768/6/1 1759/6/1 1769/6/1
f 1763/6/1 1759/6/1 1768/6/1
f 1762/6/1 1759/6/1 1763/6/1
f 1780/11/1507 1779/10/1627 1778/10/1509
f 1779/10/1627 1780/11/1507 1781/11/1628
f 1778/10/1511 1779/10/1629 1780/11/1513
f 1781/11/1630 1780/11/1513 1779/10/1629
f 1784/10/1499 1783/11/1515 1782/11/1501
f 1783/11/1515 1784/10/1499 1785/10/1516
f 1782/11/1503 1783/11/1518 1784/10/1505
f 1785/10/1517 1784/10/1505 1783/11/1518
f 1780/11/1507 1787/10/1510 1786/11/1508
f 1787/10/1510 1780/11/1507 1778/10/1509
f 1786/11/1512 1787/10/1514 1780/11/1513
f 1778/10/1511 1780/11/1513 1787/10/1514
f 1786/11/1508 1789/6/1631 1788/6/1530
f 1789/6/1631 1786/11/1508 1790/11/1632
f 1788/6/1531 1789/6/1633 1786/11/1512
f 1790/11/1634 1786/11/1512 1789/6/1633
f 1790/11/1632 1791/6/1533 1789/6/1631
f 1791/6/1533 1790/11/1632 1782/11/1501
f 1789/6/1633 1791/6/1534 1790/11/1634
f 1782/11/1503 1790/11/1634 1791/6/1534
f 1786/11/1508 1792/10/1635 1790/11/1632
f 1792/10/1635 1786/11/1508 1787/10/1510
f 1790/11/1634 1792/10/1636 1786/11/1512
f 1787/10/1514 1786/11/1512 1792/10/1636
f 1794/6/1519 1781/11/1628 1793/6/1637
f 1781/11/1628 1794/6/1519 1783/11/1515
f 1793/6/1638 1781/11/1630 1794/6/1523
f 1783/11/1518 1794/6/1523 1781/11/1630
f 1782/11/1501 1794/6/1519 1791/6/1533
f 1794/6/1519 1782/11/1501 1783/11/1515
f 1791/6/1534 1794/6/1523 1782/11/1503
f 1783/11/1518 1782/11/1503 1794/6/1523
f 1779/10/1627 1783/11/1515 1785/10/1516
f 1783/11/1515 1779/10/1627 1781/11/1628
f 1785/10/1517 1783/11/1518 1779/10/1629
f 1781/11/1630 1779/10/1629 1783/11/1518
f 1792/10/1635 1782/11/1501 1790/11/1632
f 1782/11/1501 1792/10/1635 1784/10/1499
f 1790/11/1634 1782/11/1503 1792/10/1636
f 1784/10/1505 1792/10/1636 1782/11/1503
f 1791/6/2 1788/6/2 1789/6/2
f 1788/6/2 1791/6/2 1795/6/2
f 1795/6/2 1791/6/2 1794/6/2
f 1795/6/2 1794/6/2 1793/6/2
f 1789/6/1 1788/6/1 1791/6/1
f 1795/6/1 1791/6/1 1788/6/1
f 1794/6/1 1791/6/1 1795/6/1
f 1793/6/1 1794/6/1 1795/6/1
f 1780/11/1507 1788/6/1530 1795/6/1525
f 1788/6/1530 1780/11/1507 1786/11/1508
f 1795/6/1526 1788/6/1531 1780/11/1513
f 1786/11/1512 1780/11/1513 1788/6/1531
f 1793/6/1637 1780/11/1507 1795/6/1525
f 1780/11/1507 1793/6/1637 1781/11/1628
f 1795/6/1526 1780/11/1513 1793/6/1638
f 1781/11/1630 1793/6/1638 1780/11/1513
f 1787/10/1510 1784/10/1499 1792/10/1635
f 1784/10/1499 1787/10/1510 1778/10/1509
f 1784/10/1499 1778/10/1509 1785/10/1516
f 1785/10/1516 1778/10/1509 1779/10/1627
f 1792/10/1636 1784/10/1505 1787/10/1514
f 1778/10/1511 1787/10/1514 1784/10/1505
f 1785/10/1517 1778/10/1511 1784/10/1505
f 1779/10/1629 1778/10/1511 1785/10/1517
f 1798/6/2 1797/6/2 1796/6/2
f 1797/6/2 1798/6/2 1799/6/2
f 1799/6/2 1798/6/2 1800/6/2
f 1799/6/2 1800/6/2 1801/6/2
f 1796/6/1 1797/6/1 1798/6/1
f 1799/6/1 1798/6/1 1797/6/1
f 1800/6/1 1798/6/1 1799/6/1
f 1801/6/1 1800/6/1 1799/6/1
f 1802/18/1552 1797/6/1545 1799/6/1551
f 1797/6/1545 1802/18/1552 1803/18/1546
f 1799/6/1554 1797/6/1547 1802/18/1553
f 1803/18/1550 1802/18/1553 1797/6/1547
f 1800/6/1536 1804/18/1556 1801/6/1555
f 1804/18/1556 1800/6/1536 1805/18/1538
f 1801/6/1557 1804/18/1558 1800/6/1540
f 1805/18/1542 1800/6/1540 1804/18/1558
f 1801/6/1555 1802/18/1552 1799/6/1551
f 1802/18/1552 1801/6/1555 1804/18/1556
f 1799/6/1554 1802/18/1553 1801/6/1557
f 1804/18/1558 1801/6/1557 1802/18/1553
f 1806/18/1537 1800/6/1536 1798/6/1535
f 1800/6/1536 1806/18/1537 1805/18/1538
f 1798/6/1541 1800/6/1540 1806/18/1539
f 1805/18/1542 1806/18/1539 1800/6/1540
f 1803/18/1546 1796/6/1543 1797/6/1545
f 1796/6/1543 1803/18/1546 1807/18/1544
f 1797/6/1547 1796/6/1549 1803/18/1550
f 1807/18/1548 1803/18/1550 1796/6/1549
f 1807/18/1544 1798/6/1535 1796/6/1543
f 1798/6/1535 1807/18/1544 1806/18/1537
f 1796/6/1549 1798/6/1541 1807/18/1548
f 1806/18/1539 1807/18/1548 1798/6/1541
f 1810/10/1563 1809/10/1562 1808/10/1564
f 1809/10/1562 1810/10/1563 1811/10/1560
f 1809/10/1562 1811/10/1560 1812/10/1561
f 1812/10/1561 1811/10/1560 1813/10/1559
f 1808/10/1570 1809/10/1568 1810/10/1569
f 1811/10/1566 1810/10/1569 1809/10/1568
f 1812/10/1565 1811/10/1566 1809/10/1568
f 1813/10/1567 1811/10/1566 1812/10/1565
f 1802/18/1552 1813/10/1559 1811/10/1560
f 1813/10/1559 1802/18/1552 1804/18/1556
f 1811/10/1566 1813/10/1567 1802/18/1553
f 1804/18/1558 1802/18/1553 1813/10/1567
f 1809/10/1562 1805/18/1538 1806/18/1537
f 1805/18/1538 1809/10/1562 1812/10/1561
f 1806/18/1539 1805/18/1542 1809/10/1568
f 1812/10/1565 1809/10/1568 1805/18/1542
f 1803/18/1546 1808/10/1564 1807/18/1544
f 1808/10/1564 1803/18/1546 1810/10/1563
f 1807/18/1548 1808/10/1570 1803/18/1550
f 1810/10/1569 1803/18/1550 1808/10/1570
f 1813/10/1559 1805/18/1538 1812/10/1561
f 1805/18/1538 1813/10/1559 1804/18/1556
f 1812/10/1565 1805/18/1542 1813/10/1567
f 1804/18/1558 1813/10/1567 1805/18/1542
f 1808/10/1564 1806/18/1537 1807/18/1544
f 1806/18/1537 1808/10/1564 1809/10/1562
f 1807/18/1548 1806/18/1539 1808/10/1570
f 1809/10/1568 1808/10/1570 1806/18/1539
f 1802/18/1552 1810/10/1563 1803/18/1546
f 1810/10/1563 1802/18/1552 1811/10/1560
f 1803/18/1550 1810/10/1569 1802/18/1553
f 1811/10/1566 1802/18/1553 1810/10/1569
f 1816/6/11 1815/7/5 1814/6/3
f 1815/7/5 1816/6/11 1817/7/12
f 1814/6/9 1815/7/7 1816/6/13
f 1817/7/14 1816/6/13 1815/7/7
f 1819/7/16 1816/6/11 1818/6/15
f 1816/6/11 1819/7/16 1817/7/12
f 1818/6/18 1816/6/13 1819/7/17
f 1817/7/14 1819/7/17 1816/6/13
f 1822/8/22 1821/6/31 1820/6/20
f 1821/6/31 1822/8/22 1823/8/32
f 1820/6/24 1821/6/33 1822/8/26
f 1823/8/34 1822/8/26 1821/6/33
f 1821/6/31 1825/8/28 1824/6/27
f 1825/8/28 1821/6/31 1823/8/32
f 1824/6/30 1825/8/29 1821/6/33
f 1823/8/34 1821/6/33 1825/8/29
f 1827/8/21 1820/6/20 1826/6/19
f 1820/6/20 1827/8/21 1822/8/22
f 1826/6/25 1820/6/24 1827/8/23
f 1822/8/26 1827/8/23 1820/6/24
f 1815/7/5 1828/6/4 1814/6/3
f 1828/6/4 1815/7/5 1829/7/6
f 1814/6/9 1828/6/8 1815/7/7
f 1829/7/10 1815/7/7 1828/6/8
f 1825/8/28 1826/6/19 1824/6/27
f 1826/6/19 1825/8/28 1827/8/21
f 1824/6/30 1826/6/25 1825/8/29
f 1827/8/23 1825/8/29 1826/6/25
f 1825/8/28 1822/8/22 1827/8/21
f 1822/8/22 1825/8/28 1823/8/32
f 1827/8/23 1822/8/26 1825/8/29
f 1823/8/34 1825/8/29 1822/8/26
f 1829/7/6 1817/7/12 1819/7/16
f 1817/7/12 1829/7/6 1815/7/5
f 1819/7/17 1817/7/14 1829/7/10
f 1815/7/7 1829/7/10 1817/7/14
f 1832/6/46 1831/7/60 1830/6/63
f 1831/7/60 1832/6/46 1833/7/45
f 1830/6/64 1831/7/61 1832/6/50
f 1833/7/47 1832/6/50 1831/7/61
f 1836/7/59 1835/6/44 1834/6/65
f 1835/6/44 1836/7/59 1837/7/43
f 1834/6/66 1835/6/48 1836/7/62
f 1837/7/49 1836/7/62 1835/6/48
f 1830/6/63 1836/7/59 1834/6/65
f 1836/7/59 1830/6/63 1831/7/60
f 1834/6/66 1836/7/62 1830/6/64
f 1831/7/61 1830/6/64 1836/7/62
f 1833/7/45 1835/6/44 1837/7/43
f 1835/6/44 1833/7/45 1832/6/46
f 1837/7/49 1835/6/48 1833/7/47
f 1832/6/50 1833/7/47 1835/6/48
f 1831/7/60 1837/7/43 1836/7/59
f 1837/7/43 1831/7/60 1833/7/45
f 1836/7/62 1837/7/49 1831/7/61
f 1833/7/47 1831/7/61 1837/7/49
f 1829/7/6 1818/6/15 1828/6/4
f 1818/6/15 1829/7/6 1819/7/16
f 1828/6/8 1818/6/18 1829/7/10
f 1819/7/17 1829/7/10 1818/6/18
f 1840/8/37 1839/6/36 1838/6/35
f 1839/6/36 1840/8/37 1841/8/38
f 1838/6/41 1839/6/40 1840/8/39
f 1841/8/42 1840/8/39 1839/6/40
f 1843/8/56 1838/6/35 1842/6/55
f 1838/6/35 1843/8/56 1840/8/37
f 1842/6/58 1838/6/41 1843/8/57
f 1840/8/39 1843/8/57 1838/6/41
f 1841/8/38 1844/6/51 1839/6/36
f 1844/6/51 1841/8/38 1845/8/52
f 1839/6/40 1844/6/53 1841/8/42
f 1845/8/54 1841/8/42 1844/6/53
f 1844/6/51 1843/8/56 1842/6/55
f 1843/8/56 1844/6/51 1845/8/52
f 1842/6/58 1843/8/57 1844/6/53
f 1845/8/54 1844/6/53 1843/8/57
f 1843/8/56 1841/8/38 1840/8/37
f 1841/8/38 1843/8/56 1845/8/52
f 1840/8/39 1841/8/42 1843/8/57
f 1845/8/54 1843/8/57 1841/8/42
f 1848/10/1 1847/10/1 1846/10/1
f 1847/10/1 1848/10/1 1105/10/1
f 1105/10/1 1848/10/1 1849/10/1
f 1105/10/1 1849/10/1 1850/10/1
f 1105/10/1 1850/10/1 1851/10/1
f 1105/10/1 1851/10/1 1852/10/1
f 1105/10/1 1852/10/1 1853/10/1
f 1846/10/2 1847/10/2 1848/10/2
f 1105/10/2 1848/10/2 1847/10/2
f 1849/10/2 1848/10/2 1105/10/2
f 1850/10/2 1849/10/2 1105/10/2
f 1851/10/2 1850/10/2 1105/10/2
f 1852/10/2 1851/10/2 1105/10/2
f 1853/10/2 1852/10/2 1105/10/2
f 1856/15/1571 1855/16/1430 1854/16/1431
f 1855/16/1430 1856/15/1571 1857/15/1572
f 1854/16/1425 1855/16/1426 1856/15/1573
f 1857/15/1574 1856/15/1573 1855/16/1426
f 1852/10/1575 1857/15/1572 1856/15/1571
f 1857/15/1572 1852/10/1575 1851/10/1576
f 1856/15/1573 1857/15/1574 1852/10/1577
f 1851/10/1578 1852/10/1577 1857/15/1574
f 1857/15/1572 1858/16/1439 1855/16/1430
f 1858/16/1439 1857/15/1572 1859/15/1579
f 1855/16/1426 1858/16/1437 1857/15/1574
f 1859/15/1580 1857/15/1574 1858/16/1437
f 1862/17/1583 1861/6/1582 1860/6/1581
f 1861/6/1582 1862/17/1583 1863/17/1584
f 1860/6/1587 1861/6/1586 1862/17/1585
f 1863/17/1588 1862/17/1585 1861/6/1586
f 1847/10/418 1865/6/418 1864/6/418
f 1865/6/418 1847/10/418 1105/10/418
f 1864/6/417 1865/6/417 1847/10/417
f 1105/10/417 1847/10/417 1865/6/417
f 1859/15/1579 1866/16/1453 1858/16/1439
f 1866/16/1453 1859/15/1579 1867/15/1589
f 1858/16/1437 1866/16/1451 1859/15/1580
f 1867/15/1590 1859/15/1580 1866/16/1451
f 1870/17/1593 1869/6/1592 1868/6/1591
f 1869/6/1592 1870/17/1593 1871/17/1594
f 1868/6/1597 1869/6/1596 1870/17/1595
f 1871/17/1598 1870/17/1595 1869/6/1596
f 1873/15/1599 1854/16/1431 1872/16/1466
f 1854/16/1431 1873/15/1599 1856/15/1571
f 1872/16/1463 1854/16/1425 1873/15/1600
f 1856/15/1573 1873/15/1600 1854/16/1425
f 1876/17/1603 1875/6/1602 1874/6/1601
f 1875/6/1602 1876/17/1603 1877/17/1604
f 1874/6/1607 1875/6/1606 1876/17/1605
f 1877/17/1608 1876/17/1605 1875/6/1606
f 1880/15/1609 1879/16/1480 1878/16/1481
f 1879/16/1480 1880/15/1609 1881/15/1610
f 1878/16/1475 1879/16/1476 1880/15/1611
f 1881/15/1612 1880/15/1611 1879/16/1476
f 1877/17/1604 1860/6/1581 1875/6/1602
f 1860/6/1581 1877/17/1604 1862/17/1583
f 1875/6/1606 1860/6/1587 1877/17/1608
f 1862/17/1585 1877/17/1608 1860/6/1587
f 1867/15/1589 1878/16/1481 1866/16/1453
f 1878/16/1481 1867/15/1589 1880/15/1609
f 1866/16/1451 1878/16/1475 1867/15/1590
f 1880/15/1611 1867/15/1590 1878/16/1475
f 1863/17/1584 1882/6/1613 1861/6/1582
f 1882/6/1613 1863/17/1584 1883/17/1614
f 1861/6/1586 1882/6/1615 1863/17/1588
f 1883/17/1616 1863/17/1588 1882/6/1615
f 1871/17/1594 1874/6/1601 1869/6/1592
f 1874/6/1601 1871/17/1594 1876/17/1603
f 1869/6/1596 1874/6/1607 1871/17/1598
f 1876/17/1605 1871/17/1598 1874/6/1607
f 1878/16/1481 1883/17/1614 1863/17/1584
f 1883/17/1614 1878/16/1481 1879/16/1480
f 1863/17/1588 1883/17/1616 1878/16/1475
f 1879/16/1476 1878/16/1475 1883/17/1616
f 1848/10/1617 1881/15/1610 1880/15/1609
f 1881/15/1610 1848/10/1617 1846/10/1618
f 1880/15/1611 1881/15/1612 1848/10/1619
f 1846/10/1620 1848/10/1619 1881/15/1612
f 1855/16/1430 1877/17/1604 1876/17/1603
f 1877/17/1604 1855/16/1430 1858/16/1439
f 1876/17/1605 1877/17/1608 1855/16/1426
f 1858/16/1437 1855/16/1426 1877/17/1608
f 1853/10/1621 1856/15/1571 1873/15/1599
f 1856/15/1571 1853/10/1621 1852/10/1575
f 1873/15/1600 1856/15/1573 1853/10/1622
f 1852/10/1577 1853/10/1622 1856/15/1573
f 1847/10/420 1881/15/420 1846/10/420
f 1881/15/420 1847/10/420 1883/17/420
f 1883/17/420 1879/16/420 1881/15/420
f 1864/6/420 1883/17/420 1847/10/420
f 1883/17/420 1864/6/420 1882/6/420
f 1846/10/419 1881/15/419 1847/10/419
f 1883/17/419 1847/10/419 1881/15/419
f 1881/15/419 1879/16/419 1883/17/419
f 1847/10/419 1883/17/419 1864/6/419
f 1882/6/419 1864/6/419 1883/17/419
f 1849/10/1623 1880/15/1609 1867/15/1589
f 1880/15/1609 1849/10/1623 1848/10/1617
f 1867/15/1590 1880/15/1611 1849/10/1624
f 1848/10/1619 1849/10/1624 1880/15/1611
f 1858/16/1439 1862/17/1583 1877/17/1604
f 1862/17/1583 1858/16/1439 1866/16/1453
f 1877/17/1608 1862/17/1585 1858/16/1437
f 1866/16/1451 1858/16/1437 1862/17/1585
f 1854/16/1431 1876/17/1603 1871/17/1594
f 1876/17/1603 1854/16/1431 1855/16/1430
f 1871/17/1598 1876/17/1605 1854/16/1425
f 1855/16/1426 1854/16/1425 1876/17/1605
f 1850/10/1625 1867/15/1589 1859/15/1579
f 1867/15/1589 1850/10/1625 1849/10/1623
f 1859/15/1580 1867/15/1590 1850/10/1626
f 1849/10/1624 1850/10/1626 1867/15/1590
f 1851/10/1576 1859/15/1579 1857/15/1572
f 1859/15/1579 1851/10/1576 1850/10/1625
f 1857/15/1574 1859/15/1580 1851/10/1578
f 1850/10/1626 1851/10/1578 1859/15/1580
f 1872/16/1466 1871/17/1594 1870/17/1593
f 1871/17/1594 1872/16/1466 1854/16/1431
f 1870/17/1595 1871/17/1598 1872/16/1463
f 1854/16/1425 1872/16/1463 1871/17/1598
f 1866/16/1453 1863/17/1584 1862/17/1583
f 1863/17/1584 1866/16/1453 1878/16/1481
f 1862/17/1585 1863/17/1588 1866/16/1451
f 1878/16/1475 1866/16/1451 1863/17/1588
f 1865/6/419 1870/17/419 1868/6/419
f 1870/17/419 1865/6/419 1873/15/419
f 1873/15/419 1872/16/419 1870/17/419
f 1105/10/419 1873/15/419 1865/6/419
f 1873/15/419 1105/10/419 1853/10/419
f 1868/6/420 1870/17/420 1865/6/420
f 1873/15/420 1865/6/420 1870/17/420
f 1870/17/420 1872/16/420 1873/15/420
f 1865/6/420 1873/15/420 1105/10/420
f 1853/10/420 1105/10/420 1873/15/420
f 1865/6/2 1882/6/2 1864/6/2
f 1882/6/2 1865/6/2 1861/6/2
f 1861/6/2 1865/6/2 1860/6/2
f 1860/6/2 1865/6/2 1875/6/2
f 1875/6/2 1865/6/2 1874/6/2
f 1874/6/2 1865/6/2 1869/6/2
f 1869/6/2 1865/6/2 1868/6/2
f 1864/6/1 1882/6/1 1865/6/1
f 1861/6/1 1865/6/1 1882/6/1
f 1860/6/1 1865/6/1 1861/6/1
f 1875/6/1 1865/6/1 1860/6/1
f 1874/6/1 1865/6/1 1875/6/1
f 1869/6/1 1865/6/1 1874/6/1
f 1868/6/1 1865/6/1 1869/6/1
f 1886/11/1507 1885/10/1627 1884/10/1509
f 1885/10/1627 1886/11/1507 1887/11/1628
f 1884/10/1511 1885/10/1629 1886/11/1513
f 1887/11/1630 1886/11/1513 1885/10/1629
f 1890/10/1499 1889/11/1515 1888/11/1501
f 1889/11/1515 1890/10/1499 1891/10/1516
f 1888/11/1503 1889/11/1518 1890/10/1505
f 1891/10/1517 1890/10/1505 1889/11/1518
f 1886/11/1507 1893/10/1510 1892/11/1508
f 1893/10/1510 1886/11/1507 1884/10/1509
f 1892/11/1512 1893/10/1514 1886/11/1513
f 1884/10/1511 1886/11/1513 1893/10/1514
f 1892/11/1508 1895/6/1631 1894/6/1530
f 1895/6/1631 1892/11/1508 1896/11/1632
f 1894/6/1531 1895/6/1633 1892/11/1512
f 1896/11/1634 1892/11/1512 1895/6/1633
f 1896/11/1632 1897/6/1533 1895/6/1631
f 1897/6/1533 1896/11/1632 1888/11/1501
f 1895/6/1633 1897/6/1534 1896/11/1634
f 1888/11/1503 1896/11/1634 1897/6/1534
f 1892/11/1508 1898/10/1635 1896/11/1632
f 1898/10/1635 1892/11/1508 1893/10/1510
f 1896/11/1634 1898/10/1636 1892/11/1512
f 1893/10/1514 1892/11/1512 1898/10/1636
f 1900/6/1519 1887/11/1628 1899/6/1637
f 1887/11/1628 1900/6/1519 1889/11/1515
f 1899/6/1638 1887/11/1630 1900/6/1523
f 1889/11/1518 1900/6/1523 1887/11/1630
f 1888/11/1501 1900/6/1519 1897/6/1533
f 1900/6/1519 1888/11/1501 1889/11/1515
f 1897/6/1534 1900/6/1523 1888/11/1503
f 1889/11/1518 1888/11/1503 1900/6/1523
f 1885/10/1627 1889/11/1515 1891/10/1516
f 1889/11/1515 1885/10/1627 1887/11/1628
f 1891/10/1517 1889/11/1518 1885/10/1629
f 1887/11/1630 1885/10/1629 1889/11/1518
f 1898/10/1635 1888/11/1501 1896/11/1632
f 1888/11/1501 1898/10/1635 1890/10/1499
f 1896/11/1634 1888/11/1503 1898/10/1636
f 1890/10/1505 1898/10/1636 1888/11/1503
f 1897/6/2 1894/6/2 1895/6/2
f 1894/6/2 1897/6/2 1901/6/2
f 1901/6/2 1897/6/2 1900/6/2
f 1901/6/2 1900/6/2 1899/6/2
f 1895/6/1 1894/6/1 1897/6/1
f 1901/6/1 1897/6/1 1894/6/1
f 1900/6/1 1897/6/1 1901/6/1
f 1899/6/1 1900/6/1 1901/6/1
f 1886/11/1507 1894/6/1530 1901/6/1525
f 1894/6/1530 1886/11/1507 1892/11/1508
f 1901/6/1526 1894/6/1531 1886/11/1513
f 1892/11/1512 1886/11/1513 1894/6/1531
f 1899/6/1637 1886/11/1507 1901/6/1525
f 1886/11/1507 1899/6/1637 1887/11/1628
f 1901/6/1526 1886/11/1513 1899/6/1638
f 1887/11/1630 1899/6/1638 1886/11/1513
f 1893/10/1510 1890/10/1499 1898/10/1635
f 1890/10/1499 1893/10/1510 1884/10/1509
f 1890/10/1499 1884/10/1509 1891/10/1516
f 1891/10/1516 1884/10/1509 1885/10/1627
f 1898/10/1636 1890/10/1505 1893/10/1514
f 1884/10/1511 1893/10/1514 1890/10/1505
f 1891/10/1517 1884/10/1511 1890/10/1505
f 1885/10/1629 1884/10/1511 1891/10/1517
f 1904/6/2 1903/6/2 1902/6/2
f 1903/6/2 1904/6/2 1905/6/2
f 1905/6/2 1904/6/2 1906/6/2
f 1905/6/2 1906/6/2 1907/6/2
f 1902/6/1 1903/6/1 1904/6/1
f 1905/6/1 1904/6/1 1903/6/1
f 1906/6/1 1904/6/1 1905/6/1
f 1907/6/1 1906/6/1 1905/6/1
f 1908/18/1552 1903/6/1545 1905/6/1551
f 1903/6/1545 1908/18/1552 1909/18/1546
f 1905/6/1554 1903/6/1547 1908/18/1553
f 1909/18/1550 1908/18/1553 1903/6/1547
f 1906/6/1536 1910/18/1556 1907/6/1555
f 1910/18/1556 1906/6/1536 1911/18/1538
f 1907/6/1557 1910/18/1558 1906/6/1540
f 1911/18/1542 1906/6/1540 1910/18/1558
f 1907/6/1555 1908/18/1552 1905/6/1551
f 1908/18/1552 1907/6/1555 1910/18/1556
f 1905/6/1554 1908/18/1553 1907/6/1557
f 1910/18/1558 1907/6/1557 1908/18/1553
f 1912/18/1537 1906/6/1536 1904/6/1535
f 1906/6/1536 1912/18/1537 1911/18/1538
f 1904/6/1541 1906/6/1540 1912/18/1539
f 1911/18/1542 1912/18/1539 1906/6/1540
f 1909/18/1546 1902/6/1543 1903/6/1545
f 1902/6/1543 1909/18/1546 1913/18/1544
f 1903/6/1547 1902/6/1549 1909/18/1550
f 1913/18/1548 1909/18/1550 1902/6/1549
f 1913/18/1544 1904/6/1535 1902/6/1543
f 1904/6/1535 1913/18/1544 1912/18/1537
f 1902/6/1549 1904/6/1541 1913/18/1548
f 1912/18/1539 1913/18/1548 1904/6/1541
f 1916/10/1563 1915/10/1562 1914/10/1564
f 1915/10/1562 1916/10/1563 1917/10/1560
f 1915/10/1562 1917/10/1560 1918/10/1561
f 1918/10/1561 1917/10/1560 1919/10/1559
f 1914/10/1570 1915/10/1568 1916/10/1569
f 1917/10/1566 1916/10/1569 1915/10/1568
f 1918/10/1565 1917/10/1566 1915/10/1568
f 1919/10/1567 1917/10/1566 1918/10/1565
f 1908/18/1552 1919/10/1559 1917/10/1560
f 1919/10/1559 1908/18/1552 1910/18/1556
f 1917/10/1566 1919/10/1567 1908/18/1553
f 1910/18/1558 1908/18/1553 1919/10/1567
f 1915/10/1562 1911/18/1538 1912/18/1537
f 1911/18/1538 1915/10/1562 1918/10/1561
f 1912/18/1539 1911/18/1542 1915/10/1568
f 1918/10/1565 1915/10/1568 1911/18/1542
f 1909/18/1546 1914/10/1564 1913/18/1544
f 1914/10/1564 1909/18/1546 1916/10/1563
f 1913/18/1548 1914/10/1570 1909/18/1550
f 1916/10/1569 1909/18/1550 1914/10/1570
f 1919/10/1559 1911/18/1538 1918/10/1561
f 1911/18/1538 1919/10/1559 1910/18/1556
f 1918/10/1565 1911/18/1542 1919/10/1567
f 1910/18/1558 1919/10/1567 1911/18/1542
f 1914/10/1564 1912/18/1537 1913/18/1544
f 1912/18/1537 1914/10/1564 1915/10/1562
f 1913/18/1548 1912/18/1539 1914/10/1570
f 1915/10/1568 1914/10/1570 1912/18/1539
f 1908/18/1552 1916/10/1563 1909/18/1546
f 1916/10/1563 1908/18/1552 1917/10/1560
f 1909/18/1550 1916/10/1569 1908/18/1553
f 1917/10/1566 1908/18/1553 1916/10/1569
f 1922/15/1641 1921/16/1640 1920/16/1639
f 1921/16/1640 1922/15/1641 1923/15/1642
f 1920/16/1645 1921/16/1644 1922/15/1643
f 1923/15/1646 1922/15/1643 1921/16/1644
f 1922/15/1641 1925/10/1648 1924/10/1647
f 1925/10/1648 1922/15/1641 1926/15/1649
f 1924/10/1651 1925/10/1650 1922/15/1643
f 1926/15/1652 1922/15/1643 1925/10/1650
f 1929/6/1655 1928/17/1654 1927/6/1653
f 1928/17/1654 1929/6/1655 1930/17/1656
f 1927/6/1659 1928/17/1658 1929/6/1657
f 1930/17/1660 1929/6/1657 1928/17/1658
f 1927/6/1653 1932/17/1662 1931/6/1661
f 1932/17/1662 1927/6/1653 1928/17/1654
f 1931/6/1664 1932/17/1663 1927/6/1659
f 1928/17/1658 1927/6/1659 1932/17/1663
f 1924/10/1 1934/10/1 1933/10/1
f 1934/10/1 1924/10/1 1925/10/1
f 1933/10/2 1934/10/2 1924/10/2
f 1925/10/2 1924/10/2 1934/10/2
f 1935/6/1339 1930/17/1339 1929/6/1339
f 1930/17/1339 1935/6/1339 1934/10/1339
f 1930/17/1339 1934/10/1339 1936/16/1339
f 1936/16/1339 1934/10/1339 1926/15/1339
f 1926/15/1339 1934/10/1339 1925/10/1339
f 1929/6/1340 1930/17/1340 1935/6/1340
f 1934/10/1340 1935/6/1340 1930/17/1340
f 1936/16/1340 1934/10/1340 1930/17/1340
f 1926/15/1340 1934/10/1340 1936/16/1340
f 1925/10/1340 1934/10/1340 1926/15/1340
f 1928/17/1654 1936/16/1665 1920/16/1639
f 1936/16/1665 1928/17/1654 1930/17/1656
f 1920/16/1645 1936/16/1666 1928/17/1658
f 1930/17/1660 1928/17/1658 1936/16/1666
f 1924/10/1647 1923/15/1642 1922/15/1641
f 1923/15/1642 1924/10/1647 1933/10/1667
f 1922/15/1643 1923/15/1646 1924/10/1651
f 1933/10/1668 1924/10/1651 1923/15/1646
f 1920/16/1639 1932/17/1662 1928/17/1654
f 1932/17/1662 1920/16/1639 1921/16/1640
f 1928/17/1658 1932/17/1663 1920/16/1645
f 1921/16/1644 1920/16/1645 1932/17/1663
f 1929/6/2 1931/6/2 1935/6/2
f 1931/6/2 1929/6/2 1927/6/2
f 1935/6/1 1931/6/1 1929/6/1
f 1927/6/1 1929/6/1 1931/6/1
f 1934/10/1383 1923/15/1383 1933/10/1383
f 1923/15/1383 1934/10/1383 1932/17/1383
f 1932/17/1383 1921/16/1383 1923/15/1383
f 1935/6/1383 1932/17/1383 1934/10/1383
f 1932/17/1383 1935/6/1383 1931/6/1383
f 1933/10/1384 1923/15/1384 1934/10/1384
f 1932/17/1384 1934/10/1384 1923/15/1384
f 1923/15/1384 1921/16/1384 1932/17/1384
f 1934/10/1384 1932/17/1384 1935/6/1384
f 1931/6/1384 1935/6/1384 1932/17/1384
f 1936/16/1665 1922/15/1641 1920/16/1639
f 1922/15/1641 1936/16/1665 1926/15/1649
f 1920/16/1645 1922/15/1643 1936/16/1666
f 1926/15/1652 1936/16/1666 1922/15/1643
f 1939/15/1670 1938/16/1669 1937/16/409
f 1938/16/1669 1939/15/1670 1940/15/1671
f 1937/16/410 1938/16/1673 1939/15/1672
f 1940/15/1674 1939/15/1672 1938/16/1673
f 1939/15/1670 1942/10/1676 1941/10/1675
f 1942/10/1676 1939/15/1670 1943/15/1677
f 1941/10/1679 1942/10/1678 1939/15/1672
f 1943/15/1680 1939/15/1672 1942/10/1678
f 1946/6/1683 1945/17/1682 1944/6/1681
f 1945/17/1682 1946/6/1683 1947/17/1684
f 1944/6/1687 1945/17/1686 1946/6/1685
f 1947/17/1688 1946/6/1685 1945/17/1686
f 1944/6/1681 1949/17/1690 1948/6/1689
f 1949/17/1690 1944/6/1681 1945/17/1682
f 1948/6/1692 1949/17/1691 1944/6/1687
f 1945/17/1686 1944/6/1687 1949/17/1691
f 1941/10/1 1951/10/1 1950/10/1
f 1951/10/1 1941/10/1 1942/10/1
f 1950/10/2 1951/10/2 1941/10/2
f 1942/10/2 1941/10/2 1951/10/2
f 1952/6/1693 1947/17/1693 1946/6/1693
f 1947/17/1693 1952/6/1693 1951/10/1693
f 1947/17/1693 1951/10/1693 1953/16/1693
f 1953/16/1693 1951/10/1693 1943/15/1693
f 1943/15/1693 1951/10/1693 1942/10/1693
f 1946/6/1694 1947/17/1694 1952/6/1694
f 1951/10/1694 1952/6/1694 1947/17/1694
f 1953/16/1694 1951/10/1694 1947/17/1694
f 1943/15/1694 1951/10/1694 1953/16/1694
f 1942/10/1694 1951/10/1694 1943/15/1694
f 1945/17/1682 1953/16/1695 1937/16/409
f 1953/16/1695 1945/17/1682 1947/17/1684
f 1937/16/410 1953/16/1696 1945/17/1686
f 1947/17/1688 1945/17/1686 1953/16/1696
f 1941/10/1675 1940/15/1671 1939/15/1670
f 1940/15/1671 1941/10/1675 1950/10/1697
f 1939/15/1672 1940/15/1674 1941/10/1679
f 1950/10/1698 1941/10/1679 1940/15/1674
f 1937/16/409 1949/17/1690 1945/17/1682
f 1949/17/1690 1937/16/409 1938/16/1669
f 1945/17/1686 1949/17/1691 1937/16/410
f 1938/16/1673 1937/16/410 1949/17/1691
f 1946/6/2 1948/6/2 1952/6/2
f 1948/6/2 1946/6/2 1944/6/2
f 1952/6/1 1948/6/1 1946/6/1
f 1944/6/1 1946/6/1 1948/6/1
f 1951/10/1699 1940/15/1699 1950/10/1699
f 1940/15/1699 1951/10/1699 1949/17/1699
f 1949/17/1699 1938/16/1699 1940/15/1699
f 1952/6/1699 1949/17/1699 1951/10/1699
f 1949/17/1699 1952/6/1699 1948/6/1699
f 1950/10/1700 1940/15/1700 1951/10/1700
f 1949/17/1700 1951/10/1700 1940/15/1700
f 1940/15/1700 1938/16/1700 1949/17/1700
f 1951/10/1700 1949/17/1700 1952/6/1700
f 1948/6/1700 1952/6/1700 1949/17/1700
f 1953/16/1695 1939/15/1670 1937/16/409
f 1939/15/1670 1953/16/1695 1943/15/1677
f 1937/16/410 1939/15/1672 1953/16/1696
f 1943/15/1680 1953/16/1696 1939/15/1672
f 1955/15/1670 1554/16/1669 1954/16/409
f 1554/16/1669 1955/15/1670 1555/15/1671
f 1954/16/410 1554/16/1673 1955/15/1672
f 1555/15/1674 1955/15/1672 1554/16/1673
f 1955/15/1670 1957/10/1676 1956/10/1675
f 1957/10/1676 1955/15/1670 1958/15/1677
f 1956/10/1679 1957/10/1678 1955/15/1672
f 1958/15/1680 1955/15/1672 1957/10/1678
f 1961/6/1683 1960/17/1682 1959/6/1681
f 1960/17/1682 1961/6/1683 1962/17/1684
f 1959/6/1687 1960/17/1686 1961/6/1685
f 1962/17/1688 1961/6/1685 1960/17/1686
f 1959/6/1681 1552/17/1690 1963/6/1689
f 1552/17/1690 1959/6/1681 1960/17/1682
f 1963/6/1692 1552/17/1691 1959/6/1687
f 1960/17/1686 1959/6/1687 1552/17/1691
f 1956/10/1 1530/10/1 1535/10/1
f 1530/10/1 1956/10/1 1957/10/1
f 1535/10/2 1530/10/2 1956/10/2
f 1957/10/2 1956/10/2 1530/10/2
f 1964/6/1701 1962/17/1701 1961/6/1701
f 1962/17/1701 1964/6/1701 1530/10/1701
f 1962/17/1701 1530/10/1701 1965/16/1701
f 1965/16/1701 1530/10/1701 1958/15/1701
f 1958/15/1701 1530/10/1701 1957/10/1701
f 1961/6/1702 1962/17/1702 1964/6/1702
f 1530/10/1702 1964/6/1702 1962/17/1702
f 1965/16/1702 1530/10/1702 1962/17/1702
f 1958/15/1702 1530/10/1702 1965/16/1702
f 1957/10/1702 1530/10/1702 1958/15/1702
f 1960/17/1682 1965/16/1695 1954/16/409
f 1965/16/1695 1960/17/1682 1962/17/1684
f 1954/16/410 1965/16/1696 1960/17/1686
f 1962/17/1688 1960/17/1686 1965/16/1696
f 1956/10/1675 1555/15/1671 1955/15/1670
f 1555/15/1671 1956/10/1675 1535/10/1697
f 1955/15/1672 1555/15/1674 1956/10/1679
f 1535/10/1698 1956/10/1679 1555/15/1674
f 1954/16/409 1552/17/1690 1960/17/1682
f 1552/17/1690 1954/16/409 1554/16/1669
f 1960/17/1686 1552/17/1691 1954/16/410
f 1554/16/1673 1954/16/410 1552/17/1691
f 1961/6/2 1963/6/2 1964/6/2
f 1963/6/2 1961/6/2 1959/6/2
f 1964/6/1 1963/6/1 1961/6/1
f 1959/6/1 1961/6/1 1963/6/1
f 1530/10/1703 1555/15/1703 1535/10/1703
f 1555/15/1703 1530/10/1703 1552/17/1703
f 1552/17/1703 1554/16/1703 1555/15/1703
f 1964/6/1703 1552/17/1703 1530/10/1703
f 1552/17/1703 1964/6/1703 1963/6/1703
f 1535/10/1704 1555/15/1704 1530/10/1704
f 1552/17/1704 1530/10/1704 1555/15/1704
f 1555/15/1704 1554/16/1704 1552/17/1704
f 1530/10/1704 1552/17/1704 1964/6/1704
f 1963/6/1704 1964/6/1704 1552/17/1704
f 1965/16/1695 1955/15/1670 1954/16/409
f 1955/15/1670 1965/16/1695 1958/15/1677
f 1954/16/410 1955/15/1672 1965/16/1696
f 1958/15/1680 1965/16/1696 1955/15/1672
f 1968/15/1705 1967/16/1673 1966/16/410
f 1967/16/1673 1968/15/1705 1969/15/1706
f 1966/16/409 1967/16/1669 1968/15/1707
f 1969/15/1708 1968/15/1707 1967/16/1669
f 1968/15/1705 1971/10/1710 1970/10/1709
f 1971/10/1710 1968/15/1705 1972/15/1711
f 1970/10/1713 1971/10/1712 1968/15/1707
f 1972/15/1714 1968/15/1707 1971/10/1712
f 1975/6/1717 1974/17/1716 1973/6/1715
f 1974/17/1716 1975/6/1717 1976/17/1718
f 1973/6/1721 1974/17/1720 1975/6/1719
f 1976/17/1722 1975/6/1719 1974/17/1720
f 1973/6/1715 1978/17/1724 1977/6/1723
f 1978/17/1724 1973/6/1715 1974/17/1716
f 1977/6/1726 1978/17/1725 1973/6/1721
f 1974/17/1720 1973/6/1721 1978/17/1725
f 1970/10/1 1980/10/1 1979/10/1
f 1980/10/1 1970/10/1 1971/10/1
f 1979/10/2 1980/10/2 1970/10/2
f 1971/10/2 1970/10/2 1980/10/2
f 1981/6/418 1976/17/418 1975/6/418
f 1976/17/418 1981/6/418 1980/10/418
f 1976/17/418 1980/10/418 1982/16/418
f 1982/16/418 1980/10/418 1972/15/418
f 1972/15/418 1980/10/418 1971/10/418
f 1975/6/417 1976/17/417 1981/6/417
f 1980/10/417 1981/6/417 1976/17/417
f 1982/16/417 1980/10/417 1976/17/417
f 1972/15/417 1980/10/417 1982/16/417
f 1971/10/417 1980/10/417 1972/15/417
f 1974/17/1716 1982/16/1696 1966/16/410
f 1982/16/1696 1974/17/1716 1976/17/1718
f 1966/16/409 1982/16/1695 1974/17/1720
f 1976/17/1722 1974/17/1720 1982/16/1695
f 1970/10/1709 1969/15/1706 1968/15/1705
f 1969/15/1706 1970/10/1709 1979/10/1727
f 1968/15/1707 1969/15/1708 1970/10/1713
f 1979/10/1728 1970/10/1713 1969/15/1708
f 1966/16/410 1978/17/1724 1974/17/1716
f 1978/17/1724 1966/16/410 1967/16/1673
f 1974/17/1720 1978/17/1725 1966/16/409
f 1967/16/1669 1966/16/409 1978/17/1725
f 1975/6/2 1977/6/2 1981/6/2
f 1977/6/2 1975/6/2 1973/6/2
f 1981/6/1 1977/6/1 1975/6/1
f 1973/6/1 1975/6/1 1977/6/1
f 1980/10/420 1969/15/420 1979/10/420
f 1969/15/420 1980/10/420 1978/17/420
f 1978/17/420 1967/16/420 1969/15/420
f 1981/6/420 1978/17/420 1980/10/420
f 1978/17/420 1981/6/420 1977/6/420
f 1979/10/419 1969/15/419 1980/10/419
f 1978/17/419 1980/10/419 1969/15/419
f 1969/15/419 1967/16/419 1978/17/419
f 1980/10/419 1978/17/419 1981/6/419
f 1977/6/419 1981/6/419 1978/17/419
f 1982/16/1696 1968/15/1705 1966/16/410
f 1968/15/1705 1982/16/1696 1972/15/1711
f 1966/16/409 1968/15/1707 1982/16/1695
f 1972/15/1714 1982/16/1695 1968/15/1707
f 1985/15/1641 1984/16/1640 1983/16/1639
f 1984/16/1640 1985/15/1641 1986/15/1642
f 1983/16/1645 1984/16/1644 1985/15/1643
f 1986/15/1646 1985/15/1643 1984/16/1644
f 1985/15/1641 1634/10/1648 1987/10/1647
f 1634/10/1648 1985/15/1641 1670/15/1649
f 1987/10/1651 1634/10/1650 1985/15/1643
f 1670/15/1652 1985/15/1643 1634/10/1650
f 1990/6/1655 1989/17/1654 1988/6/1653
f 1989/17/1654 1990/6/1655 1672/17/1656
f 1988/6/1659 1989/17/1658 1990/6/1657
f 1672/17/1660 1990/6/1657 1989/17/1658
f 1988/6/1653 1992/17/1662 1991/6/1661
f 1992/17/1662 1988/6/1653 1989/17/1654
f 1991/6/1664 1992/17/1663 1988/6/1659
f 1989/17/1658 1988/6/1659 1992/17/1663
f 1987/10/1 1635/10/1 1993/10/1
f 1635/10/1 1987/10/1 1634/10/1
f 1993/10/2 1635/10/2 1987/10/2
f 1634/10/2 1987/10/2 1635/10/2
f 1994/6/1339 1672/17/1339 1990/6/1339
f 1672/17/1339 1994/6/1339 1635/10/1339
f 1672/17/1339 1635/10/1339 1668/16/1339
f 1668/16/1339 1635/10/1339 1670/15/1339
f 1670/15/1339 1635/10/1339 1634/10/1339
f 1990/6/1340 1672/17/1340 1994/6/1340
f 1635/10/1340 1994/6/1340 1672/17/1340
f 1668/16/1340 1635/10/1340 1672/17/1340
f 1670/15/1340 1635/10/1340 1668/16/1340
f 1634/10/1340 1635/10/1340 1670/15/1340
f 1989/17/1654 1668/16/1665 1983/16/1639
f 1668/16/1665 1989/17/1654 1672/17/1656
f 1983/16/1645 1668/16/1666 1989/17/1658
f 1672/17/1660 1989/17/1658 1668/16/1666
f 1987/10/1647 1986/15/1642 1985/15/1641
f 1986/15/1642 1987/10/1647 1993/10/1667
f 1985/15/1643 1986/15/1646 1987/10/1651
f 1993/10/1668 1987/10/1651 1986/15/1646
f 1983/16/1639 1992/17/1662 1989/17/1654
f 1992/17/1662 1983/16/1639 1984/16/1640
f 1989/17/1658 1992/17/1663 1983/16/1645
f 1984/16/1644 1983/16/1645 1992/17/1663
f 1990/6/2 1991/6/2 1994/6/2
f 1991/6/2 1990/6/2 1988/6/2
f 1994/6/1 1991/6/1 1990/6/1
f 1988/6/1 1990/6/1 1991/6/1
f 1635/10/1383 1986/15/1383 1993/10/1383
f 1986/15/1383 1635/10/1383 1992/17/1383
f 1992/17/1383 1984/16/1383 1986/15/1383
f 1994/6/1383 1992/17/1383 1635/10/1383
f 1992/17/1383 1994/6/1383 1991/6/1383
f 1993/10/1384 1986/15/1384 1635/10/1384
f 1992/17/1384 1635/10/1384 1986/15/1384
f 1986/15/1384 1984/16/1384 1992/17/1384
f 1635/10/1384 1992/17/1384 1994/6/1384
f 1991/6/1384 1994/6/1384 1992/17/1384
f 1668/16/1665 1985/15/1641 1983/16/1639
f 1985/15/1641 1668/16/1665 1670/15/1649
f 1983/16/1645 1985/15/1643 1668/16/1666
f 1670/15/1652 1668/16/1666 1985/15/1643
f 1996/15/1705 1766/16/1673 1995/16/410
f 1766/16/1673 1996/15/1705 1767/15/1706
f 1995/16/409 1766/16/1669 1996/15/1707
f 1767/15/1708 1996/15/1707 1766/16/1669
f 1996/15/1705 1998/10/1710 1997/10/1709
f 1998/10/1710 1996/15/1705 1999/15/1711
f 1997/10/1713 1998/10/1712 1996/15/1707
f 1999/15/1714 1996/15/1707 1998/10/1712
f 2002/6/1717 2001/17/1716 2000/6/1715
f 2001/17/1716 2002/6/1717 2003/17/1718
f 2000/6/1721 2001/17/1720 2002/6/1719
f 2003/17/1722 2002/6/1719 2001/17/1720
f 2000/6/1715 1764/17/1724 2004/6/1723
f 1764/17/1724 2000/6/1715 2001/17/1716
f 2004/6/1726 1764/17/1725 2000/6/1721
f 2001/17/1720 2000/6/1721 1764/17/1725
f 1997/10/1 1742/10/1 1747/10/1
f 1742/10/1 1997/10/1 1998/10/1
f 1747/10/2 1742/10/2 1997/10/2
f 1998/10/2 1997/10/2 1742/10/2
f 2005/6/418 2003/17/418 2002/6/418
f 2003/17/418 2005/6/418 1742/10/418
f 2003/17/418 1742/10/418 2006/16/418
f 2006/16/418 1742/10/418 1999/15/418
f 1999/15/418 1742/10/418 1998/10/418
f 2002/6/417 2003/17/417 2005/6/417
f 1742/10/417 2005/6/417 2003/17/417
f 2006/16/417 1742/10/417 2003/17/417
f 1999/15/417 1742/10/417 2006/16/417
f 1998/10/417 1742/10/417 1999/15/417
f 2001/17/1716 2006/16/1696 1995/16/410
f 2006/16/1696 2001/17/1716 2003/17/1718
f 1995/16/409 2006/16/1695 2001/17/1720
f 2003/17/1722 2001/17/1720 2006/16/1695
f 1997/10/1709 1767/15/1706 1996/15/1705
f 1767/15/1706 1997/10/1709 1747/10/1727
f 1996/15/1707 1767/15/1708 1997/10/1713
f 1747/10/1728 1997/10/1713 1767/15/1708
f 1995/16/410 1764/17/1724 2001/17/1716
f 1764/17/1724 1995/16/410 1766/16/1673
f 2001/17/1720 1764/17/1725 1995/16/409
f 1766/16/1669 1995/16/409 1764/17/1725
f 2002/6/2 2004/6/2 2005/6/2
f 2004/6/2 2002/6/2 2000/6/2
f 2005/6/1 2004/6/1 2002/6/1
f 2000/6/1 2002/6/1 2004/6/1
f 1742/10/420 1767/15/420 1747/10/420
f 1767/15/420 1742/10/420 1764/17/420
f 1764/17/420 1766/16/420 1767/15/420
f 2005/6/420 1764/17/420 1742/10/420
f 1764/17/420 2005/6/420 2004/6/420
f 1747/10/419 1767/15/419 1742/10/419
f 1764/17/419 1742/10/419 1767/15/419
f 1767/15/419 1766/16/419 1764/17/419
f 1742/10/419 1764/17/419 2005/6/419
f 2004/6/419 2005/6/419 1764/17/419
f 2006/16/1696 1996/15/1705 1995/16/410
f 1996/15/1705 2006/16/1696 1999/15/1711
f 1995/16/409 1996/15/1707 2006/16/1695
f 1999/15/1714 2006/16/1695 1996/15/1707
f 2009/15/1731 2008/16/1730 2007/16/1729
f 2008/16/1730 2009/15/1731 2010/15/1732
f 2007/16/1735 2008/16/1734 2009/15/1733
f 2010/15/1736 2009/15/1733 2008/16/1734
f 2009/15/1731 1846/10/1738 2011/10/1737
f 1846/10/1738 2009/15/1731 1881/15/1739
f 2011/10/1741 1846/10/1740 2009/15/1733
f 1881/15/1742 2009/15/1733 1846/10/1740
f 2014/6/1745 2013/17/1744 2012/6/1743
f 2013/17/1744 2014/6/1745 1883/17/1746
f 2012/6/1749 2013/17/1748 2014/6/1747
f 1883/17/1750 2014/6/1747 2013/17/1748
f 2012/6/1743 2016/17/1752 2015/6/1751
f 2016/17/1752 2012/6/1743 2013/17/1744
f 2015/6/1754 2016/17/1753 2012/6/1749
f 2013/17/1748 2012/6/1749 2016/17/1753
f 2011/10/1 1847/10/1 2017/10/1
f 1847/10/1 2011/10/1 1846/10/1
f 2017/10/2 1847/10/2 2011/10/2
f 1846/10/2 2011/10/2 1847/10/2
f 2018/6/1213 1883/17/1213 2014/6/1213
f 1883/17/1213 2018/6/1213 1847/10/1213
f 1883/17/1213 1847/10/1213 1879/16/1213
f 1879/16/1213 1847/10/1213 1881/15/1213
f 1881/15/1213 1847/10/1213 1846/10/1213
f 2014/6/1214 1883/17/1214 2018/6/1214
f 1847/10/1214 2018/6/1214 1883/17/1214
f 1879/16/1214 1847/10/1214 1883/17/1214
f 1881/15/1214 1847/10/1214 1879/16/1214
f 1846/10/1214 1847/10/1214 1881/15/1214
f 2013/17/1744 1879/16/1755 2007/16/1729
f 1879/16/1755 2013/17/1744 1883/17/1746
f 2007/16/1735 1879/16/1756 2013/17/1748
f 1883/17/1750 2013/17/1748 1879/16/1756
f 2011/10/1737 2010/15/1732 2009/15/1731
f 2010/15/1732 2011/10/1737 2017/10/1757
f 2009/15/1733 2010/15/1736 2011/10/1741
f 2017/10/1758 2011/10/1741 2010/15/1736
f 2007/16/1729 2016/17/1752 2013/17/1744
f 2016/17/1752 2007/16/1729 2008/16/1730
f 2013/17/1748 2016/17/1753 2007/16/1735
f 2008/16/1734 2007/16/1735 2016/17/1753
f 2014/6/2 2015/6/2 2018/6/2
f 2015/6/2 2014/6/2 2012/6/2
f 2018/6/1 2015/6/1 2014/6/1
f 2012/6/1 2014/6/1 2015/6/1
f 1847/10/1257 2010/15/1257 2017/10/1257
f 2010/15/1257 1847/10/1257 2016/17/1257
f 2016/17/1257 2008/16/1257 2010/15/1257
f 2018/6/1257 2016/17/1257 1847/10/1257
f 2016/17/1257 2018/6/1257 2015/6/1257
f 2017/10/1258 2010/15/1258 1847/10/1258
f 2016/17/1258 1847/10/1258 2010/15/1258
f 2010/15/1258 2008/16/1258 2016/17/1258
f 1847/10/1258 2016/17/1258 2018/6/1258
f 2015/6/1258 2018/6/1258 2016/17/1258
f 1879/16/1755 2009/15/1731 2007/16/1729
f 2009/15/1731 1879/16/1755 1881/15/1739
f 2007/16/1735 2009/15/1733 1879/16/1756
f 1881/15/1742 1879/16/1756 2009/15/1733
f 2021/15/1731 2020/16/1730 2019/16/1729
f 2020/16/1730 2021/15/1731 2022/15/1732
f 2019/16/1735 2020/16/1734 2021/15/1733
f 2022/15/1736 2021/15/1733 2020/16/1734
f 2021/15/1731 2024/10/1738 2023/10/1737
f 2024/10/1738 2021/15/1731 2025/15/1739
f 2023/10/1741 2024/10/1740 2021/15/1733
f 2025/15/1742 2021/15/1733 2024/10/1740
f 2028/6/1745 2027/17/1744 2026/6/1743
f 2027/17/1744 2028/6/1745 2029/17/1746
f 2026/6/1749 2027/17/1748 2028/6/1747
f 2029/17/1750 2028/6/1747 2027/17/1748
f 2026/6/1743 2031/17/1752 2030/6/1751
f 2031/17/1752 2026/6/1743 2027/17/1744
f 2030/6/1754 2031/17/1753 2026/6/1749
f 2027/17/1748 2026/6/1749 2031/17/1753
f 2023/10/1 2033/10/1 2032/10/1
f 2033/10/1 2023/10/1 2024/10/1
f 2032/10/2 2033/10/2 2023/10/2
f 2024/10/2 2023/10/2 2033/10/2
f 2034/6/1213 2029/17/1213 2028/6/1213
f 2029/17/1213 2034/6/1213 2033/10/1213
f 2029/17/1213 2033/10/1213 2035/16/1213
f 2035/16/1213 2033/10/1213 2025/15/1213
f 2025/15/1213 2033/10/1213 2024/10/1213
f 2028/6/1214 2029/17/1214 2034/6/1214
f 2033/10/1214 2034/6/1214 2029/17/1214
f 2035/16/1214 2033/10/1214 2029/17/1214
f 2025/15/1214 2033/10/1214 2035/16/1214
f 2024/10/1214 2033/10/1214 2025/15/1214
f 2027/17/1744 2035/16/1755 2019/16/1729
f 2035/16/1755 2027/17/1744 2029/17/1746
f 2019/16/1735 2035/16/1756 2027/17/1748
f 2029/17/1750 2027/17/1748 2035/16/1756
f 2023/10/1737 2022/15/1732 2021/15/1731
f 2022/15/1732 2023/10/1737 2032/10/1757
f 2021/15/1733 2022/15/1736 2023/10/1741
f 2032/10/1758 2023/10/1741 2022/15/1736
f 2019/16/1729 2031/17/1752 2027/17/1744
f 2031/17/1752 2019/16/1729 2020/16/1730
f 2027/17/1748 2031/17/1753 2019/16/1735
f 2020/16/1734 2019/16/1735 2031/17/1753
f 2028/6/2 2030/6/2 2034/6/2
f 2030/6/2 2028/6/2 2026/6/2
f 2034/6/1 2030/6/1 2028/6/1
f 2026/6/1 2028/6/1 2030/6/1
f 2033/10/1257 2022/15/1257 2032/10/1257
f 2022/15/1257 2033/10/1257 2031/17/1257
f 2031/17/1257 2020/16/1257 2022/15/1257
f 2034/6/1257 2031/17/1257 2033/10/1257
f 2031/17/1257 2034/6/1257 2030/6/1257
f 2032/10/1258 2022/15/1258 2033/10/1258
f 2031/17/1258 2033/10/1258 2022/15/1258
f 2022/15/1258 2020/16/1258 2031/17/1258
f 2033/10/1258 2031/17/1258 2034/6/1258
f 2030/6/1258 2034/6/1258 2031/17/1258
f 2035/16/1755 2021/15/1731 2019/16/1729
f 2021/15/1731 2035/16/1755 2025/15/1739
f 2019/16/1735 2021/15/1733 2035/16/1756
f 2025/15/1742 2035/16/1756 2021/15/1733
f 2038/6/487 2037/7/484 2036/6/489
f 2037/7/484 2038/6/487 2039/7/483
f 2036/6/490 2037/7/486 2038/6/488
f 2039/7/485 2038/6/488 2037/7/486
f 2041/7/470 2038/6/487 2040/6/468
f 2038/6/487 2041/7/470 2039/7/483
f 2040/6/472 2038/6/488 2041/7/474
f 2039/7/485 2041/7/474 2038/6/488
f 2044/8/461 2043/6/460 2042/6/459
f 2043/6/460 2044/8/461 2045/8/462
f 2042/6/465 2043/6/464 2044/8/463
f 2045/8/466 2044/8/463 2043/6/464
f 2043/6/460 2047/8/477 2046/6/475
f 2047/8/477 2043/6/460 2045/8/462
f 2046/6/481 2047/8/479 2043/6/464
f 2045/8/466 2043/6/464 2047/8/479
f 2049/8/478 2042/6/459 2048/6/476
f 2042/6/459 2049/8/478 2044/8/461
f 2048/6/480 2042/6/465 2049/8/482
f 2044/8/463 2049/8/482 2042/6/465
f 2037/7/484 2050/6/467 2036/6/489
f 2050/6/467 2037/7/484 2051/7/469
f 2036/6/490 2050/6/473 2037/7/486
f 2051/7/471 2037/7/486 2050/6/473
f 2047/8/477 2048/6/476 2046/6/475
f 2048/6/476 2047/8/477 2049/8/478
f 2046/6/481 2048/6/480 2047/8/479
f 2049/8/482 2047/8/479 2048/6/480
f 2047/8/477 2044/8/461 2049/8/478
f 2044/8/461 2047/8/477 2045/8/462
f 2049/8/482 2044/8/463 2047/8/479
f 2045/8/466 2047/8/479 2044/8/463
f 2051/7/469 2039/7/483 2041/7/470
f 2039/7/483 2051/7/469 2037/7/484
f 2041/7/474 2039/7/485 2051/7/471
f 2037/7/486 2051/7/471 2039/7/485
f 2051/7/469 2040/6/468 2050/6/467
f 2040/6/468 2051/7/469 2041/7/470
f 2050/6/473 2040/6/472 2051/7/471
f 2041/7/474 2051/7/471 2040/6/472
f 2054/6/521 2053/8/505 2052/6/503
f 2053/8/505 2054/6/521 2055/8/512
f 2052/6/509 2053/8/507 2054/6/522
f 2055/8/514 2054/6/522 2053/8/507
f 2053/8/505 2057/8/511 2056/8/506
f 2057/8/511 2053/8/505 2055/8/512
f 2056/8/510 2057/8/513 2053/8/507
f 2055/8/514 2053/8/507 2057/8/513
f 2053/8/505 2058/6/504 2052/6/503
f 2058/6/504 2053/8/505 2056/8/506
f 2052/6/509 2058/6/508 2053/8/507
f 2056/8/510 2053/8/507 2058/6/508
f 2057/8/511 2054/6/521 2059/6/519
f 2054/6/521 2057/8/511 2055/8/512
f 2059/6/520 2054/6/522 2057/8/513
f 2055/8/514 2057/8/513 2054/6/522
f 2062/8/1301 2061/6/1300 2060/6/1299
f 2061/6/1300 2062/8/1301 2063/8/1302
f 2060/6/1305 2061/6/1304 2062/8/1303
f 2063/8/1306 2062/8/1303 2061/6/1304
f 2066/8/1309 2065/6/1308 2064/6/1307
f 2065/6/1308 2066/8/1309 2067/8/1310
f 2064/6/1313 2065/6/1312 2066/8/1311
f 2067/8/1314 2066/8/1311 2065/6/1312
f 2061/6/1300 2066/8/1309 2064/6/1307
f 2066/8/1309 2061/6/1300 2063/8/1302
f 2064/6/1313 2066/8/1311 2061/6/1304
f 2063/8/1306 2061/6/1304 2066/8/1311
f 2056/8/506 2059/6/519 2058/6/504
f 2059/6/519 2056/8/506 2057/8/511
f 2058/6/508 2059/6/520 2056/8/510
f 2057/8/513 2056/8/510 2059/6/520
f 2070/7/494 2069/7/515 2068/7/492
f 2069/7/515 2070/7/494 2071/7/500
f 2068/7/496 2069/7/518 2070/7/498
f 2071/7/502 2070/7/498 2069/7/518
f 2073/6/499 2070/7/494 2072/6/493
f 2070/7/494 2073/6/499 2071/7/500
f 2072/6/495 2070/7/498 2073/6/501
f 2071/7/502 2073/6/501 2070/7/498
f 2066/8/1309 2062/8/1301 2067/8/1310
f 2062/8/1301 2066/8/1309 2063/8/1302
f 2067/8/1314 2062/8/1303 2066/8/1311
f 2063/8/1306 2066/8/1311 2062/8/1303
f 2072/6/493 2068/7/492 2074/6/491
f 2068/7/492 2072/6/493 2070/7/494
f 2074/6/497 2068/7/496 2072/6/495
f 2070/7/498 2072/6/495 2068/7/496
f 2067/8/1310 2060/6/1299 2065/6/1308
f 2060/6/1299 2067/8/1310 2062/8/1301
f 2065/6/1312 2060/6/1305 2067/8/1314
f 2062/8/1303 2067/8/1314 2060/6/1305
f 2071/7/500 2075/6/516 2069/7/515
f 2075/6/516 2071/7/500 2073/6/499
f 2069/7/518 2075/6/517 2071/7/502
f 2073/6/501 2071/7/502 2075/6/517
f 2068/7/492 2075/6/516 2074/6/491
f 2075/6/516 2068/7/492 2069/7/515
f 2074/6/497 2075/6/517 2068/7/496
f 2069/7/518 2068/7/496 2075/6/517
f 2077/10/1 852/10/1 2076/10/1
f 852/10/1 2077/10/1 2078/10/1
f 2078/10/1 2077/10/1 2079/10/1
f 2078/10/1 2079/10/1 2080/10/1
f 2078/10/1 2080/10/1 2081/10/1
f 2078/10/1 2081/10/1 2082/10/1
f 2078/10/1 2082/10/1 2083/10/1
f 2076/10/2 852/10/2 2077/10/2
f 2078/10/2 2077/10/2 852/10/2
f 2079/10/2 2077/10/2 2078/10/2
f 2080/10/2 2079/10/2 2078/10/2
f 2081/10/2 2080/10/2 2078/10/2
f 2082/10/2 2081/10/2 2078/10/2
f 2083/10/2 2082/10/2 2078/10/2
f 2086/15/1317 2085/16/1316 2084/16/1315
f 2085/16/1316 2086/15/1317 2087/15/1318
f 2084/16/1321 2085/16/1320 2086/15/1319
f 2087/15/1322 2086/15/1319 2085/16/1320
f 2082/10/1323 2087/15/1318 2086/15/1317
f 2087/15/1318 2082/10/1323 2081/10/1324
f 2086/15/1319 2087/15/1322 2082/10/1325
f 2081/10/1326 2082/10/1325 2087/15/1322
f 2087/15/1318 2088/16/1327 2085/16/1316
f 2088/16/1327 2087/15/1318 2089/15/1328
f 2085/16/1320 2088/16/1329 2087/15/1322
f 2089/15/1330 2087/15/1322 2088/16/1329
f 2092/17/1333 2091/6/1332 2090/6/1331
f 2091/6/1332 2092/17/1333 2093/17/1334
f 2090/6/1337 2091/6/1336 2092/17/1335
f 2093/17/1338 2092/17/1335 2091/6/1336
f 852/10/1339 2095/6/1339 2094/6/1339
f 2095/6/1339 852/10/1339 2078/10/1339
f 2094/6/1340 2095/6/1340 852/10/1340
f 2078/10/1340 852/10/1340 2095/6/1340
f 2089/15/1328 2096/16/1341 2088/16/1327
f 2096/16/1341 2089/15/1328 2097/15/1342
f 2088/16/1329 2096/16/1343 2089/15/1330
f 2097/15/1344 2089/15/1330 2096/16/1343
f 2100/17/1347 2099/6/1346 2098/6/1345
f 2099/6/1346 2100/17/1347 2101/17/1348
f 2098/6/1351 2099/6/1350 2100/17/1349
f 2101/17/1352 2100/17/1349 2099/6/1350
f 2103/15/1354 2084/16/1315 2102/16/1353
f 2084/16/1315 2103/15/1354 2086/15/1317
f 2102/16/1356 2084/16/1321 2103/15/1355
f 2086/15/1319 2103/15/1355 2084/16/1321
f 2106/17/1359 2105/6/1358 2104/6/1357
f 2105/6/1358 2106/17/1359 2107/17/1360
f 2104/6/1363 2105/6/1362 2106/17/1361
f 2107/17/1364 2106/17/1361 2105/6/1362
f 2110/15/1367 2109/16/1366 2108/16/1365
f 2109/16/1366 2110/15/1367 2111/15/1368
f 2108/16/1371 2109/16/1370 2110/15/1369
f 2111/15/1372 2110/15/1369 2109/16/1370
f 2107/17/1360 2090/6/1331 2105/6/1358
f 2090/6/1331 2107/17/1360 2092/17/1333
f 2105/6/1362 2090/6/1337 2107/17/1364
f 2092/17/1335 2107/17/1364 2090/6/1337
f 2097/15/1342 2108/16/1365 2096/16/1341
f 2108/16/1365 2097/15/1342 2110/15/1367
f 2096/16/1343 2108/16/1371 2097/15/1344
f 2110/15/1369 2097/15/1344 2108/16/1371
f 2093/17/1334 2112/6/1373 2091/6/1332
f 2112/6/1373 2093/17/1334 2113/17/1374
f 2091/6/1336 2112/6/1375 2093/17/1338
f 2113/17/1376 2093/17/1338 2112/6/1375
f 2101/17/1348 2104/6/1357 2099/6/1346
f 2104/6/1357 2101/17/1348 2106/17/1359
f 2099/6/1350 2104/6/1363 2101/17/1352
f 2106/17/1361 2101/17/1352 2104/6/1363
f 2108/16/1365 2113/17/1374 2093/17/1334
f 2113/17/1374 2108/16/1365 2109/16/1366
f 2093/17/1338 2113/17/1376 2108/16/1371
f 2109/16/1370 2108/16/1371 2113/17/1376
f 2077/10/1377 2111/15/1368 2110/15/1367
f 2111/15/1368 2077/10/1377 2076/10/1378
f 2110/15/1369 2111/15/1372 2077/10/1379
f 2076/10/1380 2077/10/1379 2111/15/1372
f 2085/16/1316 2107/17/1360 2106/17/1359
f 2107/17/1360 2085/16/1316 2088/16/1327
f 2106/17/1361 2107/17/1364 2085/16/1320
f 2088/16/1329 2085/16/1320 2107/17/1364
f 2083/10/1381 2086/15/1317 2103/15/1354
f 2086/15/1317 2083/10/1381 2082/10/1323
f 2103/15/1355 2086/15/1319 2083/10/1382
f 2082/10/1325 2083/10/1382 2086/15/1319
f 852/10/1383 2111/15/1383 2076/10/1383
f 2111/15/1383 852/10/1383 2113/17/1383
f 2113/17/1383 2109/16/1383 2111/15/1383
f 2094/6/1383 2113/17/1383 852/10/1383
f 2113/17/1383 2094/6/1383 2112/6/1383
f 2076/10/1384 2111/15/1384 852/10/1384
f 2113/17/1384 852/10/1384 2111/15/1384
f 2111/15/1384 2109/16/1384 2113/17/1384
f 852/10/1384 2113/17/1384 2094/6/1384
f 2112/6/1384 2094/6/1384 2113/17/1384
f 2079/10/1385 2110/15/1367 2097/15/1342
f 2110/15/1367 2079/10/1385 2077/10/1377
f 2097/15/1344 2110/15/1369 2079/10/1386
f 2077/10/1379 2079/10/1386 2110/15/1369
f 2088/16/1327 2092/17/1333 2107/17/1360
f 2092/17/1333 2088/16/1327 2096/16/1341
f 2107/17/1364 2092/17/1335 2088/16/1329
f 2096/16/1343 2088/16/1329 2092/17/1335
f 2084/16/1315 2106/17/1359 2101/17/1348
f 2106/17/1359 2084/16/1315 2085/16/1316
f 2101/17/1352 2106/17/1361 2084/16/1321
f 2085/16/1320 2084/16/1321 2106/17/1361
f 2080/10/1387 2097/15/1342 2089/15/1328
f 2097/15/1342 2080/10/1387 2079/10/1385
f 2089/15/1330 2097/15/1344 2080/10/1388
f 2079/10/1386 2080/10/1388 2097/15/1344
f 2081/10/1324 2089/15/1328 2087/15/1318
f 2089/15/1328 2081/10/1324 2080/10/1387
f 2087/15/1322 2089/15/1330 2081/10/1326
f 2080/10/1388 2081/10/1326 2089/15/1330
f 2102/16/1353 2101/17/1348 2100/17/1347
f 2101/17/1348 2102/16/1353 2084/16/1315
f 2100/17/1349 2101/17/1352 2102/16/1356
f 2084/16/1321 2102/16/1356 2101/17/1352
f 2096/16/1341 2093/17/1334 2092/17/1333
f 2093/17/1334 2096/16/1341 2108/16/1365
f 2092/17/1335 2093/17/1338 2096/16/1343
f 2108/16/1371 2096/16/1343 2093/17/1338
f 2095/6/1384 2100/17/1384 2098/6/1384
f 2100/17/1384 2095/6/1384 2103/15/1384
f 2103/15/1384 2102/16/1384 2100/17/1384
f 2078/10/1384 2103/15/1384 2095/6/1384
f 2103/15/1384 2078/10/1384 2083/10/1384
f 2098/6/1383 2100/17/1383 2095/6/1383
f 2103/15/1383 2095/6/1383 2100/17/1383
f 2100/17/1383 2102/16/1383 2103/15/1383
f 2095/6/1383 2103/15/1383 2078/10/1383
f 2083/10/1383 2078/10/1383 2103/15/1383
f 2095/6/2 2112/6/2 2094/6/2
f 2112/6/2 2095/6/2 2091/6/2
f 2091/6/2 2095/6/2 2090/6/2
f 2090/6/2 2095/6/2 2105/6/2
f 2105/6/2 2095/6/2 2104/6/2
f 2104/6/2 2095/6/2 2099/6/2
f 2099/6/2 2095/6/2 2098/6/2
f 2094/6/1 2112/6/1 2095/6/1
f 2091/6/1 2095/6/1 2112/6/1
f 2090/6/1 2095/6/1 2091/6/1
f 2105/6/1 2095/6/1 2090/6/1
f 2104/6/1 2095/6/1 2105/6/1
f 2099/6/1 2095/6/1 2104/6/1
f 2098/6/1 2095/6/1 2099/6/1
f 2116/6/2 2115/6/2 2114/6/2
f 2115/6/2 2116/6/2 2117/6/2
f 2117/6/2 2116/6/2 2118/6/2
f 2117/6/2 2118/6/2 2119/6/2
f 2114/6/1 2115/6/1 2116/6/1
f 2117/6/1 2116/6/1 2115/6/1
f 2118/6/1 2116/6/1 2117/6/1
f 2119/6/1 2118/6/1 2117/6/1
f 2120/18/1391 2115/6/1390 2117/6/1389
f 2115/6/1390 2120/18/1391 2121/18/1392
f 2117/6/1395 2115/6/1394 2120/18/1393
f 2121/18/1396 2120/18/1393 2115/6/1394
f 2118/6/1399 2122/18/1398 2119/6/1397
f 2122/18/1398 2118/6/1399 2123/18/1400
f 2119/6/1403 2122/18/1402 2118/6/1401
f 2123/18/1404 2118/6/1401 2122/18/1402
f 2119/6/1397 2120/18/1391 2117/6/1389
f 2120/18/1391 2119/6/1397 2122/18/1398
f 2117/6/1395 2120/18/1393 2119/6/1403
f 2122/18/1402 2119/6/1403 2120/18/1393
f 2124/18/1406 2118/6/1399 2116/6/1405
f 2118/6/1399 2124/18/1406 2123/18/1400
f 2116/6/1408 2118/6/1401 2124/18/1407
f 2123/18/1404 2124/18/1407 2118/6/1401
f 2121/18/1392 2114/6/1409 2115/6/1390
f 2114/6/1409 2121/18/1392 2125/18/1410
f 2115/6/1394 2114/6/1411 2121/18/1396
f 2125/18/1412 2121/18/1396 2114/6/1411
f 2125/18/1410 2116/6/1405 2114/6/1409
f 2116/6/1405 2125/18/1410 2124/18/1406
f 2114/6/1411 2116/6/1408 2125/18/1412
f 2124/18/1407 2125/18/1412 2116/6/1408
f 2128/10/1415 2127/10/1414 2126/10/1413
f 2127/10/1414 2128/10/1415 2129/10/1416
f 2127/10/1414 2129/10/1416 2130/10/1417
f 2130/10/1417 2129/10/1416 2131/10/1418
f 2126/10/1421 2127/10/1420 2128/10/1419
f 2129/10/1422 2128/10/1419 2127/10/1420
f 2130/10/1423 2129/10/1422 2127/10/1420
f 2131/10/1424 2129/10/1422 2130/10/1423
f 2120/18/1391 2131/10/1418 2129/10/1416
f 2131/10/1418 2120/18/1391 2122/18/1398
f 2129/10/1422 2131/10/1424 2120/18/1393
f 2122/18/1402 2120/18/1393 2131/10/1424
f 2127/10/1414 2123/18/1400 2124/18/1406
f 2123/18/1400 2127/10/1414 2130/10/1417
f 2124/18/1407 2123/18/1404 2127/10/1420
f 2130/10/1423 2127/10/1420 2123/18/1404
f 2121/18/1392 2126/10/1413 2125/18/1410
f 2126/10/1413 2121/18/1392 2128/10/1415
f 2125/18/1412 2126/10/1421 2121/18/1396
f 2128/10/1419 2121/18/1396 2126/10/1421
f 2131/10/1418 2123/18/1400 2130/10/1417
f 2123/18/1400 2131/10/1418 2122/18/1398
f 2130/10/1423 2123/18/1404 2131/10/1424
f 2122/18/1402 2131/10/1424 2123/18/1404
f 2126/10/1413 2124/18/1406 2125/18/1410
f 2124/18/1406 2126/10/1413 2127/10/1414
f 2125/18/1412 2124/18/1407 2126/10/1421
f 2127/10/1420 2126/10/1421 2124/18/1407
f 2120/18/1391 2128/10/1415 2121/18/1392
f 2128/10/1415 2120/18/1391 2129/10/1416
f 2121/18/1396 2128/10/1419 2120/18/1393
f 2129/10/1422 2120/18/1393 2128/10/1419
f 2134/20/1761 2133/19/1760 2132/19/1759
f 2133/19/1760 2134/20/1761 2135/20/1762
f 2132/19/1765 2133/19/1764 2134/20/1763
f 2135/20/1766 2134/20/1763 2133/19/1764
f 2138/19/1769 2137/20/1768 2136/20/1767
f 2137/20/1768 2138/19/1769 2139/19/1770
f 2136/20/1773 2137/20/1772 2138/19/1771
f 2139/19/1774 2138/19/1771 2137/20/1772
f 2134/20/1761 2141/19/1776 2140/20/1775
f 2141/19/1776 2134/20/1761 2132/19/1759
f 2140/20/1778 2141/19/1777 2134/20/1763
f 2132/19/1765 2134/20/1763 2141/19/1777
f 2140/20/1775 2143/21/1780 2142/21/1779
f 2143/21/1780 2140/20/1775 2144/20/1781
f 2142/21/1783 2143/21/1782 2140/20/1778
f 2144/20/1784 2140/20/1778 2143/21/1782
f 2144/20/1781 2145/21/1785 2143/21/1780
f 2145/21/1785 2144/20/1781 2136/20/1767
f 2143/21/1782 2145/21/1786 2144/20/1784
f 2136/20/1773 2144/20/1784 2145/21/1786
f 2140/20/1775 2146/19/1787 2144/20/1781
f 2146/19/1787 2140/20/1775 2141/19/1776
f 2144/20/1784 2146/19/1788 2140/20/1778
f 2141/19/1777 2140/20/1778 2146/19/1788
f 2148/21/1790 2135/20/1762 2147/21/1789
f 2135/20/1762 2148/21/1790 2137/20/1768
f 2147/21/1792 2135/20/1766 2148/21/1791
f 2137/20/1772 2148/21/1791 2135/20/1766
f 2136/20/1767 2148/21/1790 2145/21/1785
f 2148/21/1790 2136/20/1767 2137/20/1768
f 2145/21/1786 2148/21/1791 2136/20/1773
f 2137/20/1772 2136/20/1773 2148/21/1791
f 2133/19/1760 2137/20/1768 2139/19/1770
f 2137/20/1768 2133/19/1760 2135/20/1762
f 2139/19/1774 2137/20/1772 2133/19/1764
f 2135/20/1766 2133/19/1764 2137/20/1772
f 2146/19/1787 2136/20/1767 2144/20/1781
f 2136/20/1767 2146/19/1787 2138/19/1769
f 2144/20/1784 2136/20/1773 2146/19/1788
f 2138/19/1771 2146/19/1788 2136/20/1773
f 2145/21/2 2142/21/2 2143/21/2
f 2142/21/2 2145/21/2 2149/21/2
f 2149/21/2 2145/21/2 2148/21/2
f 2149/21/2 2148/21/2 2147/21/2
f 2143/21/1 2142/21/1 2145/21/1
f 2149/21/1 2145/21/1 2142/21/1
f 2148/21/1 2145/21/1 2149/21/1
f 2147/21/1 2148/21/1 2149/21/1
f 2134/20/1761 2142/21/1779 2149/21/1793
f 2142/21/1779 2134/20/1761 2140/20/1775
f 2149/21/1794 2142/21/1783 2134/20/1763
f 2140/20/1778 2134/20/1763 2142/21/1783
f 2147/21/1789 2134/20/1761 2149/21/1793
f 2134/20/1761 2147/21/1789 2135/20/1762
f 2149/21/1794 2134/20/1763 2147/21/1792
f 2135/20/1766 2147/21/1792 2134/20/1763
f 2141/19/1776 2138/19/1769 2146/19/1787
f 2138/19/1769 2141/19/1776 2132/19/1759
f 2138/19/1769 2132/19/1759 2139/19/1770
f 2139/19/1770 2132/19/1759 2133/19/1760
f 2146/19/1788 2138/19/1771 2141/19/1777
f 2132/19/1765 2141/19/1777 2138/19/1771
f 2139/19/1774 2132/19/1765 2138/19/1771
f 2133/19/1764 2132/19/1765 2139/19/1774
f 2152/20/1797 2151/19/1796 2150/19/1795
f 2151/19/1796 2152/20/1797 2153/20/1798
f 2150/19/1801 2151/19/1800 2152/20/1799
f 2153/20/1802 2152/20/1799 2151/19/1800
f 2156/19/1805 2155/20/1804 2154/20/1803
f 2155/20/1804 2156/19/1805 2157/19/1806
f 2154/20/1809 2155/20/1808 2156/19/1807
f 2157/19/1810 2156/19/1807 2155/20/1808
f 2152/20/1797 2159/19/1812 2158/20/1811
f 2159/19/1812 2152/20/1797 2150/19/1795
f 2158/20/1814 2159/19/1813 2152/20/1799
f 2150/19/1801 2152/20/1799 2159/19/1813
f 2158/20/1811 2161/21/1816 2160/21/1815
f 2161/21/1816 2158/20/1811 2162/20/1817
f 2160/21/1819 2161/21/1818 2158/20/1814
f 2162/20/1820 2158/20/1814 2161/21/1818
f 2162/20/1817 2163/21/1821 2161/21/1816
f 2163/21/1821 2162/20/1817 2154/20/1803
f 2161/21/1818 2163/21/1822 2162/20/1820
f 2154/20/1809 2162/20/1820 2163/21/1822
f 2158/20/1811 2164/19/1823 2162/20/1817
f 2164/19/1823 2158/20/1811 2159/19/1812
f 2162/20/1820 2164/19/1824 2158/20/1814
f 2159/19/1813 2158/20/1814 2164/19/1824
f 2166/21/1826 2153/20/1798 2165/21/1825
f 2153/20/1798 2166/21/1826 2155/20/1804
f 2165/21/1828 2153/20/1802 2166/21/1827
f 2155/20/1808 2166/21/1827 2153/20/1802
f 2154/20/1803 2166/21/1826 2163/21/1821
f 2166/21/1826 2154/20/1803 2155/20/1804
f 2163/21/1822 2166/21/1827 2154/20/1809
f 2155/20/1808 2154/20/1809 2166/21/1827
f 2151/19/1796 2155/20/1804 2157/19/1806
f 2155/20/1804 2151/19/1796 2153/20/1798
f 2157/19/1810 2155/20/1808 2151/19/1800
f 2153/20/1802 2151/19/1800 2155/20/1808
f 2164/19/1823 2154/20/1803 2162/20/1817
f 2154/20/1803 2164/19/1823 2156/19/1805
f 2162/20/1820 2154/20/1809 2164/19/1824
f 2156/19/1807 2164/19/1824 2154/20/1809
f 2163/21/2 2160/21/2 2161/21/2
f 2160/21/2 2163/21/2 2167/21/2
f 2167/21/2 2163/21/2 2166/21/2
f 2167/21/2 2166/21/2 2165/21/2
f 2161/21/1 2160/21/1 2163/21/1
f 2167/21/1 2163/21/1 2160/21/1
f 2166/21/1 2163/21/1 2167/21/1
f 2165/21/1 2166/21/1 2167/21/1
f 2152/20/1797 2160/21/1815 2167/21/1829
f 2160/21/1815 2152/20/1797 2158/20/1811
f 2167/21/1830 2160/21/1819 2152/20/1799
f 2158/20/1814 2152/20/1799 2160/21/1819
f 2165/21/1825 2152/20/1797 2167/21/1829
f 2152/20/1797 2165/21/1825 2153/20/1798
f 2167/21/1830 2152/20/1799 2165/21/1828
f 2153/20/1802 2165/21/1828 2152/20/1799
f 2159/19/1812 2156/19/1805 2164/19/1823
f 2156/19/1805 2159/19/1812 2150/19/1795
f 2156/19/1805 2150/19/1795 2157/19/1806
f 2157/19/1806 2150/19/1795 2151/19/1796
f 2164/19/1824 2156/19/1807 2159/19/1813
f 2150/19/1801 2159/19/1813 2156/19/1807
f 2157/19/1810 2150/19/1801 2156/19/1807
f 2151/19/1800 2150/19/1801 2157/19/1810
f 2170/20/1507 2169/19/1627 2168/19/1509
f 2169/19/1627 2170/20/1507 2171/20/1628
f 2168/19/1511 2169/19/1629 2170/20/1513
f 2171/20/1630 2170/20/1513 2169/19/1629
f 2174/19/1499 2173/20/1515 2172/20/1501
f 2173/20/1515 2174/19/1499 2175/19/1516
f 2172/20/1503 2173/20/1518 2174/19/1505
f 2175/19/1517 2174/19/1505 2173/20/1518
f 2170/20/1507 2177/19/1510 2176/20/1508
f 2177/19/1510 2170/20/1507 2168/19/1509
f 2176/20/1512 2177/19/1514 2170/20/1513
f 2168/19/1511 2170/20/1513 2177/19/1514
f 2176/20/1508 2179/21/1631 2178/21/1530
f 2179/21/1631 2176/20/1508 2180/20/1632
f 2178/21/1531 2179/21/1633 2176/20/1512
f 2180/20/1634 2176/20/1512 2179/21/1633
f 2180/20/1632 2181/21/1533 2179/21/1631
f 2181/21/1533 2180/20/1632 2172/20/1501
f 2179/21/1633 2181/21/1534 2180/20/1634
f 2172/20/1503 2180/20/1634 2181/21/1534
f 2176/20/1508 2182/19/1635 2180/20/1632
f 2182/19/1635 2176/20/1508 2177/19/1510
f 2180/20/1634 2182/19/1636 2176/20/1512
f 2177/19/1514 2176/20/1512 2182/19/1636
f 2184/21/1519 2171/20/1628 2183/21/1637
f 2171/20/1628 2184/21/1519 2173/20/1515
f 2183/21/1638 2171/20/1630 2184/21/1523
f 2173/20/1518 2184/21/1523 2171/20/1630
f 2172/20/1501 2184/21/1519 2181/21/1533
f 2184/21/1519 2172/20/1501 2173/20/1515
f 2181/21/1534 2184/21/1523 2172/20/1503
f 2173/20/1518 2172/20/1503 2184/21/1523
f 2169/19/1627 2173/20/1515 2175/19/1516
f 2173/20/1515 2169/19/1627 2171/20/1628
f 2175/19/1517 2173/20/1518 2169/19/1629
f 2171/20/1630 2169/19/1629 2173/20/1518
f 2182/19/1635 2172/20/1501 2180/20/1632
f 2172/20/1501 2182/19/1635 2174/19/1499
f 2180/20/1634 2172/20/1503 2182/19/1636
f 2174/19/1505 2182/19/1636 2172/20/1503
f 2181/21/2 2178/21/2 2179/21/2
f 2178/21/2 2181/21/2 2185/21/2
f 2185/21/2 2181/21/2 2184/21/2
f 2185/21/2 2184/21/2 2183/21/2
f 2179/21/1 2178/21/1 2181/21/1
f 2185/21/1 2181/21/1 2178/21/1
f 2184/21/1 2181/21/1 2185/21/1
f 2183/21/1 2184/21/1 2185/21/1
f 2170/20/1507 2178/21/1530 2185/21/1525
f 2178/21/1530 2170/20/1507 2176/20/1508
f 2185/21/1526 2178/21/1531 2170/20/1513
f 2176/20/1512 2170/20/1513 2178/21/1531
f 2183/21/1637 2170/20/1507 2185/21/1525
f 2170/20/1507 2183/21/1637 2171/20/1628
f 2185/21/1526 2170/20/1513 2183/21/1638
f 2171/20/1630 2183/21/1638 2170/20/1513
f 2177/19/1510 2174/19/1499 2182/19/1635
f 2174/19/1499 2177/19/1510 2168/19/1509
f 2174/19/1499 2168/19/1509 2175/19/1516
f 2175/19/1516 2168/19/1509 2169/19/1627
f 2182/19/1636 2174/19/1505 2177/19/1514
f 2168/19/1511 2177/19/1514 2174/19/1505
f 2175/19/1517 2168/19/1511 2174/19/1505
f 2169/19/1629 2168/19/1511 2175/19/1517
f 2188/20/1833 2187/19/1832 2186/19/1831
f 2187/19/1832 2188/20/1833 2189/20/1834
f 2186/19/1837 2187/19/1836 2188/20/1835
f 2189/20/1838 2188/20/1835 2187/19/1836
f 2192/19/1841 2191/20/1840 2190/20/1839
f 2191/20/1840 2192/19/1841 2193/19/1842
f 2190/20/1845 2191/20/1844 2192/19/1843
f 2193/19/1846 2192/19/1843 2191/20/1844
f 2188/20/1833 2195/19/1848 2194/20/1847
f 2195/19/1848 2188/20/1833 2186/19/1831
f 2194/20/1850 2195/19/1849 2188/20/1835
f 2186/19/1837 2188/20/1835 2195/19/1849
f 2194/20/1847 2197/21/1852 2196/21/1851
f 2197/21/1852 2194/20/1847 2198/20/1853
f 2196/21/1855 2197/21/1854 2194/20/1850
f 2198/20/1856 2194/20/1850 2197/21/1854
f 2198/20/1853 2199/21/1857 2197/21/1852
f 2199/21/1857 2198/20/1853 2190/20/1839
f 2197/21/1854 2199/21/1858 2198/20/1856
f 2190/20/1845 2198/20/1856 2199/21/1858
f 2194/20/1847 2200/19/1859 2198/20/1853
f 2200/19/1859 2194/20/1847 2195/19/1848
f 2198/20/1856 2200/19/1860 2194/20/1850
f 2195/19/1849 2194/20/1850 2200/19/1860
f 2202/21/1862 2189/20/1834 2201/21/1861
f 2189/20/1834 2202/21/1862 2191/20/1840
f 2201/21/1864 2189/20/1838 2202/21/1863
f 2191/20/1844 2202/21/1863 2189/20/1838
f 2190/20/1839 2202/21/1862 2199/21/1857
f 2202/21/1862 2190/20/1839 2191/20/1840
f 2199/21/1858 2202/21/1863 2190/20/1845
f 2191/20/1844 2190/20/1845 2202/21/1863
f 2187/19/1832 2191/20/1840 2193/19/1842
f 2191/20/1840 2187/19/1832 2189/20/1834
f 2193/19/1846 2191/20/1844 2187/19/1836
f 2189/20/1838 2187/19/1836 2191/20/1844
f 2200/19/1859 2190/20/1839 2198/20/1853
f 2190/20/1839 2200/19/1859 2192/19/1841
f 2198/20/1856 2190/20/1845 2200/19/1860
f 2192/19/1843 2200/19/1860 2190/20/1845
f 2199/21/2 2196/21/2 2197/21/2
f 2196/21/2 2199/21/2 2203/21/2
f 2203/21/2 2199/21/2 2202/21/2
f 2203/21/2 2202/21/2 2201/21/2
f 2197/21/1 2196/21/1 2199/21/1
f 2203/21/1 2199/21/1 2196/21/1
f 2202/21/1 2199/21/1 2203/21/1
f 2201/21/1 2202/21/1 2203/21/1
f 2188/20/1833 2196/21/1851 2203/21/1865
f 2196/21/1851 2188/20/1833 2194/20/1847
f 2203/21/1866 2196/21/1855 2188/20/1835
f 2194/20/1850 2188/20/1835 2196/21/1855
f 2201/21/1861 2188/20/1833 2203/21/1865
f 2188/20/1833 2201/21/1861 2189/20/1834
f 2203/21/1866 2188/20/1835 2201/21/1864
f 2189/20/1838 2201/21/1864 2188/20/1835
f 2195/19/1848 2192/19/1841 2200/19/1859
f 2192/19/1841 2195/19/1848 2186/19/1831
f 2192/19/1841 2186/19/1831 2193/19/1842
f 2193/19/1842 2186/19/1831 2187/19/1832
f 2200/19/1860 2192/19/1843 2195/19/1849
f 2186/19/1837 2195/19/1849 2192/19/1843
f 2193/19/1846 2186/19/1837 2192/19/1843
f 2187/19/1836 2186/19/1837 2193/19/1846
f 2206/20/1869 2205/19/1868 2204/19/1867
f 2205/19/1868 2206/20/1869 2207/20/1870
f 2204/19/1873 2205/19/1872 2206/20/1871
f 2207/20/1874 2206/20/1871 2205/19/1872
f 2210/19/1877 2209/20/1876 2208/20/1875
f 2209/20/1876 2210/19/1877 2211/19/1878
f 2208/20/1881 2209/20/1880 2210/19/1879
f 2211/19/1882 2210/19/1879 2209/20/1880
f 2206/20/1869 2213/19/1884 2212/20/1883
f 2213/19/1884 2206/20/1869 2204/19/1867
f 2212/20/1886 2213/19/1885 2206/20/1871
f 2204/19/1873 2206/20/1871 2213/19/1885
f 2212/20/1883 2215/21/1888 2214/21/1887
f 2215/21/1888 2212/20/1883 2216/20/1889
f 2214/21/1891 2215/21/1890 2212/20/1886
f 2216/20/1892 2212/20/1886 2215/21/1890
f 2216/20/1889 2217/21/1893 2215/21/1888
f 2217/21/1893 2216/20/1889 2208/20/1875
f 2215/21/1890 2217/21/1894 2216/20/1892
f 2208/20/1881 2216/20/1892 2217/21/1894
f 2212/20/1883 2218/19/1895 2216/20/1889
f 2218/19/1895 2212/20/1883 2213/19/1884
f 2216/20/1892 2218/19/1896 2212/20/1886
f 2213/19/1885 2212/20/1886 2218/19/1896
f 2220/21/1898 2207/20/1870 2219/21/1897
f 2207/20/1870 2220/21/1898 2209/20/1876
f 2219/21/1900 2207/20/1874 2220/21/1899
f 2209/20/1880 2220/21/1899 2207/20/1874
f 2208/20/1875 2220/21/1898 2217/21/1893
f 2220/21/1898 2208/20/1875 2209/20/1876
f 2217/21/1894 2220/21/1899 2208/20/1881
f 2209/20/1880 2208/20/1881 2220/21/1899
f 2205/19/1868 2209/20/1876 2211/19/1878
f 2209/20/1876 2205/19/1868 2207/20/1870
f 2211/19/1882 2209/20/1880 2205/19/1872
f 2207/20/1874 2205/19/1872 2209/20/1880
f 2218/19/1895 2208/20/1875 2216/20/1889
f 2208/20/1875 2218/19/1895 2210/19/1877
f 2216/20/1892 2208/20/1881 2218/19/1896
f 2210/19/1879 2218/19/1896 2208/20/1881
f 2217/21/2 2214/21/2 2215/21/2
f 2214/21/2 2217/21/2 2221/21/2
f 2221/21/2 2217/21/2 2220/21/2
f 2221/21/2 2220/21/2 2219/21/2
f 2215/21/1 2214/21/1 2217/21/1
f 2221/21/1 2217/21/1 2214/21/1
f 2220/21/1 2217/21/1 2221/21/1
f 2219/21/1 2220/21/1 2221/21/1
f 2206/20/1869 2214/21/1887 2221/21/1901
f 2214/21/1887 2206/20/1869 2212/20/1883
f 2221/21/1902 2214/21/1891 2206/20/1871
f 2212/20/1886 2206/20/1871 2214/21/1891
f 2219/21/1897 2206/20/1869 2221/21/1901
f 2206/20/1869 2219/21/1897 2207/20/1870
f 2221/21/1902 2206/20/1871 2219/21/1900
f 2207/20/1874 2219/21/1900 2206/20/1871
f 2213/19/1884 2210/19/1877 2218/19/1895
f 2210/19/1877 2213/19/1884 2204/19/1867
f 2210/19/1877 2204/19/1867 2211/19/1878
f 2211/19/1878 2204/19/1867 2205/19/1868
f 2218/19/1896 2210/19/1879 2213/19/1885
f 2204/19/1873 2213/19/1885 2210/19/1879
f 2211/19/1882 2204/19/1873 2210/19/1879
f 2205/19/1872 2204/19/1873 2211/19/1882
f 2224/20/1905 2223/19/1904 2222/19/1903
f 2223/19/1904 2224/20/1905 2225/20/1906
f 2222/19/1909 2223/19/1908 2224/20/1907
f 2225/20/1910 2224/20/1907 2223/19/1908
f 2228/19/1913 2227/20/1912 2226/20/1911
f 2227/20/1912 2228/19/1913 2229/19/1914
f 2226/20/1917 2227/20/1916 2228/19/1915
f 2229/19/1918 2228/19/1915 2227/20/1916
f 2224/20/1905 2231/19/1920 2230/20/1919
f 2231/19/1920 2224/20/1905 2222/19/1903
f 2230/20/1922 2231/19/1921 2224/20/1907
f 2222/19/1909 2224/20/1907 2231/19/1921
f 2230/20/1919 2233/21/1924 2232/21/1923
f 2233/21/1924 2230/20/1919 2234/20/1925
f 2232/21/1927 2233/21/1926 2230/20/1922
f 2234/20/1928 2230/20/1922 2233/21/1926
f 2234/20/1925 2235/21/1929 2233/21/1924
f 2235/21/1929 2234/20/1925 2226/20/1911
f 2233/21/1926 2235/21/1930 2234/20/1928
f 2226/20/1917 2234/20/1928 2235/21/1930
f 2230/20/1919 2236/19/1931 2234/20/1925
f 2236/19/1931 2230/20/1919 2231/19/1920
f 2234/20/1928 2236/19/1932 2230/20/1922
f 2231/19/1921 2230/20/1922 2236/19/1932
f 2238/21/1934 2225/20/1906 2237/21/1933
f 2225/20/1906 2238/21/1934 2227/20/1912
f 2237/21/1936 2225/20/1910 2238/21/1935
f 2227/20/1916 2238/21/1935 2225/20/1910
f 2226/20/1911 2238/21/1934 2235/21/1929
f 2238/21/1934 2226/20/1911 2227/20/1912
f 2235/21/1930 2238/21/1935 2226/20/1917
f 2227/20/1916 2226/20/1917 2238/21/1935
f 2223/19/1904 2227/20/1912 2229/19/1914
f 2227/20/1912 2223/19/1904 2225/20/1906
f 2229/19/1918 2227/20/1916 2223/19/1908
f 2225/20/1910 2223/19/1908 2227/20/1916
f 2236/19/1931 2226/20/1911 2234/20/1925
f 2226/20/1911 2236/19/1931 2228/19/1913
f 2234/20/1928 2226/20/1917 2236/19/1932
f 2228/19/1915 2236/19/1932 2226/20/1917
f 2235/21/2 2232/21/2 2233/21/2
f 2232/21/2 2235/21/2 2239/21/2
f 2239/21/2 2235/21/2 2238/21/2
f 2239/21/2 2238/21/2 2237/21/2
f 2233/21/1 2232/21/1 2235/21/1
f 2239/21/1 2235/21/1 2232/21/1
f 2238/21/1 2235/21/1 2239/21/1
f 2237/21/1 2238/21/1 2239/21/1
f 2224/20/1905 2232/21/1923 2239/21/1937
f 2232/21/1923 2224/20/1905 2230/20/1919
f 2239/21/1938 2232/21/1927 2224/20/1907
f 2230/20/1922 2224/20/1907 2232/21/1927
f 2237/21/1933 2224/20/1905 2239/21/1937
f 2224/20/1905 2237/21/1933 2225/20/1906
f 2239/21/1938 2224/20/1907 2237/21/1936
f 2225/20/1910 2237/21/1936 2224/20/1907
f 2231/19/1920 2228/19/1913 2236/19/1931
f 2228/19/1913 2231/19/1920 2222/19/1903
f 2228/19/1913 2222/19/1903 2229/19/1914
f 2229/19/1914 2222/19/1903 2223/19/1904
f 2236/19/1932 2228/19/1915 2231/19/1921
f 2222/19/1909 2231/19/1921 2228/19/1915
f 2229/19/1918 2222/19/1909 2228/19/1915
f 2223/19/1908 2222/19/1909 2229/19/1918
f 2242/20/1501 2241/19/1939 2240/19/1499
f 2241/19/1939 2242/20/1501 2243/20/1940
f 2240/19/1505 2241/19/1941 2242/20/1503
f 2243/20/1942 2242/20/1503 2241/19/1941
f 2246/19/1509 2245/20/1508 2244/20/1507
f 2245/20/1508 2246/19/1509 2247/19/1510
f 2244/20/1513 2245/20/1512 2246/19/1511
f 2247/19/1514 2246/19/1511 2245/20/1512
f 2242/20/1501 2249/19/1516 2248/20/1515
f 2249/19/1516 2242/20/1501 2240/19/1499
f 2248/20/1518 2249/19/1517 2242/20/1503
f 2240/19/1505 2242/20/1503 2249/19/1517
f 2248/20/1515 2251/21/1943 2250/21/1519
f 2251/21/1943 2248/20/1515 2252/20/1944
f 2250/21/1523 2251/21/1945 2248/20/1518
f 2252/20/1946 2248/20/1518 2251/21/1945
f 2252/20/1944 2253/21/1525 2251/21/1943
f 2253/21/1525 2252/20/1944 2244/20/1507
f 2251/21/1945 2253/21/1526 2252/20/1946
f 2244/20/1513 2252/20/1946 2253/21/1526
f 2248/20/1515 2254/19/1947 2252/20/1944
f 2254/19/1947 2248/20/1515 2249/19/1516
f 2252/20/1946 2254/19/1948 2248/20/1518
f 2249/19/1517 2248/20/1518 2254/19/1948
f 2256/21/1530 2243/20/1940 2255/21/1949
f 2243/20/1940 2256/21/1530 2245/20/1508
f 2255/21/1950 2243/20/1942 2256/21/1531
f 2245/20/1512 2256/21/1531 2243/20/1942
f 2244/20/1507 2256/21/1530 2253/21/1525
f 2256/21/1530 2244/20/1507 2245/20/1508
f 2253/21/1526 2256/21/1531 2244/20/1513
f 2245/20/1512 2244/20/1513 2256/21/1531
f 2241/19/1939 2245/20/1508 2247/19/1510
f 2245/20/1508 2241/19/1939 2243/20/1940
f 2247/19/1514 2245/20/1512 2241/19/1941
f 2243/20/1942 2241/19/1941 2245/20/1512
f 2254/19/1947 2244/20/1507 2252/20/1944
f 2244/20/1507 2254/19/1947 2246/19/1509
f 2252/20/1946 2244/20/1513 2254/19/1948
f 2246/19/1511 2254/19/1948 2244/20/1513
f 2253/21/2 2250/21/2 2251/21/2
f 2250/21/2 2253/21/2 2257/21/2
f 2257/21/2 2253/21/2 2256/21/2
f 2257/21/2 2256/21/2 2255/21/2
f 2251/21/1 2250/21/1 2253/21/1
f 2257/21/1 2253/21/1 2250/21/1
f 2256/21/1 2253/21/1 2257/21/1
f 2255/21/1 2256/21/1 2257/21/1
f 2242/20/1501 2250/21/1519 2257/21/1533
f 2250/21/1519 2242/20/1501 2248/20/1515
f 2257/21/1534 2250/21/1523 2242/20/1503
f 2248/20/1518 2242/20/1503 2250/21/1523
f 2255/21/1949 2242/20/1501 2257/21/1533
f 2242/20/1501 2255/21/1949 2243/20/1940
f 2257/21/1534 2242/20/1503 2255/21/1950
f 2243/20/1942 2255/21/1950 2242/20/1503
f 2249/19/1516 2246/19/1509 2254/19/1947
f 2246/19/1509 2249/19/1516 2240/19/1499
f 2246/19/1509 2240/19/1499 2247/19/1510
f 2247/19/1510 2240/19/1499 2241/19/1939
f 2254/19/1948 2246/19/1511 2249/19/1517
f 2240/19/1505 2249/19/1517 2246/19/1511
f 2247/19/1514 2240/19/1505 2246/19/1511
f 2241/19/1941 2240/19/1505 2247/19/1514
f 2260/20/1839 2259/19/1951 2258/19/1841
f 2259/19/1951 2260/20/1839 2261/20/1952
f 2258/19/1843 2259/19/1953 2260/20/1845
f 2261/20/1954 2260/20/1845 2259/19/1953
f 2264/19/1831 2263/20/1847 2262/20/1833
f 2263/20/1847 2264/19/1831 2265/19/1848
f 2262/20/1835 2263/20/1850 2264/19/1837
f 2265/19/1849 2264/19/1837 2263/20/1850
f 2260/20/1839 2267/19/1842 2266/20/1840
f 2267/19/1842 2260/20/1839 2258/19/1841
f 2266/20/1844 2267/19/1846 2260/20/1845
f 2258/19/1843 2260/20/1845 2267/19/1846
f 2266/20/1840 2269/21/1955 2268/21/1862
f 2269/21/1955 2266/20/1840 2270/20/1956
f 2268/21/1863 2269/21/1957 2266/20/1844
f 2270/20/1958 2266/20/1844 2269/21/1957
f 2270/20/1956 2271/21/1865 2269/21/1955
f 2271/21/1865 2270/20/1956 2262/20/1833
f 2269/21/1957 2271/21/1866 2270/20/1958
f 2262/20/1835 2270/20/1958 2271/21/1866
f 2266/20/1840 2272/19/1959 2270/20/1956
f 2272/19/1959 2266/20/1840 2267/19/1842
f 2270/20/1958 2272/19/1960 2266/20/1844
f 2267/19/1846 2266/20/1844 2272/19/1960
f 2274/21/1851 2261/20/1952 2273/21/1961
f 2261/20/1952 2274/21/1851 2263/20/1847
f 2273/21/1962 2261/20/1954 2274/21/1855
f 2263/20/1850 2274/21/1855 2261/20/1954
f 2262/20/1833 2274/21/1851 2271/21/1865
f 2274/21/1851 2262/20/1833 2263/20/1847
f 2271/21/1866 2274/21/1855 2262/20/1835
f 2263/20/1850 2262/20/1835 2274/21/1855
f 2259/19/1951 2263/20/1847 2265/19/1848
f 2263/20/1847 2259/19/1951 2261/20/1952
f 2265/19/1849 2263/20/1850 2259/19/1953
f 2261/20/1954 2259/19/1953 2263/20/1850
f 2272/19/1959 2262/20/1833 2270/20/1956
f 2262/20/1833 2272/19/1959 2264/19/1831
f 2270/20/1958 2262/20/1835 2272/19/1960
f 2264/19/1837 2272/19/1960 2262/20/1835
f 2271/21/2 2268/21/2 2269/21/2
f 2268/21/2 2271/21/2 2275/21/2
f 2275/21/2 2271/21/2 2274/21/2
f 2275/21/2 2274/21/2 2273/21/2
f 2269/21/1 2268/21/1 2271/21/1
f 2275/21/1 2271/21/1 2268/21/1
f 2274/21/1 2271/21/1 2275/21/1
f 2273/21/1 2274/21/1 2275/21/1
f 2260/20/1839 2268/21/1862 2275/21/1857
f 2268/21/1862 2260/20/1839 2266/20/1840
f 2275/21/1858 2268/21/1863 2260/20/1845
f 2266/20/1844 2260/20/1845 2268/21/1863
f 2273/21/1961 2260/20/1839 2275/21/1857
f 2260/20/1839 2273/21/1961 2261/20/1952
f 2275/21/1858 2260/20/1845 2273/21/1962
f 2261/20/1954 2273/21/1962 2260/20/1845
f 2267/19/1842 2264/19/1831 2272/19/1959
f 2264/19/1831 2267/19/1842 2258/19/1841
f 2264/19/1831 2258/19/1841 2265/19/1848
f 2265/19/1848 2258/19/1841 2259/19/1951
f 2272/19/1960 2264/19/1837 2267/19/1846
f 2258/19/1843 2267/19/1846 2264/19/1837
f 2265/19/1849 2258/19/1843 2264/19/1837
f 2259/19/1953 2258/19/1843 2265/19/1849
f 2278/20/1965 2277/19/1964 2276/19/1963
f 2277/19/1964 2278/20/1965 2279/20/1966
f 2276/19/1969 2277/19/1968 2278/20/1967
f 2279/20/1970 2278/20/1967 2277/19/1968
f 2282/19/1973 2281/20/1972 2280/20/1971
f 2281/20/1972 2282/19/1973 2283/19/1974
f 2280/20/1977 2281/20/1976 2282/19/1975
f 2283/19/1978 2282/19/1975 2281/20/1976
f 2278/20/1965 2285/19/1980 2284/20/1979
f 2285/19/1980 2278/20/1965 2276/19/1963
f 2284/20/1982 2285/19/1981 2278/20/1967
f 2276/19/1969 2278/20/1967 2285/19/1981
f 2284/20/1979 2287/21/1984 2286/21/1983
f 2287/21/1984 2284/20/1979 2288/20/1985
f 2286/21/1987 2287/21/1986 2284/20/1982
f 2288/20/1988 2284/20/1982 2287/21/1986
f 2288/20/1985 2289/21/1989 2287/21/1984
f 2289/21/1989 2288/20/1985 2280/20/1971
f 2287/21/1986 2289/21/1990 2288/20/1988
f 2280/20/1977 2288/20/1988 2289/21/1990
f 2284/20/1979 2290/19/1991 2288/20/1985
f 2290/19/1991 2284/20/1979 2285/19/1980
f 2288/20/1988 2290/19/1992 2284/20/1982
f 2285/19/1981 2284/20/1982 2290/19/1992
f 2292/21/1994 2279/20/1966 2291/21/1993
f 2279/20/1966 2292/21/1994 2281/20/1972
f 2291/21/1996 2279/20/1970 2292/21/1995
f 2281/20/1976 2292/21/1995 2279/20/1970
f 2280/20/1971 2292/21/1994 2289/21/1989
f 2292/21/1994 2280/20/1971 2281/20/1972
f 2289/21/1990 2292/21/1995 2280/20/1977
f 2281/20/1976 2280/20/1977 2292/21/1995
f 2277/19/1964 2281/20/1972 2283/19/1974
f 2281/20/1972 2277/19/1964 2279/20/1966
f 2283/19/1978 2281/20/1976 2277/19/1968
f 2279/20/1970 2277/19/1968 2281/20/1976
f 2290/19/1991 2280/20/1971 2288/20/1985
f 2280/20/1971 2290/19/1991 2282/19/1973
f 2288/20/1988 2280/20/1977 2290/19/1992
f 2282/19/1975 2290/19/1992 2280/20/1977
f 2289/21/2 2286/21/2 2287/21/2
f 2286/21/2 2289/21/2 2293/21/2
f 2293/21/2 2289/21/2 2292/21/2
f 2293/21/2 2292/21/2 2291/21/2
f 2287/21/1 2286/21/1 2289/21/1
f 2293/21/1 2289/21/1 2286/21/1
f 2292/21/1 2289/21/1 2293/21/1
f 2291/21/1 2292/21/1 2293/21/1
f 2278/20/1965 2286/21/1983 2293/21/1997
f 2286/21/1983 2278/20/1965 2284/20/1979
f 2293/21/1998 2286/21/1987 2278/20/1967
f 2284/20/1982 2278/20/1967 2286/21/1987
f 2291/21/1993 2278/20/1965 2293/21/1997
f 2278/20/1965 2291/21/1993 2279/20/1966
f 2293/21/1998 2278/20/1967 2291/21/1996
f 2279/20/1970 2291/21/1996 2278/20/1967
f 2285/19/1980 2282/19/1973 2290/19/1991
f 2282/19/1973 2285/19/1980 2276/19/1963
f 2282/19/1973 2276/19/1963 2283/19/1974
f 2283/19/1974 2276/19/1963 2277/19/1964
f 2290/19/1992 2282/19/1975 2285/19/1981
f 2276/19/1969 2285/19/1981 2282/19/1975
f 2283/19/1978 2276/19/1969 2282/19/1975
f 2277/19/1968 2276/19/1969 2283/19/1978
f 2296/20/2001 2295/19/2000 2294/19/1999
f 2295/19/2000 2296/20/2001 2297/20/2002
f 2294/19/2005 2295/19/2004 2296/20/2003
f 2297/20/2006 2296/20/2003 2295/19/2004
f 2300/19/2009 2299/20/2008 2298/20/2007
f 2299/20/2008 2300/19/2009 2301/19/2010
f 2298/20/2013 2299/20/2012 2300/19/2011
f 2301/19/2014 2300/19/2011 2299/20/2012
f 2296/20/2001 2303/19/2016 2302/20/2015
f 2303/19/2016 2296/20/2001 2294/19/1999
f 2302/20/2018 2303/19/2017 2296/20/2003
f 2294/19/2005 2296/20/2003 2303/19/2017
f 2302/20/2015 2305/21/2020 2304/21/2019
f 2305/21/2020 2302/20/2015 2306/20/2021
f 2304/21/2023 2305/21/2022 2302/20/2018
f 2306/20/2024 2302/20/2018 2305/21/2022
f 2306/20/2021 2307/21/2025 2305/21/2020
f 2307/21/2025 2306/20/2021 2298/20/2007
f 2305/21/2022 2307/21/2026 2306/20/2024
f 2298/20/2013 2306/20/2024 2307/21/2026
f 2302/20/2015 2308/19/2027 2306/20/2021
f 2308/19/2027 2302/20/2015 2303/19/2016
f 2306/20/2024 2308/19/2028 2302/20/2018
f 2303/19/2017 2302/20/2018 2308/19/2028
f 2310/21/2030 2297/20/2002 2309/21/2029
f 2297/20/2002 2310/21/2030 2299/20/2008
f 2309/21/2032 2297/20/2006 2310/21/2031
f 2299/20/2012 2310/21/2031 2297/20/2006
f 2298/20/2007 2310/21/2030 2307/21/2025
f 2310/21/2030 2298/20/2007 2299/20/2008
f 2307/21/2026 2310/21/2031 2298/20/2013
f 2299/20/2012 2298/20/2013 2310/21/2031
f 2295/19/2000 2299/20/2008 2301/19/2010
f 2299/20/2008 2295/19/2000 2297/20/2002
f 2301/19/2014 2299/20/2012 2295/19/2004
f 2297/20/2006 2295/19/2004 2299/20/2012
f 2308/19/2027 2298/20/2007 2306/20/2021
f 2298/20/2007 2308/19/2027 2300/19/2009
f 2306/20/2024 2298/20/2013 2308/19/2028
f 2300/19/2011 2308/19/2028 2298/20/2013
f 2307/21/2 2304/21/2 2305/21/2
f 2304/21/2 2307/21/2 2311/21/2
f 2311/21/2 2307/21/2 2310/21/2
f 2311/21/2 2310/21/2 2309/21/2
f 2305/21/1 2304/21/1 2307/21/1
f 2311/21/1 2307/21/1 2304/21/1
f 2310/21/1 2307/21/1 2311/21/1
f 2309/21/1 2310/21/1 2311/21/1
f 2296/20/2001 2304/21/2019 2311/21/2033
f 2304/21/2019 2296/20/2001 2302/20/2015
f 2311/21/2034 2304/21/2023 2296/20/2003
f 2302/20/2018 2296/20/2003 2304/21/2023
f 2309/21/2029 2296/20/2001 2311/21/2033
f 2296/20/2001 2309/21/2029 2297/20/2002
f 2311/21/2034 2296/20/2003 2309/21/2032
f 2297/20/2006 2309/21/2032 2296/20/2003
f 2303/19/2016 2300/19/2009 2308/19/2027
f 2300/19/2009 2303/19/2016 2294/19/1999
f 2300/19/2009 2294/19/1999 2301/19/2010
f 2301/19/2010 2294/19/1999 2295/19/2000
f 2308/19/2028 2300/19/2011 2303/19/2017
f 2294/19/2005 2303/19/2017 2300/19/2011
f 2301/19/2014 2294/19/2005 2300/19/2011
f 2295/19/2004 2294/19/2005 2301/19/2014
f 2314/21/2 2313/21/2 2312/21/2
f 2313/21/2 2314/21/2 2315/21/2
f 2315/21/2 2314/21/2 2316/21/2
f 2315/21/2 2316/21/2 2317/21/2
f 2312/21/1 2313/21/1 2314/21/1
f 2315/21/1 2314/21/1 2313/21/1
f 2316/21/1 2314/21/1 2315/21/1
f 2317/21/1 2316/21/1 2315/21/1
f 2318/22/1043 2313/21/1042 2315/21/1041
f 2313/21/1042 2318/22/1043 2319/22/1044
f 2315/21/1047 2313/21/1046 2318/22/1045
f 2319/22/1048 2318/22/1045 2313/21/1046
f 2316/21/1051 2320/22/1050 2317/21/1049
f 2320/22/1050 2316/21/1051 2321/22/1052
f 2317/21/1055 2320/22/1054 2316/21/1053
f 2321/22/1056 2316/21/1053 2320/22/1054
f 2317/21/1049 2318/22/1043 2315/21/1041
f 2318/22/1043 2317/21/1049 2320/22/1050
f 2315/21/1047 2318/22/1045 2317/21/1055
f 2320/22/1054 2317/21/1055 2318/22/1045
f 2322/22/1058 2316/21/1051 2314/21/1057
f 2316/21/1051 2322/22/1058 2321/22/1052
f 2314/21/1060 2316/21/1053 2322/22/1059
f 2321/22/1056 2322/22/1059 2316/21/1053
f 2319/22/1044 2312/21/1061 2313/21/1042
f 2312/21/1061 2319/22/1044 2323/22/1062
f 2313/21/1046 2312/21/1063 2319/22/1048
f 2323/22/1064 2319/22/1048 2312/21/1063
f 2323/22/1062 2314/21/1057 2312/21/1061
f 2314/21/1057 2323/22/1062 2322/22/1058
f 2312/21/1063 2314/21/1060 2323/22/1064
f 2322/22/1059 2323/22/1064 2314/21/1060
f 2326/19/1067 2325/19/1066 2324/19/1065
f 2325/19/1066 2326/19/1067 2327/19/1068
f 2325/19/1066 2327/19/1068 2328/19/1069
f 2328/19/1069 2327/19/1068 2329/19/1070
f 2324/19/1073 2325/19/1072 2326/19/1071
f 2327/19/1074 2326/19/1071 2325/19/1072
f 2328/19/1075 2327/19/1074 2325/19/1072
f 2329/19/1076 2327/19/1074 2328/19/1075
f 2318/22/1043 2329/19/1070 2327/19/1068
f 2329/19/1070 2318/22/1043 2320/22/1050
f 2327/19/1074 2329/19/1076 2318/22/1045
f 2320/22/1054 2318/22/1045 2329/19/1076
f 2325/19/1066 2321/22/1052 2322/22/1058
f 2321/22/1052 2325/19/1066 2328/19/1069
f 2322/22/1059 2321/22/1056 2325/19/1072
f 2328/19/1075 2325/19/1072 2321/22/1056
f 2319/22/1044 2324/19/1065 2323/22/1062
f 2324/19/1065 2319/22/1044 2326/19/1067
f 2323/22/1064 2324/19/1073 2319/22/1048
f 2326/19/1071 2319/22/1048 2324/19/1073
f 2329/19/1070 2321/22/1052 2328/19/1069
f 2321/22/1052 2329/19/1070 2320/22/1050
f 2328/19/1075 2321/22/1056 2329/19/1076
f 2320/22/1054 2329/19/1076 2321/22/1056
f 2324/19/1065 2322/22/1058 2323/22/1062
f 2322/22/1058 2324/19/1065 2325/19/1066
f 2323/22/1064 2322/22/1059 2324/19/1073
f 2325/19/1072 2324/19/1073 2322/22/1059
f 2318/22/1043 2326/19/1067 2319/22/1044
f 2326/19/1067 2318/22/1043 2327/19/1068
f 2319/22/1048 2326/19/1071 2318/22/1045
f 2327/19/1074 2318/22/1045 2326/19/1071
f 2332/21/2 2331/21/2 2330/21/2
f 2331/21/2 2332/21/2 2333/21/2
f 2333/21/2 2332/21/2 2334/21/2
f 2333/21/2 2334/21/2 2335/21/2
f 2330/21/1 2331/21/1 2332/21/1
f 2333/21/1 2332/21/1 2331/21/1
f 2334/21/1 2332/21/1 2333/21/1
f 2335/21/1 2334/21/1 2333/21/1
f 2336/22/2037 2331/21/2036 2333/21/2035
f 2331/21/2036 2336/22/2037 2337/22/2038
f 2333/21/2041 2331/21/2040 2336/22/2039
f 2337/22/2042 2336/22/2039 2331/21/2040
f 2334/21/2045 2338/22/2044 2335/21/2043
f 2338/22/2044 2334/21/2045 2339/22/2046
f 2335/21/2049 2338/22/2048 2334/21/2047
f 2339/22/2050 2334/21/2047 2338/22/2048
f 2335/21/2043 2336/22/2037 2333/21/2035
f 2336/22/2037 2335/21/2043 2338/22/2044
f 2333/21/2041 2336/22/2039 2335/21/2049
f 2338/22/2048 2335/21/2049 2336/22/2039
f 2340/22/2052 2334/21/2045 2332/21/2051
f 2334/21/2045 2340/22/2052 2339/22/2046
f 2332/21/2054 2334/21/2047 2340/22/2053
f 2339/22/2050 2340/22/2053 2334/21/2047
f 2337/22/2038 2330/21/2055 2331/21/2036
f 2330/21/2055 2337/22/2038 2341/22/2056
f 2331/21/2040 2330/21/2057 2337/22/2042
f 2341/22/2058 2337/22/2042 2330/21/2057
f 2341/22/2056 2332/21/2051 2330/21/2055
f 2332/21/2051 2341/22/2056 2340/22/2052
f 2330/21/2057 2332/21/2054 2341/22/2058
f 2340/22/2053 2341/22/2058 2332/21/2054
f 2344/19/2061 2343/19/2060 2342/19/2059
f 2343/19/2060 2344/19/2061 2345/19/2062
f 2343/19/2060 2345/19/2062 2346/19/2063
f 2346/19/2063 2345/19/2062 2347/19/2064
f 2342/19/2067 2343/19/2066 2344/19/2065
f 2345/19/2068 2344/19/2065 2343/19/2066
f 2346/19/2069 2345/19/2068 2343/19/2066
f 2347/19/2070 2345/19/2068 2346/19/2069
f 2336/22/2037 2347/19/2064 2345/19/2062
f 2347/19/2064 2336/22/2037 2338/22/2044
f 2345/19/2068 2347/19/2070 2336/22/2039
f 2338/22/2048 2336/22/2039 2347/19/2070
f 2343/19/2060 2339/22/2046 2340/22/2052
f 2339/22/2046 2343/19/2060 2346/19/2063
f 2340/22/2053 2339/22/2050 2343/19/2066
f 2346/19/2069 2343/19/2066 2339/22/2050
f 2337/22/2038 2342/19/2059 2341/22/2056
f 2342/19/2059 2337/22/2038 2344/19/2061
f 2341/22/2058 2342/19/2067 2337/22/2042
f 2344/19/2065 2337/22/2042 2342/19/2067
f 2347/19/2064 2339/22/2046 2346/19/2063
f 2339/22/2046 2347/19/2064 2338/22/2044
f 2346/19/2069 2339/22/2050 2347/19/2070
f 2338/22/2048 2347/19/2070 2339/22/2050
f 2342/19/2059 2340/22/2052 2341/22/2056
f 2340/22/2052 2342/19/2059 2343/19/2060
f 2341/22/2058 2340/22/2053 2342/19/2067
f 2343/19/2066 2342/19/2067 2340/22/2053
f 2336/22/2037 2344/19/2061 2337/22/2038
f 2344/19/2061 2336/22/2037 2345/19/2062
f 2337/22/2042 2344/19/2065 2336/22/2039
f 2345/19/2068 2336/22/2039 2344/19/2065
f 2350/21/2 2349/21/2 2348/21/2
f 2349/21/2 2350/21/2 2351/21/2
f 2351/21/2 2350/21/2 2352/21/2
f 2351/21/2 2352/21/2 2353/21/2
f 2348/21/1 2349/21/1 2350/21/1
f 2351/21/1 2350/21/1 2349/21/1
f 2352/21/1 2350/21/1 2351/21/1
f 2353/21/1 2352/21/1 2351/21/1
f 2354/22/1043 2349/21/1042 2351/21/1041
f 2349/21/1042 2354/22/1043 2355/22/1044
f 2351/21/1047 2349/21/1046 2354/22/1045
f 2355/22/1048 2354/22/1045 2349/21/1046
f 2352/21/1051 2356/22/1050 2353/21/1049
f 2356/22/1050 2352/21/1051 2357/22/1052
f 2353/21/1055 2356/22/1054 2352/21/1053
f 2357/22/1056 2352/21/1053 2356/22/1054
f 2353/21/1049 2354/22/1043 2351/21/1041
f 2354/22/1043 2353/21/1049 2356/22/1050
f 2351/21/1047 2354/22/1045 2353/21/1055
f 2356/22/1054 2353/21/1055 2354/22/1045
f 2358/22/1058 2352/21/1051 2350/21/1057
f 2352/21/1051 2358/22/1058 2357/22/1052
f 2350/21/1060 2352/21/1053 2358/22/1059
f 2357/22/1056 2358/22/1059 2352/21/1053
f 2355/22/1044 2348/21/1061 2349/21/1042
f 2348/21/1061 2355/22/1044 2359/22/1062
f 2349/21/1046 2348/21/1063 2355/22/1048
f 2359/22/1064 2355/22/1048 2348/21/1063
f 2359/22/1062 2350/21/1057 2348/21/1061
f 2350/21/1057 2359/22/1062 2358/22/1058
f 2348/21/1063 2350/21/1060 2359/22/1064
f 2358/22/1059 2359/22/1064 2350/21/1060
f 2362/19/1067 2361/19/1066 2360/19/1065
f 2361/19/1066 2362/19/1067 2363/19/1068
f 2361/19/1066 2363/19/1068 2364/19/1069
f 2364/19/1069 2363/19/1068 2365/19/1070
f 2360/19/1073 2361/19/1072 2362/19/1071
f 2363/19/1074 2362/19/1071 2361/19/1072
f 2364/19/1075 2363/19/1074 2361/19/1072
f 2365/19/1076 2363/19/1074 2364/19/1075
f 2354/22/1043 2365/19/1070 2363/19/1068
f 2365/19/1070 2354/22/1043 2356/22/1050
f 2363/19/1074 2365/19/1076 2354/22/1045
f 2356/22/1054 2354/22/1045 2365/19/1076
f 2361/19/1066 2357/22/1052 2358/22/1058
f 2357/22/1052 2361/19/1066 2364/19/1069
f 2358/22/1059 2357/22/1056 2361/19/1072
f 2364/19/1075 2361/19/1072 2357/22/1056
f 2355/22/1044 2360/19/1065 2359/22/1062
f 2360/19/1065 2355/22/1044 2362/19/1067
f 2359/22/1064 2360/19/1073 2355/22/1048
f 2362/19/1071 2355/22/1048 2360/19/1073
f 2365/19/1070 2357/22/1052 2364/19/1069
f 2357/22/1052 2365/19/1070 2356/22/1050
f 2364/19/1075 2357/22/1056 2365/19/1076
f 2356/22/1054 2365/19/1076 2357/22/1056
f 2360/19/1065 2358/22/1058 2359/22/1062
f 2358/22/1058 2360/19/1065 2361/19/1066
f 2359/22/1064 2358/22/1059 2360/19/1073
f 2361/19/1072 2360/19/1073 2358/22/1059
f 2354/22/1043 2362/19/1067 2355/22/1044
f 2362/19/1067 2354/22/1043 2363/19/1068
f 2355/22/1048 2362/19/1071 2354/22/1045
f 2363/19/1074 2354/22/1045 2362/19/1071
f 2368/21/2 2367/21/2 2366/21/2
f 2367/21/2 2368/21/2 2369/21/2
f 2369/21/2 2368/21/2 2370/21/2
f 2369/21/2 2370/21/2 2371/21/2
f 2366/21/1 2367/21/1 2368/21/1
f 2369/21/1 2368/21/1 2367/21/1
f 2370/21/1 2368/21/1 2369/21/1
f 2371/21/1 2370/21/1 2369/21/1
f 2372/22/2037 2367/21/2036 2369/21/2035
f 2367/21/2036 2372/22/2037 2373/22/2038
f 2369/21/2041 2367/21/2040 2372/22/2039
f 2373/22/2042 2372/22/2039 2367/21/2040
f 2370/21/2045 2374/22/2044 2371/21/2043
f 2374/22/2044 2370/21/2045 2375/22/2046
f 2371/21/2049 2374/22/2048 2370/21/2047
f 2375/22/2050 2370/21/2047 2374/22/2048
f 2371/21/2043 2372/22/2037 2369/21/2035
f 2372/22/2037 2371/21/2043 2374/22/2044
f 2369/21/2041 2372/22/2039 2371/21/2049
f 2374/22/2048 2371/21/2049 2372/22/2039
f 2376/22/2052 2370/21/2045 2368/21/2051
f 2370/21/2045 2376/22/2052 2375/22/2046
f 2368/21/2054 2370/21/2047 2376/22/2053
f 2375/22/2050 2376/22/2053 2370/21/2047
f 2373/22/2038 2366/21/2055 2367/21/2036
f 2366/21/2055 2373/22/2038 2377/22/2056
f 2367/21/2040 2366/21/2057 2373/22/2042
f 2377/22/2058 2373/22/2042 2366/21/2057
f 2377/22/2056 2368/21/2051 2366/21/2055
f 2368/21/2051 2377/22/2056 2376/22/2052
f 2366/21/2057 2368/21/2054 2377/22/2058
f 2376/22/2053 2377/22/2058 2368/21/2054
f 2380/19/2061 2379/19/2060 2378/19/2059
f 2379/19/2060 2380/19/2061 2381/19/2062
f 2379/19/2060 2381/19/2062 2382/19/2063
f 2382/19/2063 2381/19/2062 2383/19/2064
f 2378/19/2067 2379/19/2066 2380/19/2065
f 2381/19/2068 2380/19/2065 2379/19/2066
f 2382/19/2069 2381/19/2068 2379/19/2066
f 2383/19/2070 2381/19/2068 2382/19/2069
f 2372/22/2037 2383/19/2064 2381/19/2062
f 2383/19/2064 2372/22/2037 2374/22/2044
f 2381/19/2068 2383/19/2070 2372/22/2039
f 2374/22/2048 2372/22/2039 2383/19/2070
f 2379/19/2060 2375/22/2046 2376/22/2052
f 2375/22/2046 2379/19/2060 2382/19/2063
f 2376/22/2053 2375/22/2050 2379/19/2066
f 2382/19/2069 2379/19/2066 2375/22/2050
f 2373/22/2038 2378/19/2059 2377/22/2056
f 2378/19/2059 2373/22/2038 2380/19/2061
f 2377/22/2058 2378/19/2067 2373/22/2042
f 2380/19/2065 2373/22/2042 2378/19/2067
f 2383/19/2064 2375/22/2046 2382/19/2063
f 2375/22/2046 2383/19/2064 2374/22/2044
f 2382/19/2069 2375/22/2050 2383/19/2070
f 2374/22/2048 2383/19/2070 2375/22/2050
f 2378/19/2059 2376/22/2052 2377/22/2056
f 2376/22/2052 2378/19/2059 2379/19/2060
f 2377/22/2058 2376/22/2053 2378/19/2067
f 2379/19/2066 2378/19/2067 2376/22/2053
f 2372/22/2037 2380/19/2061 2373/22/2038
f 2380/19/2061 2372/22/2037 2381/19/2062
f 2373/22/2042 2380/19/2065 2372/22/2039
f 2381/19/2068 2372/22/2039 2380/19/2065
f 2386/21/2 2385/21/2 2384/21/2
f 2385/21/2 2386/21/2 2387/21/2
f 2387/21/2 2386/21/2 2388/21/2
f 2387/21/2 2388/21/2 2389/21/2
f 2384/21/1 2385/21/1 2386/21/1
f 2387/21/1 2386/21/1 2385/21/1
f 2388/21/1 2386/21/1 2387/21/1
f 2389/21/1 2388/21/1 2387/21/1
f 2390/22/669 2385/21/668 2387/21/667
f 2385/21/668 2390/22/669 2391/22/670
f 2387/21/673 2385/21/672 2390/22/671
f 2391/22/674 2390/22/671 2385/21/672
f 2388/21/677 2392/22/676 2389/21/675
f 2392/22/676 2388/21/677 2393/22/678
f 2389/21/681 2392/22/680 2388/21/679
f 2393/22/682 2388/21/679 2392/22/680
f 2389/21/675 2390/22/669 2387/21/667
f 2390/22/669 2389/21/675 2392/22/676
f 2387/21/673 2390/22/671 2389/21/681
f 2392/22/680 2389/21/681 2390/22/671
f 2394/22/684 2388/21/677 2386/21/683
f 2388/21/677 2394/22/684 2393/22/678
f 2386/21/686 2388/21/679 2394/22/685
f 2393/22/682 2394/22/685 2388/21/679
f 2391/22/670 2384/21/687 2385/21/668
f 2384/21/687 2391/22/670 2395/22/688
f 2385/21/672 2384/21/689 2391/22/674
f 2395/22/690 2391/22/674 2384/21/689
f 2395/22/688 2386/21/683 2384/21/687
f 2386/21/683 2395/22/688 2394/22/684
f 2384/21/689 2386/21/686 2395/22/690
f 2394/22/685 2395/22/690 2386/21/686
f 2398/19/693 2397/19/692 2396/19/691
f 2397/19/692 2398/19/693 2399/19/694
f 2397/19/692 2399/19/694 2400/19/695
f 2400/19/695 2399/19/694 2401/19/696
f 2396/19/699 2397/19/698 2398/19/697
f 2399/19/700 2398/19/697 2397/19/698
f 2400/19/701 2399/19/700 2397/19/698
f 2401/19/702 2399/19/700 2400/19/701
f 2390/22/669 2401/19/696 2399/19/694
f 2401/19/696 2390/22/669 2392/22/676
f 2399/19/700 2401/19/702 2390/22/671
f 2392/22/680 2390/22/671 2401/19/702
f 2397/19/692 2393/22/678 2394/22/684
f 2393/22/678 2397/19/692 2400/19/695
f 2394/22/685 2393/22/682 2397/19/698
f 2400/19/701 2397/19/698 2393/22/682
f 2391/22/670 2396/19/691 2395/22/688
f 2396/19/691 2391/22/670 2398/19/693
f 2395/22/690 2396/19/699 2391/22/674
f 2398/19/697 2391/22/674 2396/19/699
f 2401/19/696 2393/22/678 2400/19/695
f 2393/22/678 2401/19/696 2392/22/676
f 2400/19/701 2393/22/682 2401/19/702
f 2392/22/680 2401/19/702 2393/22/682
f 2396/19/691 2394/22/684 2395/22/688
f 2394/22/684 2396/19/691 2397/19/692
f 2395/22/690 2394/22/685 2396/19/699
f 2397/19/698 2396/19/699 2394/22/685
f 2390/22/669 2398/19/693 2391/22/670
f 2398/19/693 2390/22/669 2399/19/694
f 2391/22/674 2398/19/697 2390/22/671
f 2399/19/700 2390/22/671 2398/19/697
f 2404/21/2 2403/21/2 2402/21/2
f 2403/21/2 2404/21/2 2405/21/2
f 2405/21/2 2404/21/2 2406/21/2
f 2405/21/2 2406/21/2 2407/21/2
f 2402/21/1 2403/21/1 2404/21/1
f 2405/21/1 2404/21/1 2403/21/1
f 2406/21/1 2404/21/1 2405/21/1
f 2407/21/1 2406/21/1 2405/21/1
f 2408/22/2073 2403/21/2072 2405/21/2071
f 2403/21/2072 2408/22/2073 2409/22/2074
f 2405/21/2077 2403/21/2076 2408/22/2075
f 2409/22/2078 2408/22/2075 2403/21/2076
f 2406/21/2081 2410/22/2080 2407/21/2079
f 2410/22/2080 2406/21/2081 2411/22/2082
f 2407/21/2085 2410/22/2084 2406/21/2083
f 2411/22/2086 2406/21/2083 2410/22/2084
f 2407/21/2079 2408/22/2073 2405/21/2071
f 2408/22/2073 2407/21/2079 2410/22/2080
f 2405/21/2077 2408/22/2075 2407/21/2085
f 2410/22/2084 2407/21/2085 2408/22/2075
f 2412/22/2088 2406/21/2081 2404/21/2087
f 2406/21/2081 2412/22/2088 2411/22/2082
f 2404/21/2090 2406/21/2083 2412/22/2089
f 2411/22/2086 2412/22/2089 2406/21/2083
f 2409/22/2074 2402/21/2091 2403/21/2072
f 2402/21/2091 2409/22/2074 2413/22/2092
f 2403/21/2076 2402/21/2093 2409/22/2078
f 2413/22/2094 2409/22/2078 2402/21/2093
f 2413/22/2092 2404/21/2087 2402/21/2091
f 2404/21/2087 2413/22/2092 2412/22/2088
f 2402/21/2093 2404/21/2090 2413/22/2094
f 2412/22/2089 2413/22/2094 2404/21/2090
f 2416/19/2097 2415/19/2096 2414/19/2095
f 2415/19/2096 2416/19/2097 2417/19/2098
f 2415/19/2096 2417/19/2098 2418/19/2099
f 2418/19/2099 2417/19/2098 2419/19/2100
f 2414/19/2103 2415/19/2102 2416/19/2101
f 2417/19/2104 2416/19/2101 2415/19/2102
f 2418/19/2105 2417/19/2104 2415/19/2102
f 2419/19/2106 2417/19/2104 2418/19/2105
f 2408/22/2073 2419/19/2100 2417/19/2098
f 2419/19/2100 2408/22/2073 2410/22/2080
f 2417/19/2104 2419/19/2106 2408/22/2075
f 2410/22/2084 2408/22/2075 2419/19/2106
f 2415/19/2096 2411/22/2082 2412/22/2088
f 2411/22/2082 2415/19/2096 2418/19/2099
f 2412/22/2089 2411/22/2086 2415/19/2102
f 2418/19/2105 2415/19/2102 2411/22/2086
f 2409/22/2074 2414/19/2095 2413/22/2092
f 2414/19/2095 2409/22/2074 2416/19/2097
f 2413/22/2094 2414/19/2103 2409/22/2078
f 2416/19/2101 2409/22/2078 2414/19/2103
f 2419/19/2100 2411/22/2082 2418/19/2099
f 2411/22/2082 2419/19/2100 2410/22/2080
f 2418/19/2105 2411/22/2086 2419/19/2106
f 2410/22/2084 2419/19/2106 2411/22/2086
f 2414/19/2095 2412/22/2088 2413/22/2092
f 2412/22/2088 2414/19/2095 2415/19/2096
f 2413/22/2094 2412/22/2089 2414/19/2103
f 2415/19/2102 2414/19/2103 2412/22/2089
f 2408/22/2073 2416/19/2097 2409/22/2074
f 2416/19/2097 2408/22/2073 2417/19/2098
f 2409/22/2078 2416/19/2101 2408/22/2075
f 2417/19/2104 2408/22/2075 2416/19/2101
f 2422/21/2 2421/21/2 2420/21/2
f 2421/21/2 2422/21/2 2423/21/2
f 2423/21/2 2422/21/2 2424/21/2
f 2423/21/2 2424/21/2 2425/21/2
f 2420/21/1 2421/21/1 2422/21/1
f 2423/21/1 2422/21/1 2421/21/1
f 2424/21/1 2422/21/1 2423/21/1
f 2425/21/1 2424/21/1 2423/21/1
f 2426/22/440 2421/21/433 2423/21/439
f 2421/21/433 2426/22/440 2427/22/434
f 2423/21/442 2421/21/435 2426/22/441
f 2427/22/438 2426/22/441 2421/21/435
f 2424/21/424 2428/22/444 2425/21/443
f 2428/22/444 2424/21/424 2429/22/426
f 2425/21/445 2428/22/446 2424/21/428
f 2429/22/430 2424/21/428 2428/22/446
f 2425/21/443 2426/22/440 2423/21/439
f 2426/22/440 2425/21/443 2428/22/444
f 2423/21/442 2426/22/441 2425/21/445
f 2428/22/446 2425/21/445 2426/22/441
f 2430/22/425 2424/21/424 2422/21/423
f 2424/21/424 2430/22/425 2429/22/426
f 2422/21/429 2424/21/428 2430/22/427
f 2429/22/430 2430/22/427 2424/21/428
f 2427/22/434 2420/21/431 2421/21/433
f 2420/21/431 2427/22/434 2431/22/432
f 2421/21/435 2420/21/437 2427/22/438
f 2431/22/436 2427/22/438 2420/21/437
f 2431/22/432 2422/21/423 2420/21/431
f 2422/21/423 2431/22/432 2430/22/425
f 2420/21/437 2422/21/429 2431/22/436
f 2430/22/427 2431/22/436 2422/21/429
f 2434/19/451 2433/19/450 2432/19/452
f 2433/19/450 2434/19/451 2435/19/448
f 2433/19/450 2435/19/448 2436/19/449
f 2436/19/449 2435/19/448 2437/19/447
f 2432/19/458 2433/19/456 2434/19/457
f 2435/19/454 2434/19/457 2433/19/456
f 2436/19/453 2435/19/454 2433/19/456
f 2437/19/455 2435/19/454 2436/19/453
f 2426/22/440 2437/19/447 2435/19/448
f 2437/19/447 2426/22/440 2428/22/444
f 2435/19/454 2437/19/455 2426/22/441
f 2428/22/446 2426/22/441 2437/19/455
f 2433/19/450 2429/22/426 2430/22/425
f 2429/22/426 2433/19/450 2436/19/449
f 2430/22/427 2429/22/430 2433/19/456
f 2436/19/453 2433/19/456 2429/22/430
f 2427/22/434 2432/19/452 2431/22/432
f 2432/19/452 2427/22/434 2434/19/451
f 2431/22/436 2432/19/458 2427/22/438
f 2434/19/457 2427/22/438 2432/19/458
f 2437/19/447 2429/22/426 2436/19/449
f 2429/22/426 2437/19/447 2428/22/444
f 2436/19/453 2429/22/430 2437/19/455
f 2428/22/446 2437/19/455 2429/22/430
f 2432/19/452 2430/22/425 2431/22/432
f 2430/22/425 2432/19/452 2433/19/450
f 2431/22/436 2430/22/427 2432/19/458
f 2433/19/456 2432/19/458 2430/22/427
f 2426/22/440 2434/19/451 2427/22/434
f 2434/19/451 2426/22/440 2435/19/448
f 2427/22/438 2434/19/457 2426/22/441
f 2435/19/454 2426/22/441 2434/19/457
f 2440/21/2 2439/21/2 2438/21/2
f 2439/21/2 2440/21/2 2441/21/2
f 2441/21/2 2440/21/2 2442/21/2
f 2441/21/2 2442/21/2 2443/21/2
f 2438/21/1 2439/21/1 2440/21/1
f 2441/21/1 2440/21/1 2439/21/1
f 2442/21/1 2440/21/1 2441/21/1
f 2443/21/1 2442/21/1 2441/21/1
f 2444/22/440 2439/21/433 2441/21/439
f 2439/21/433 2444/22/440 2445/22/434
f 2441/21/442 2439/21/435 2444/22/441
f 2445/22/438 2444/22/441 2439/21/435
f 2442/21/424 2446/22/444 2443/21/443
f 2446/22/444 2442/21/424 2447/22/426
f 2443/21/445 2446/22/446 2442/21/428
f 2447/22/430 2442/21/428 2446/22/446
f 2443/21/443 2444/22/440 2441/21/439
f 2444/22/440 2443/21/443 2446/22/444
f 2441/21/442 2444/22/441 2443/21/445
f 2446/22/446 2443/21/445 2444/22/441
f 2448/22/425 2442/21/424 2440/21/423
f 2442/21/424 2448/22/425 2447/22/426
f 2440/21/429 2442/21/428 2448/22/427
f 2447/22/430 2448/22/427 2442/21/428
f 2445/22/434 2438/21/431 2439/21/433
f 2438/21/431 2445/22/434 2449/22/432
f 2439/21/435 2438/21/437 2445/22/438
f 2449/22/436 2445/22/438 2438/21/437
f 2449/22/432 2440/21/423 2438/21/431
f 2440/21/423 2449/22/432 2448/22/425
f 2438/21/437 2440/21/429 2449/22/436
f 2448/22/427 2449/22/436 2440/21/429
f 2452/19/451 2451/19/450 2450/19/452
f 2451/19/450 2452/19/451 2453/19/448
f 2451/19/450 2453/19/448 2454/19/449
f 2454/19/449 2453/19/448 2455/19/447
f 2450/19/458 2451/19/456 2452/19/457
f 2453/19/454 2452/19/457 2451/19/456
f 2454/19/453 2453/19/454 2451/19/456
f 2455/19/455 2453/19/454 2454/19/453
f 2444/22/440 2455/19/447 2453/19/448
f 2455/19/447 2444/22/440 2446/22/444
f 2453/19/454 2455/19/455 2444/22/441
f 2446/22/446 2444/22/441 2455/19/455
f 2451/19/450 2447/22/426 2448/22/425
f 2447/22/426 2451/19/450 2454/19/449
f 2448/22/427 2447/22/430 2451/19/456
f 2454/19/453 2451/19/456 2447/22/430
f 2445/22/434 2450/19/452 2449/22/432
f 2450/19/452 2445/22/434 2452/19/451
f 2449/22/436 2450/19/458 2445/22/438
f 2452/19/457 2445/22/438 2450/19/458
f 2455/19/447 2447/22/426 2454/19/449
f 2447/22/426 2455/19/447 2446/22/444
f 2454/19/453 2447/22/430 2455/19/455
f 2446/22/446 2455/19/455 2447/22/430
f 2450/19/452 2448/22/425 2449/22/432
f 2448/22/425 2450/19/452 2451/19/450
f 2449/22/436 2448/22/427 2450/19/458
f 2451/19/456 2450/19/458 2448/22/427
f 2444/22/440 2452/19/451 2445/22/434
f 2452/19/451 2444/22/440 2453/19/448
f 2445/22/438 2452/19/457 2444/22/441
f 2453/19/454 2444/22/441 2452/19/457
f 2458/21/2 2457/21/2 2456/21/2
f 2457/21/2 2458/21/2 2459/21/2
f 2459/21/2 2458/21/2 2460/21/2
f 2459/21/2 2460/21/2 2461/21/2
f 2456/21/1 2457/21/1 2458/21/1
f 2459/21/1 2458/21/1 2457/21/1
f 2460/21/1 2458/21/1 2459/21/1
f 2461/21/1 2460/21/1 2459/21/1
f 2462/22/425 2457/21/424 2459/21/423
f 2457/21/424 2462/22/425 2463/22/426
f 2459/21/429 2457/21/428 2462/22/427
f 2463/22/430 2462/22/427 2457/21/428
f 2460/21/433 2464/22/432 2461/21/431
f 2464/22/432 2460/21/433 2465/22/434
f 2461/21/437 2464/22/436 2460/21/435
f 2465/22/438 2460/21/435 2464/22/436
f 2461/21/431 2462/22/425 2459/21/423
f 2462/22/425 2461/21/431 2464/22/432
f 2459/21/429 2462/22/427 2461/21/437
f 2464/22/436 2461/21/437 2462/22/427
f 2466/22/440 2460/21/433 2458/21/439
f 2460/21/433 2466/22/440 2465/22/434
f 2458/21/442 2460/21/435 2466/22/441
f 2465/22/438 2466/22/441 2460/21/435
f 2463/22/426 2456/21/443 2457/21/424
f 2456/21/443 2463/22/426 2467/22/444
f 2457/21/428 2456/21/445 2463/22/430
f 2467/22/446 2463/22/430 2456/21/445
f 2467/22/444 2458/21/439 2456/21/443
f 2458/21/439 2467/22/444 2466/22/440
f 2456/21/445 2458/21/442 2467/22/446
f 2466/22/441 2467/22/446 2458/21/442
f 2470/19/449 2469/19/448 2468/19/447
f 2469/19/448 2470/19/449 2471/19/450
f 2469/19/448 2471/19/450 2472/19/451
f 2472/19/451 2471/19/450 2473/19/452
f 2468/19/455 2469/19/454 2470/19/453
f 2471/19/456 2470/19/453 2469/19/454
f 2472/19/457 2471/19/456 2469/19/454
f 2473/19/458 2471/19/456 2472/19/457
f 2462/22/425 2473/19/452 2471/19/450
f 2473/19/452 2462/22/425 2464/22/432
f 2471/19/456 2473/19/458 2462/22/427
f 2464/22/436 2462/22/427 2473/19/458
f 2469/19/448 2465/22/434 2466/22/440
f 2465/22/434 2469/19/448 2472/19/451
f 2466/22/441 2465/22/438 2469/19/454
f 2472/19/457 2469/19/454 2465/22/438
f 2463/22/426 2468/19/447 2467/22/444
f 2468/19/447 2463/22/426 2470/19/449
f 2467/22/446 2468/19/455 2463/22/430
f 2470/19/453 2463/22/430 2468/19/455
f 2473/19/452 2465/22/434 2472/19/451
f 2465/22/434 2473/19/452 2464/22/432
f 2472/19/457 2465/22/438 2473/19/458
f 2464/22/436 2473/19/458 2465/22/438
f 2468/19/447 2466/22/440 2467/22/444
f 2466/22/440 2468/19/447 2469/19/448
f 2467/22/446 2466/22/441 2468/19/455
f 2469/19/454 2468/19/455 2466/22/441
f 2462/22/425 2470/19/449 2463/22/426
f 2470/19/449 2462/22/425 2471/19/450
f 2463/22/430 2470/19/453 2462/22/427
f 2471/19/456 2462/22/427 2470/19/453
f 2476/21/2 2475/21/2 2474/21/2
f 2475/21/2 2476/21/2 2477/21/2
f 2477/21/2 2476/21/2 2478/21/2
f 2477/21/2 2478/21/2 2479/21/2
f 2474/21/1 2475/21/1 2476/21/1
f 2477/21/1 2476/21/1 2475/21/1
f 2478/21/1 2476/21/1 2477/21/1
f 2479/21/1 2478/21/1 2477/21/1
f 2480/22/425 2475/21/424 2477/21/423
f 2475/21/424 2480/22/425 2481/22/426
f 2477/21/429 2475/21/428 2480/22/427
f 2481/22/430 2480/22/427 2475/21/428
f 2478/21/433 2482/22/432 2479/21/431
f 2482/22/432 2478/21/433 2483/22/434
f 2479/21/437 2482/22/436 2478/21/435
f 2483/22/438 2478/21/435 2482/22/436
f 2479/21/431 2480/22/425 2477/21/423
f 2480/22/425 2479/21/431 2482/22/432
f 2477/21/429 2480/22/427 2479/21/437
f 2482/22/436 2479/21/437 2480/22/427
f 2484/22/440 2478/21/433 2476/21/439
f 2478/21/433 2484/22/440 2483/22/434
f 2476/21/442 2478/21/435 2484/22/441
f 2483/22/438 2484/22/441 2478/21/435
f 2481/22/426 2474/21/443 2475/21/424
f 2474/21/443 2481/22/426 2485/22/444
f 2475/21/428 2474/21/445 2481/22/430
f 2485/22/446 2481/22/430 2474/21/445
f 2485/22/444 2476/21/439 2474/21/443
f 2476/21/439 2485/22/444 2484/22/440
f 2474/21/445 2476/21/442 2485/22/446
f 2484/22/441 2485/22/446 2476/21/442
f 2488/19/449 2487/19/448 2486/19/447
f 2487/19/448 2488/19/449 2489/19/450
f 2487/19/448 2489/19/450 2490/19/451
f 2490/19/451 2489/19/450 2491/19/452
f 2486/19/455 2487/19/454 2488/19/453
f 2489/19/456 2488/19/453 2487/19/454
f 2490/19/457 2489/19/456 2487/19/454
f 2491/19/458 2489/19/456 2490/19/457
f 2480/22/425 2491/19/452 2489/19/450
f 2491/19/452 2480/22/425 2482/22/432
f 2489/19/456 2491/19/458 2480/22/427
f 2482/22/436 2480/22/427 2491/19/458
f 2487/19/448 2483/22/434 2484/22/440
f 2483/22/434 2487/19/448 2490/19/451
f 2484/22/441 2483/22/438 2487/19/454
f 2490/19/457 2487/19/454 2483/22/438
f 2481/22/426 2486/19/447 2485/22/444
f 2486/19/447 2481/22/426 2488/19/449
f 2485/22/446 2486/19/455 2481/22/430
f 2488/19/453 2481/22/430 2486/19/455
f 2491/19/452 2483/22/434 2490/19/451
f 2483/22/434 2491/19/452 2482/22/432
f 2490/19/457 2483/22/438 2491/19/458
f 2482/22/436 2491/19/458 2483/22/438
f 2486/19/447 2484/22/440 2485/22/444
f 2484/22/440 2486/19/447 2487/19/448
f 2485/22/446 2484/22/441 2486/19/455
f 2487/19/454 2486/19/455 2484/22/441
f 2480/22/425 2488/19/449 2481/22/426
f 2488/19/449 2480/22/425 2489/19/450
f 2481/22/430 2488/19/453 2480/22/427
f 2489/19/456 2480/22/427 2488/19/453
f 2494/21/2 2493/21/2 2492/21/2
f 2493/21/2 2494/21/2 2495/21/2
f 2495/21/2 2494/21/2 2496/21/2
f 2495/21/2 2496/21/2 2497/21/2
f 2492/21/1 2493/21/1 2494/21/1
f 2495/21/1 2494/21/1 2493/21/1
f 2496/21/1 2494/21/1 2495/21/1
f 2497/21/1 2496/21/1 2495/21/1
f 2498/22/669 2493/21/668 2495/21/667
f 2493/21/668 2498/22/669 2499/22/670
f 2495/21/673 2493/21/672 2498/22/671
f 2499/22/674 2498/22/671 2493/21/672
f 2496/21/677 2500/22/676 2497/21/675
f 2500/22/676 2496/21/677 2501/22/678
f 2497/21/681 2500/22/680 2496/21/679
f 2501/22/682 2496/21/679 2500/22/680
f 2497/21/675 2498/22/669 2495/21/667
f 2498/22/669 2497/21/675 2500/22/676
f 2495/21/673 2498/22/671 2497/21/681
f 2500/22/680 2497/21/681 2498/22/671
f 2502/22/684 2496/21/677 2494/21/683
f 2496/21/677 2502/22/684 2501/22/678
f 2494/21/686 2496/21/679 2502/22/685
f 2501/22/682 2502/22/685 2496/21/679
f 2499/22/670 2492/21/687 2493/21/668
f 2492/21/687 2499/22/670 2503/22/688
f 2493/21/672 2492/21/689 2499/22/674
f 2503/22/690 2499/22/674 2492/21/689
f 2503/22/688 2494/21/683 2492/21/687
f 2494/21/683 2503/22/688 2502/22/684
f 2492/21/689 2494/21/686 2503/22/690
f 2502/22/685 2503/22/690 2494/21/686
f 2506/19/693 2505/19/692 2504/19/691
f 2505/19/692 2506/19/693 2507/19/694
f 2505/19/692 2507/19/694 2508/19/695
f 2508/19/695 2507/19/694 2509/19/696
f 2504/19/699 2505/19/698 2506/19/697
f 2507/19/700 2506/19/697 2505/19/698
f 2508/19/701 2507/19/700 2505/19/698
f 2509/19/702 2507/19/700 2508/19/701
f 2498/22/669 2509/19/696 2507/19/694
f 2509/19/696 2498/22/669 2500/22/676
f 2507/19/700 2509/19/702 2498/22/671
f 2500/22/680 2498/22/671 2509/19/702
f 2505/19/692 2501/22/678 2502/22/684
f 2501/22/678 2505/19/692 2508/19/695
f 2502/22/685 2501/22/682 2505/19/698
f 2508/19/701 2505/19/698 2501/22/682
f 2499/22/670 2504/19/691 2503/22/688
f 2504/19/691 2499/22/670 2506/19/693
f 2503/22/690 2504/19/699 2499/22/674
f 2506/19/697 2499/22/674 2504/19/699
f 2509/19/696 2501/22/678 2508/19/695
f 2501/22/678 2509/19/696 2500/22/676
f 2508/19/701 2501/22/682 2509/19/702
f 2500/22/680 2509/19/702 2501/22/682
f 2504/19/691 2502/22/684 2503/22/688
f 2502/22/684 2504/19/691 2505/19/692
f 2503/22/690 2502/22/685 2504/19/699
f 2505/19/698 2504/19/699 2502/22/685
f 2498/22/669 2506/19/693 2499/22/670
f 2506/19/693 2498/22/669 2507/19/694
f 2499/22/674 2506/19/697 2498/22/671
f 2507/19/700 2498/22/671 2506/19/697
f 2512/21/2 2511/21/2 2510/21/2
f 2511/21/2 2512/21/2 2513/21/2
f 2513/21/2 2512/21/2 2514/21/2
f 2513/21/2 2514/21/2 2515/21/2
f 2510/21/1 2511/21/1 2512/21/1
f 2513/21/1 2512/21/1 2511/21/1
f 2514/21/1 2512/21/1 2513/21/1
f 2515/21/1 2514/21/1 2513/21/1
f 2516/22/2073 2511/21/2072 2513/21/2071
f 2511/21/2072 2516/22/2073 2517/22/2074
f 2513/21/2077 2511/21/2076 2516/22/2075
f 2517/22/2078 2516/22/2075 2511/21/2076
f 2514/21/2081 2518/22/2080 2515/21/2079
f 2518/22/2080 2514/21/2081 2519/22/2082
f 2515/21/2085 2518/22/2084 2514/21/2083
f 2519/22/2086 2514/21/2083 2518/22/2084
f 2515/21/2079 2516/22/2073 2513/21/2071
f 2516/22/2073 2515/21/2079 2518/22/2080
f 2513/21/2077 2516/22/2075 2515/21/2085
f 2518/22/2084 2515/21/2085 2516/22/2075
f 2520/22/2088 2514/21/2081 2512/21/2087
f 2514/21/2081 2520/22/2088 2519/22/2082
f 2512/21/2090 2514/21/2083 2520/22/2089
f 2519/22/2086 2520/22/2089 2514/21/2083
f 2517/22/2074 2510/21/2091 2511/21/2072
f 2510/21/2091 2517/22/2074 2521/22/2092
f 2511/21/2076 2510/21/2093 2517/22/2078
f 2521/22/2094 2517/22/2078 2510/21/2093
f 2521/22/2092 2512/21/2087 2510/21/2091
f 2512/21/2087 2521/22/2092 2520/22/2088
f 2510/21/2093 2512/21/2090 2521/22/2094
f 2520/22/2089 2521/22/2094 2512/21/2090
f 2524/19/2097 2523/19/2096 2522/19/2095
f 2523/19/2096 2524/19/2097 2525/19/2098
f 2523/19/2096 2525/19/2098 2526/19/2099
f 2526/19/2099 2525/19/2098 2527/19/2100
f 2522/19/2103 2523/19/2102 2524/19/2101
f 2525/19/2104 2524/19/2101 2523/19/2102
f 2526/19/2105 2525/19/2104 2523/19/2102
f 2527/19/2106 2525/19/2104 2526/19/2105
f 2516/22/2073 2527/19/2100 2525/19/2098
f 2527/19/2100 2516/22/2073 2518/22/2080
f 2525/19/2104 2527/19/2106 2516/22/2075
f 2518/22/2084 2516/22/2075 2527/19/2106
f 2523/19/2096 2519/22/2082 2520/22/2088
f 2519/22/2082 2523/19/2096 2526/19/2099
f 2520/22/2089 2519/22/2086 2523/19/2102
f 2526/19/2105 2523/19/2102 2519/22/2086
f 2517/22/2074 2522/19/2095 2521/22/2092
f 2522/19/2095 2517/22/2074 2524/19/2097
f 2521/22/2094 2522/19/2103 2517/22/2078
f 2524/19/2101 2517/22/2078 2522/19/2103
f 2527/19/2100 2519/22/2082 2526/19/2099
f 2519/22/2082 2527/19/2100 2518/22/2080
f 2526/19/2105 2519/22/2086 2527/19/2106
f 2518/22/2084 2527/19/2106 2519/22/2086
f 2522/19/2095 2520/22/2088 2521/22/2092
f 2520/22/2088 2522/19/2095 2523/19/2096
f 2521/22/2094 2520/22/2089 2522/19/2103
f 2523/19/2102 2522/19/2103 2520/22/2089
f 2516/22/2073 2524/19/2097 2517/22/2074
f 2524/19/2097 2516/22/2073 2525/19/2098
f 2517/22/2078 2524/19/2101 2516/22/2075
f 2525/19/2104 2516/22/2075 2524/19/2101
