mtllib flat.mtl
v 0.145435 0.000333 -0.040881
v 0.086236 0.000333 -0.063971
v 0.027036 0.000333 -0.040881
v 0.002515 0.000333 0.014863
v 0.027036 0.000333 0.070608
v 0.086236 0.000333 0.093698
v 0.145435 0.000333 0.070608
v 0.169957 0.000333 0.014863
v 0.140897 0.084157 -0.054885
v 0.097583 0.078117 -0.07178
v 0.054269 0.084157 -0.054885
v 0.036328 0.098737 -0.014099
v 0.054269 0.113318 0.026687
v 0.097583 0.119357 0.043581
v 0.140897 0.113318 0.026687
v 0.158838 0.098737 -0.014099
v 0.143166 0.125677 -0.060088
v 0.108929 0.120903 -0.073442
v 0.060512 0.137202 -0.02785
v 0.074693 0.148727 0.004388
v 0.108929 0.153501 0.017742
v 0.157347 0.137202 -0.02785
v 0.083118 0.230257 -0.061116
v 0.061273 0.199501 -0.082794
v 0.039428 0.189457 -0.046531
v 0.045826 0.202756 -0.028182
v 0.061273 0.220214 -0.024853
v 0.07672 0.231605 -0.038495
v 0.009077 0.215516 -0.091928
v 0.007182 0.196314 -0.074495
v 0.006396 0.19506 -0.048534
v 0.009077 0.23839 -0.027942
v 0.010973 0.257591 -0.045375
v 0.011759 0.258845 -0.071336
v -0.071679 0.209368 -0.073137
v -0.065812 0.190437 -0.074441
v -0.059944 0.176623 -0.061431
v -0.059944 0.188977 -0.026871
v -0.065812 0.207909 -0.025567
v -0.071679 0.221723 -0.038577
v -0.131707 0.164364 -0.055843
v -0.113384 0.136914 -0.04603
v -0.113384 0.148504 -0.013607
v -0.122546 0.16463 -0.011799
v -0.135502 0.175845 -0.041664
v -0.189896 0.122038 -0.022429
v -0.154317 0.110266 -0.056006
v -0.129158 0.11392 -0.046245
v -0.118737 0.122449 -0.022576
v -0.129158 0.130858 0.001136
v -0.179475 0.130567 0.00124
v -0.179475 0.058069 -0.026279
v -0.165664 0.000333 -0.032173
v -0.129158 0.05836 -0.026383
v -0.118737 0.066889 -0.002714
v -0.129158 0.075298 0.020998
v -0.154317 0.078661 0.030863
v -0.189896 0.066478 -0.002567
v -0.201034 0.000333 -0.018304
v -0.130293 0.000333 -0.01845
v -0.115642 0.000333 0.014826
v -0.130293 0.000333 0.048163
v -0.201034 0.000333 0.048309
v -0.215685 0.000333 0.015033
v -0.392065 0.41827 -0.173737
v -0.41517 0.42765 -0.164252
v -0.407468 0.43703 -0.154767
v -0.392065 0.43703 -0.154767
v -0.384364 0.42765 -0.164252
v -0.424045 0.457291 -0.203878
v -0.43698 0.457291 -0.203878
v -0.443448 0.465168 -0.195913
v -0.424045 0.473045 -0.187948
v -0.480208 0.5097 -0.239952
v -0.499611 0.501824 -0.247917
v -0.506078 0.5097 -0.239952
v -0.499611 0.517577 -0.231987
v -0.486676 0.517577 -0.231987
v -0.532225 0.531782 -0.277544
v -0.54516 0.531782 -0.277544
v -0.532225 0.547535 -0.261614
v 0.315354 0.985401 -0.428903
v 0.274406 1.0217 0.112488
v 0.388354 1.020674 -0.309859
v 0.323893 0.801872 -0.450798
v 0.119484 0.648496 -0.078474
v -0.234121 0.827958 0.0366
v -0.235333 1.014798 0.058947
v -0.070402 0.925594 -0.572832
v -0.27737 0.940513 -0.41026
v 0.407722 0.959682 -0.048462
v 0.401575 0.795058 -0.050939
v 0.363459 0.729331 -0.157221
v 0.023815 1.048583 0.169647
v 0.089029 1.070065 -0.557641
v 0.067616 0.766023 -0.557577
v 0.00486 0.754778 0.120518
v -0.063423 0.669804 -0.334276
v -0.26389 1.080816 -0.237336
v -0.290995 0.779725 -0.248534
v 0.268596 0.686637 -0.424112
v 0.450904 0.661635 -0.21685
v 0.079726 0.802952 -0.401633
v -0.20123 0.706182 -0.402694
v 0.114401 0.523144 -0.455989
v 0.3403 0.537586 -0.328144
v 0.430923 0.719823 -0.129444
v -0.269918 0.627971 0.065841
v -0.291278 0.409378 -0.22599
v 0.316101 0.424218 -0.186216
v -0.182029 0.492288 0.139541
v -0.17625 0.53192 -0.441209
v 0.128281 0.830954 -0.155226
v -0.362761 0.511198 -0.054194
v -0.221567 0.730593 -0.090536
v -0.323763 0.690647 -0.160922
v 0.192987 0.393748 -0.256297
v -0.004576 0.36563 0.144787
v -0.0548 0.322789 -0.111023
v 0.403587 0.478576 -0.105055
v 0.272678 0.549031 0.163833
v 0.275831 0.464176 0.134625
v -0.377227 0.401124 -0.176027
v -0.386533 0.427059 -0.163369
v -0.374588 0.425167 -0.15071
v -0.363963 0.411253 -0.15071
v -0.365282 0.399232 -0.163369
v -0.325429 0.418307 -0.19188
v -0.346513 0.433072 -0.203705
v -0.345281 0.444302 -0.19188
v -0.334123 0.442535 -0.180055
v -0.324197 0.429537 -0.180055
v -0.296677 0.453881 -0.237543
v -0.306253 0.466421 -0.237543
v -0.294299 0.475549 -0.214726
v -0.284723 0.46301 -0.214726
v -0.247006 0.499039 -0.260927
v -0.262607 0.513284 -0.272336
v -0.266158 0.524118 -0.260927
v -0.255393 0.522412 -0.249519
v -0.347085 0.000333 -0.211631
v -0.399408 0.000333 -0.233304
v -0.451731 0.000333 -0.211631
v -0.473404 0.000333 -0.159309
v -0.451731 0.000333 -0.106986
v -0.399408 0.000333 -0.126384
v -0.347085 0.000333 -0.106986
v -0.325413 0.000333 -0.159309
v -0.34822 0.0822 -0.201419
v -0.390331 0.0822 -0.218862
v -0.432441 0.0822 -0.201419
v -0.449884 0.0822 -0.159309
v -0.432441 0.0822 -0.117198
v -0.34822 0.0822 -0.117198
v -0.330777 0.0822 -0.159309
v -0.367637 0.148011 -0.185164
v -0.393492 0.148011 -0.159309
v -0.367637 0.148011 -0.133454
v -0.341782 0.148011 -0.159309
v -0.2613 0.241055 -0.159309
v -0.279132 0.241055 -0.17714
v -0.291741 0.241055 -0.171917
v -0.296963 0.241055 -0.159309
v -0.279132 0.241055 -0.141477
v -0.266523 0.241055 -0.1467
v -0.279132 0.270557 -0.17714
v -0.291067 0.266491 -0.171917
v -0.291067 0.266491 -0.1467
v -0.262253 0.276307 -0.159309
v -0.354021 0.338638 -0.17714
v -0.365956 0.334572 -0.171917
v -0.3709 0.332887 -0.159309
v -0.365956 0.334572 -0.1467
v -0.354021 0.338638 -0.141477
v -0.337142 0.344388 -0.159309
v -0.359288 0.42096 -0.175321
v -0.374445 0.415796 -0.181954
v -0.395881 0.408493 -0.159309
v -0.374445 0.415796 -0.136663
v -0.359288 0.42096 -0.143296
v -0.353009 0.423099 -0.159309
v -0.574675 0.543575 -0.159309
v -0.590035 0.538342 -0.175535
v -0.605395 0.533109 -0.159309
v -0.590035 0.538342 -0.143082
v -0.465565 0.458048 -0.138876
v -0.484906 0.451458 -0.159309
v -0.479241 0.453388 -0.173757
v -0.451889 0.462707 -0.173757
v -0.451889 0.462707 -0.144861
v 0.085787 0.192345 -0.069574
v 0.075161 0.20564 -0.073677
v 0.078878 0.216759 -0.069382
v 0.084191 0.214582 -0.052844
v 0.094817 0.201287 -0.04874
v 0.100129 0.190169 -0.061176
v 0.145516 0.227003 -0.087367
v 0.13559 0.239423 -0.0912
v 0.130627 0.24981 -0.079583
v 0.145516 0.235357 -0.0603
v 0.150479 0.22497 -0.071917
v 0.196084 0.293991 -0.111864
v 0.189841 0.307056 -0.097251
v 0.196084 0.304499 -0.077817
v 0.20857 0.288876 -0.072995
v 0.214813 0.275811 -0.087608
v 0.22724 0.404148 -0.144457
v 0.207142 0.403795 -0.145753
v 0.197094 0.411148 -0.129377
v 0.207142 0.414303 -0.111705
v 0.22724 0.419485 -0.11041
v 0.237288 0.416684 -0.126785
v 0.472711 0.771271 -0.023607
v 0.394832 0.74822 -0.03075
v 0.478944 0.738685 -0.022671
v 0.407134 0.71743 -0.029258
v 0.479309 0.738644 -0.026521
v 0.407499 0.717389 -0.033108
v 0.395197 0.748179 -0.0346
v 0.473076 0.77123 -0.027456
v 0.431706 0.694685 -0.025968
v 0.455205 0.687112 -0.028769
v 0.432071 0.694644 -0.029818
v 0.47312 0.705573 -0.022874
v 0.473485 0.705533 -0.026724
v 0.449149 0.791121 -0.026051
v 0.433237 0.794452 -0.027595
v 0.449514 0.791081 -0.029901
v 0.433603 0.794412 -0.031445
v 0.415536 0.789213 -0.029219
v 0.403953 0.777744 -0.030197
v 0.404318 0.777704 -0.034046
v 0.415901 0.789173 -0.033069
v 0.423474 0.796152 -0.034688
v 0.423144 0.796189 -0.031204
v 0.358857 0.719715 -0.027488
v 0.402142 0.704388 0.059975
v 0.39498 0.710584 -0.042618
v 0.434892 0.696452 0.03803
v 0.393759 0.706065 -0.042806
v 0.433671 0.691932 0.037843
v 0.400921 0.699869 0.059788
v 0.357636 0.715196 -0.027676
v 0.458351 0.691482 0.005102
v 0.458599 0.689418 -0.026099
v 0.445289 0.690403 -0.034972
v 0.45713 0.686962 0.004915
v 0.434304 0.699996 -0.043488
v 0.341111 0.723147 0.005306
v 0.34071 0.722435 0.025075
v 0.33989 0.718628 0.005119
v 0.339489 0.717915 0.024887
v 0.350548 0.718951 0.044955
v 0.366231 0.714253 0.056065
v 0.36501 0.709733 0.055877
v 0.349328 0.714431 0.044767
v 0.338978 0.714697 0.037531
v 0.340083 0.718787 0.0377
v 0.763188 0.576692 0.006845
v 0.70879 0.566025 0.066632
v 0.745448 0.553602 -0.009084
v 0.695288 0.543766 0.046044
v 0.743222 0.556368 -0.010616
v 0.693063 0.546533 0.044513
v 0.706564 0.568791 0.0651
v 0.760962 0.579458 0.005313
v 0.693631 0.525735 0.017688
v 0.698592 0.521308 -0.005944
v 0.696577 0.523812 -0.00733
v 0.691405 0.528501 0.016157
v 0.721238 0.530977 -0.014771
v 0.763943 0.592119 0.033614
v 0.757989 0.595531 0.048432
v 0.761718 0.594885 0.032083
v 0.755763 0.598297 0.0469
v 0.745624 0.593106 0.062021
v 0.732374 0.585928 0.068311
v 0.730148 0.588695 0.06678
v 0.743399 0.595873 0.06049
v 0.750338 0.601848 0.055508
v 0.752353 0.599344 0.056894
v -0.546544 0.902594 0.005958
v -0.62136 0.870796 0.012195
v -0.536336 0.871835 0.013118
v -0.605322 0.842514 0.018868
v -0.536285 0.870975 0.009348
v -0.605271 0.841654 0.015099
v -0.621309 0.869935 0.008425
v -0.546493 0.901734 0.002189
v -0.577979 0.823672 0.024276
v -0.554064 0.818465 0.022368
v -0.554017 0.817686 0.018956
v -0.577927 0.822812 0.020507
v -0.538084 0.839097 0.020566
v -0.538033 0.838237 0.016796
v -0.572467 0.91892 0.001878
v -0.588738 0.920201 0.001364
v -0.572416 0.91806 -0.001891
v -0.588687 0.919341 -0.002406
v -0.605744 0.912973 0.002782
v -0.615886 0.900466 0.005498
v -0.615834 0.899606 0.001728
v -0.605692 0.912113 -0.000988
v -0.599183 0.919284 -0.004848
v -0.599229 0.920062 -0.001436
v 0.112182 0.576692 0.184104
v 0.031533 0.566025 0.178689
v 0.113623 0.553602 0.160305
v 0.039258 0.543766 0.155312
v 0.113438 0.556368 0.15761
v 0.039073 0.546533 0.152617
v 0.031348 0.568791 0.175993
v 0.111997 0.579458 0.181408
v 0.060432 0.525735 0.136379
v 0.082023 0.521308 0.125567
v 0.060247 0.528501 0.133684
v 0.10302 0.530977 0.137811
v 0.102835 0.533744 0.135115
v 0.091689 0.592118 0.201344
v 0.076383 0.595531 0.205897
v 0.091504 0.594885 0.198649
v 0.076198 0.598297 0.203201
v 0.058052 0.593106 0.204666
v 0.044885 0.585928 0.198201
v 0.0447 0.588694 0.195506
v 0.057867 0.595873 0.20197
v 0.081856 0.523812 0.123127
v 0.066084 0.601848 0.204306
v 0.066251 0.599344 0.206746
v -0.007434 0.544052 0.167912
v 0.044888 0.470017 0.207149
v 0.024487 0.548757 0.143911
v 0.072732 0.48049 0.180091
v 0.0226 0.545785 0.140819
v 0.070845 0.477518 0.176999
v 0.043001 0.467045 0.204057
v -0.009321 0.541081 0.16482
v 0.090384 0.500976 0.149628
v 0.085975 0.522207 0.127097
v 0.084267 0.519517 0.124299
v 0.088497 0.498004 0.146536
v 0.061316 0.542106 0.12783
v 0.05943 0.539134 0.124738
v -0.019736 0.522606 0.196035
v -0.017479 0.507765 0.208923
v -0.021623 0.519634 0.192943
v -0.019366 0.504793 0.205831
v -0.005586 0.490937 0.217841
v 0.010628 0.47964 0.218806
v 0.008742 0.476668 0.215714
v -0.007473 0.487965 0.21475
v -0.018577 0.493401 0.212162
v -0.01687 0.496091 0.21496
v 0.676116 0.544052 0.090444
v 0.739382 0.470017 0.073874
v 0.677174 0.548757 0.050521
v 0.73551 0.48049 0.035242
v 0.67358 0.545785 0.050075
v 0.731916 0.477518 0.034796
v 0.735788 0.467045 0.073429
v 0.672522 0.541081 0.089999
v 0.722633 0.500976 0.002473
v 0.702248 0.522207 -0.008086
v 0.698995 0.519517 -0.008489
v 0.719039 0.498004 0.002028
v 0.687486 0.542106 0.011679
v 0.683892 0.539134 0.011233
v 0.690488 0.522606 0.117568
v 0.701984 0.507765 0.123815
v 0.686893 0.519634 0.117122
v 0.69839 0.504793 0.12337
v 0.716364 0.490937 0.120049
v 0.727204 0.47964 0.107951
v 0.723609 0.476668 0.107506
v 0.71277 0.487965 0.119604
v 0.703838 0.493401 0.12669
v 0.707091 0.496091 0.127093
v -0.062008 1.041613 0.163833
v -0.141117 1.025422 0.152557
v -0.057136 1.016717 0.142432
v -0.13008 1.001787 0.132035
v -0.057231 1.019226 0.139491
v -0.130175 1.004296 0.129094
v -0.141211 1.027931 0.149617
v -0.062103 1.044123 0.160892
v -0.106308 0.983589 0.116684
v -0.083614 0.979637 0.108195
v -0.106402 0.986098 0.113743
v -0.064383 0.991629 0.121257
v -0.064477 0.994138 0.118316
v -0.084805 1.057121 0.177798
v -0.100627 1.059929 0.180703
v -0.084899 1.05963 0.174857
v -0.100721 1.062439 0.177762
v -0.118608 1.056249 0.17814
v -0.130715 1.047724 0.171254
v -0.130809 1.050233 0.168314
v -0.118702 1.058758 0.175199
v -0.0837 0.981908 0.105533
v -0.111076 1.065421 0.177676
v -0.110991 1.06315 0.180338
v 0.444473 0.940963 -0.076683
v 0.422548 0.924771 0.000158
v 0.423933 0.916066 -0.084419
v 0.403717 0.901136 -0.013566
v 0.421007 0.918575 -0.084726
v 0.400791 0.903645 -0.013872
v 0.419622 0.92728 -0.000148
v 0.441547 0.943472 -0.076989
v 0.39174 0.882938 -0.039204
v 0.388814 0.885447 -0.03951
v 0.386414 0.878986 -0.062841
v 0.401969 0.890978 -0.080118
v 0.399043 0.893488 -0.080425
v 0.383766 0.881257 -0.063118
v 0.45521 0.95647 -0.0522
v 0.455937 0.959278 -0.03613
v 0.452284 0.958979 -0.052506
v 0.453011 0.961788 -0.036436
v 0.450953 0.955598 -0.018664
v 0.442486 0.947073 -0.007606
v 0.43956 0.949583 -0.007912
v 0.448027 0.958108 -0.01897
v 0.451518 0.96477 -0.026189
v 0.454166 0.962499 -0.025912
v 0.405669 0.899529 0.034731
v 0.462446 0.832582 -0.010578
v 0.388921 0.904188 -0.00153
v 0.441274 0.842458 -0.04331
v 0.385795 0.900849 -0.000515
v 0.438147 0.839119 -0.042295
v 0.45932 0.829244 -0.009563
v 0.402543 0.89619 0.035746
v 0.413584 0.861352 -0.066453
v 0.38868 0.880262 -0.066306
v 0.385851 0.87724 -0.065387
v 0.410458 0.858013 -0.065437
v 0.432354 0.87982 0.052099
v 0.446804 0.866305 0.052157
v 0.429228 0.876481 0.053114
v 0.443678 0.862966 0.053172
v 0.45971 0.851088 0.041858
v 0.465304 0.840968 0.025804
v 0.462178 0.837629 0.026819
v 0.456583 0.84775 0.042874
v 0.451105 0.852229 0.053337
v 0.453935 0.855251 0.052418
v -0.241372 0.68026 0.051251
v -0.18905 0.648972 0.12898
v -0.209451 0.66838 0.029873
v -0.161206 0.639529 0.101545
v -0.211338 0.664115 0.029426
v -0.163093 0.635264 0.101098
v -0.190937 0.644706 0.128533
v -0.243259 0.675995 0.050804
v -0.143554 0.635545 0.065051
v -0.147963 0.637245 0.03414
v -0.149671 0.633385 0.033736
v -0.145441 0.63128 0.064604
v -0.172622 0.652927 0.021869
v -0.174508 0.648662 0.021422
v -0.253675 0.682001 0.086576
v -0.251417 0.678968 0.105996
v -0.255561 0.677736 0.086129
v -0.253304 0.674702 0.105549
v -0.239524 0.671856 0.123664
v -0.22331 0.663843 0.131685
v -0.225197 0.659578 0.131238
v -0.241411 0.667591 0.123217
v -0.252515 0.670077 0.117734
v -0.250808 0.673938 0.118138
v -0.177663 1.00018 0.140534
v -0.125056 0.933233 0.190625
v -0.144015 1.004839 0.119012
v -0.095507 0.943109 0.1652
v -0.145446 1.0015 0.116053
v -0.096938 0.93977 0.16224
v -0.126487 0.929894 0.187666
v -0.179094 0.996841 0.137575
v -0.076343 0.962002 0.134622
v -0.079874 0.980913 0.109969
v -0.081168 0.977891 0.10729
v -0.077774 0.958664 0.131662
v -0.105569 0.999194 0.106794
v -0.106999 0.995856 0.103835
v -0.191243 0.98047 0.169333
v -0.189336 0.966956 0.183657
v -0.192674 0.977132 0.166373
v -0.190766 0.963617 0.180697
v -0.177378 0.951739 0.195042
v -0.160713 0.941619 0.198402
v -0.162144 0.93828 0.195443
v -0.178809 0.9484 0.192082
v -0.18992 0.95288 0.188077
v -0.188625 0.955901 0.190756
v -0.121756 0.715648 0.042581
v -0.202405 0.704003 0.04532
v -0.120315 0.682654 0.039279
v -0.19468 0.671917 0.041805
v -0.1205 0.683031 0.035435
v -0.194865 0.672293 0.037961
v -0.20259 0.70438 0.041476
v -0.121941 0.716025 0.038737
v -0.173506 0.645926 0.03896
v -0.151915 0.635571 0.03355
v -0.152082 0.635912 0.030071
v -0.173691 0.646303 0.035116
v -0.130918 0.650857 0.036674
v -0.131103 0.651233 0.03283
v -0.142249 0.738556 0.045812
v -0.157555 0.7441 0.047091
v -0.142434 0.738933 0.041967
v -0.15774 0.744477 0.043247
v -0.175887 0.741453 0.047714
v -0.189053 0.731798 0.047401
v -0.189238 0.732175 0.043557
v -0.176071 0.74183 0.04387
v -0.167854 0.747904 0.041802
v -0.167687 0.747563 0.045281
v -0.062008 1.144342 -0.315929
v -0.141117 1.125622 -0.309693
v -0.057136 1.112301 -0.30877
v -0.13008 1.09504 -0.303019
v -0.057231 1.111445 -0.312539
v -0.130175 1.094184 -0.306789
v -0.141211 1.124766 -0.313462
v -0.062103 1.143485 -0.319699
v -0.106308 1.071855 -0.297611
v -0.083614 1.062688 -0.29952
v -0.0837 1.061912 -0.302931
v -0.106402 1.070998 -0.301381
v -0.064383 1.080328 -0.301322
v -0.064477 1.079471 -0.305091
v -0.084805 1.164808 -0.320009
v -0.100627 1.168815 -0.320524
v -0.084899 1.163951 -0.323779
v -0.100721 1.167959 -0.324293
v -0.118608 1.16456 -0.319106
v -0.130715 1.153944 -0.31639
v -0.130809 1.153087 -0.32016
v -0.118702 1.163704 -0.322876
v -0.111076 1.169673 -0.326735
v -0.110991 1.170448 -0.323324
v -0.177663 1.100893 -0.296649
v -0.125056 1.101014 -0.213037
v -0.144015 1.086427 -0.313252
v -0.095507 1.086539 -0.236155
v -0.145446 1.082059 -0.312345
v -0.096938 1.082171 -0.235249
v -0.126487 1.096645 -0.212131
v -0.179094 1.096524 -0.295742
v -0.076343 1.073326 -0.269583
v -0.079874 1.064872 -0.299481
v -0.081168 1.060919 -0.298661
v -0.077774 1.068958 -0.268677
v -0.105569 1.073259 -0.316033
v -0.106999 1.06889 -0.315127
v -0.191243 1.112191 -0.263632
v -0.189336 1.115592 -0.244234
v -0.192674 1.107823 -0.262725
v -0.190766 1.111223 -0.243328
v -0.177378 1.115619 -0.22523
v -0.160713 1.112262 -0.215109
v -0.162144 1.107893 -0.214202
v -0.178809 1.111251 -0.224323
v -0.18992 1.110719 -0.230308
v -0.188625 1.114673 -0.231129
v 0.285815 1.058827 -0.135712
v 0.339625 1.062647 -0.196846
v 0.269294 1.038189 -0.15578
v 0.318911 1.041711 -0.21215
v 0.271215 1.035189 -0.154276
v 0.320832 1.038711 -0.210646
v 0.341546 1.059647 -0.195343
v 0.287736 1.055827 -0.134208
v 0.290872 1.023315 -0.214868
v 0.271541 1.011133 -0.205891
v 0.27328 1.008418 -0.20453
v 0.292794 1.020315 -0.213365
v 0.262184 1.019939 -0.183106
v 0.264105 1.016939 -0.181602
v 0.31161 1.075823 -0.134761
v 0.325457 1.081352 -0.141423
v 0.313532 1.072823 -0.133258
v 0.327378 1.078352 -0.139919
v 0.337687 1.08222 -0.155318
v 0.342838 1.07804 -0.17024
v 0.344759 1.07504 -0.168736
v 0.339609 1.07922 -0.153814
v 0.337354 1.07996 -0.143663
v 0.335615 1.082675 -0.145024
v 0.625459 0.627535 -0.490052
v 0.54426 0.611125 -0.543864
v 0.600151 0.645308 -0.464347
v 0.525278 0.630176 -0.513967
v 0.599517 0.641221 -0.462145
v 0.524645 0.626089 -0.511765
v 0.543627 0.607038 -0.541662
v 0.624826 0.623449 -0.48785
v 0.519972 0.649968 -0.478761
v 0.533542 0.658663 -0.451965
v 0.532969 0.654964 -0.449972
v 0.519339 0.645881 -0.476559
v 0.565082 0.659085 -0.448866
v 0.564448 0.654998 -0.446664
v 0.625674 0.609748 -0.523002
v 0.616513 0.602551 -0.538994
v 0.625041 0.605661 -0.5208
v 0.615879 0.598464 -0.536792
v 0.598056 0.598821 -0.551225
v 0.578551 0.600224 -0.554232
v 0.577918 0.596137 -0.55203
v 0.597423 0.594734 -0.549023
v 0.609185 0.591597 -0.545652
v 0.609758 0.595296 -0.547645
v 0.551845 0.72857 -0.49299
v 0.608883 0.670314 -0.493601
v 0.534169 0.706634 -0.475442
v 0.586762 0.652917 -0.476006
v 0.535656 0.708055 -0.472168
v 0.588248 0.654338 -0.472731
v 0.61037 0.671735 -0.490326
v 0.553332 0.729991 -0.489715
v 0.557 0.647873 -0.461149
v 0.535966 0.655246 -0.450859
v 0.537312 0.656533 -0.447895
v 0.558487 0.649294 -0.457875
v 0.526482 0.678029 -0.459537
v 0.527969 0.67945 -0.456262
v 0.579316 0.731668 -0.506807
v 0.594032 0.725977 -0.511019
v 0.580803 0.733089 -0.503533
v 0.595519 0.727399 -0.507744
v 0.606996 0.712736 -0.511157
v 0.612417 0.69786 -0.507162
v 0.613904 0.699281 -0.503887
v 0.608483 0.714157 -0.507883
v 0.605796 0.724219 -0.508368
v 0.60445 0.722932 -0.511332
v 0.354494 1.058615 -0.240205
v 0.266922 1.101866 -0.255001
v 0.333194 1.03124 -0.219858
v 0.252446 1.07112 -0.2335
v 0.332631 1.028755 -0.22379
v 0.251883 1.068636 -0.237432
v 0.266359 1.099381 -0.258933
v 0.353931 1.056131 -0.244137
v 0.252188 1.036702 -0.211715
v 0.269167 1.012146 -0.202412
v 0.268658 1.009897 -0.205971
v 0.251625 1.034218 -0.215647
v 0.300838 1.012675 -0.203495
v 0.300276 1.01019 -0.207427
v 0.350055 1.090331 -0.259611
v 0.338774 1.104752 -0.267109
v 0.349492 1.087846 -0.263543
v 0.338211 1.102268 -0.271041
v 0.318869 1.114583 -0.270472
v 0.299233 1.115431 -0.268198
v 0.29867 1.112947 -0.27213
v 0.318306 1.112098 -0.274404
v 0.330221 1.109913 -0.277983
v 0.33073 1.112162 -0.274424
v -0.517331 0.662824 -0.519988
v -0.612489 0.646413 -0.540821
v -0.531641 0.680596 -0.486875
v -0.619384 0.665464 -0.506085
v -0.531436 0.67651 -0.484592
v -0.619179 0.661378 -0.503803
v -0.612284 0.642326 -0.538539
v -0.517126 0.658737 -0.517706
v -0.61161 0.685256 -0.471341
v -0.589274 0.693951 -0.451259
v -0.589088 0.690252 -0.449193
v -0.611405 0.681169 -0.469059
v -0.529038 0.645036 -0.550789
v -0.543359 0.637839 -0.562389
v -0.528833 0.640949 -0.548507
v -0.543154 0.633753 -0.560107
v -0.564988 0.634109 -0.567125
v -0.584262 0.635512 -0.56288
v -0.584057 0.631425 -0.560598
v -0.564783 0.630023 -0.564843
v -0.552598 0.626885 -0.56595
v -0.552784 0.630584 -0.568015
v -0.587032 0.763858 -0.496126
v -0.53407 0.705602 -0.517307
v -0.597174 0.741922 -0.473376
v -0.548338 0.688205 -0.492907
v -0.594604 0.743343 -0.47086
v -0.545769 0.689626 -0.490391
v -0.531501 0.707023 -0.514791
v -0.584463 0.76528 -0.49361
v -0.57072 0.683161 -0.468299
v -0.586614 0.690535 -0.451103
v -0.584288 0.691821 -0.448826
v -0.568151 0.684583 -0.465784
v -0.598593 0.713317 -0.455768
v -0.596023 0.714738 -0.453252
v -0.566411 0.766956 -0.518937
v -0.554212 0.761266 -0.528181
v -0.563841 0.768378 -0.516421
v -0.551642 0.762687 -0.525665
v -0.542174 0.748024 -0.532995
v -0.535675 0.733148 -0.531229
v -0.533105 0.734569 -0.528713
v -0.539604 0.749446 -0.530479
v -0.542285 0.759507 -0.529961
v -0.544611 0.75822 -0.532238
v -0.65321 0.840254 0.025239
v -0.601378 0.84925 0.10885
v -0.617604 0.831674 0.008636
v -0.56981 0.839968 0.085732
v -0.618277 0.827127 0.009542
v -0.570483 0.835421 0.086639
v -0.602051 0.844703 0.109757
v -0.653884 0.835707 0.026145
v -0.548691 0.830178 0.052304
v -0.550745 0.82125 0.022406
v -0.551354 0.817134 0.023227
v -0.549365 0.825631 0.053211
v -0.577487 0.825181 0.005854
v -0.57816 0.820634 0.006761
v -0.668502 0.8491 0.058256
v -0.667196 0.852773 0.077653
v -0.669175 0.844553 0.059163
v -0.667869 0.848226 0.07856
v -0.655414 0.854818 0.096658
v -0.638421 0.85432 0.106779
v -0.639094 0.849773 0.107686
v -0.656087 0.850271 0.097564
v -0.666949 0.847872 0.091579
v -0.66634 0.851987 0.090759
v 0.010263 0.444969 -0.373106
v 0.063225 0.393569 -0.338458
v 0.000122 0.45046 -0.341984
v 0.048957 0.403066 -0.310036
v 0.002692 0.453331 -0.341653
v 0.051527 0.405936 -0.309705
v 0.065795 0.39644 -0.338127
v 0.012833 0.44784 -0.372776
v 0.026575 0.419997 -0.291481
v 0.010681 0.438241 -0.287327
v 0.013007 0.440839 -0.287028
v 0.029145 0.422868 -0.29115
v -0.001297 0.447872 -0.308494
v 0.001272 0.450742 -0.308163
v 0.030884 0.428346 -0.389031
v 0.043084 0.417523 -0.389868
v 0.033454 0.431216 -0.3887
v 0.045653 0.420393 -0.389537
v 0.055122 0.40584 -0.381992
v 0.061621 0.398516 -0.368924
v 0.06419 0.401387 -0.368593
v 0.057691 0.40871 -0.381662
v 0.055011 0.415048 -0.389493
v 0.052685 0.41245 -0.389792
v 0.404079 0.1532 -0.172472
v 0.384058 0.138941 -0.172472
v 0.374048 0.131811 -0.151185
v 0.384058 0.131704 -0.129899
v 0.404079 0.1532 -0.129899
v 0.325942 0.259198 -0.168982
v 0.309204 0.247276 -0.168982
v 0.300835 0.241315 -0.151185
v 0.325942 0.259198 -0.133388
v 0.334312 0.265159 -0.151185
v 0.306668 0.29684 -0.162003
v 0.291407 0.28597 -0.151185
v 0.296494 0.289593 -0.140368
v 0.306668 0.29684 -0.140368
v 0.311755 0.300463 -0.151185
v 0.306668 0.514872 -0.162003
v 0.296494 0.507625 -0.162003
v 0.291407 0.504002 -0.151185
v 0.296494 0.507625 -0.140368
v 0.306668 0.514872 -0.140368
v 0.242526 0.456085 -0.157765
v 0.247173 0.457633 -0.149281
v 0.233232 0.452988 -0.140797
v 0.228585 0.451439 -0.149281
v 0.257976 0.394722 -0.154454
v 0.262386 0.39875 -0.154454
v 0.264591 0.400765 -0.149281
v 0.262386 0.39875 -0.144108
v 0.257976 0.394722 -0.144108
v 0.255771 0.392708 -0.149281
v 0.300295 0.352083 -0.15925
v 0.301026 0.363571 -0.15925
v 0.299326 0.369315 -0.149281
v 0.29896 0.363571 -0.14151
v 0.298229 0.352083 -0.14151
v 0.297863 0.346339 -0.149281
v 0.431288 0.000333 -0.182858
v 0.40359 0.000333 -0.202982
v 0.369354 0.000333 -0.202982
v 0.341656 0.000333 -0.182858
v 0.341656 0.000333 -0.117736
v 0.40359 0.000333 -0.097613
v 0.431288 0.000333 -0.117736
v 0.441868 0.000333 -0.150297
v 0.429726 0.054836 -0.181723
v 0.36995 0.054836 -0.201145
v 0.343218 0.054836 -0.181723
v 0.343218 0.054836 -0.118871
v 0.36995 0.054836 -0.099449
v 0.402994 0.054836 -0.099449
v 0.439937 0.054836 -0.150297
v 0.428755 0.137461 -0.150297
v 0.389106 0.137461 -0.179103
v 0.373962 0.137461 -0.1681
v 0.368177 0.137461 -0.150297
v 0.389106 0.137461 -0.121491
v 0.42297 0.137461 -0.132494
v 0.46967 0.1833 -0.161289
v 0.447201 0.203566 -0.161289
v 0.447201 0.203566 -0.139305
v 0.46967 0.1833 -0.139305
v 0.50379 0.283465 -0.150297
v 0.479818 0.290318 -0.184614
v 0.44103 0.301407 -0.171506
v 0.44103 0.301407 -0.129088
v 0.458377 0.296448 -0.115981
v 0.497164 0.285359 -0.129088
v 0.528203 0.394719 -0.160721
v 0.500612 0.402607 -0.160721
v 0.500612 0.402607 -0.139873
v 0.509138 0.400169 -0.13343
v 0.528203 0.394719 -0.139873
v 0.509226 0.215071 -0.150297
v 0.500339 0.238929 -0.171303
v 0.496927 0.219227 -0.168082
v 0.484533 0.221864 -0.168082
v 0.487868 0.241461 -0.171001
v 0.470604 0.225044 -0.150297
v 0.473937 0.24481 -0.150297
v 0.474258 0.223982 -0.139305
v 0.477928 0.24363 -0.137623
v 0.496927 0.219227 -0.132512
v 0.500339 0.238929 -0.129291
v 0.505731 0.216128 -0.139305
v 0.511095 0.2354 -0.137397
v 0.50226 0.326205 -0.137488
v 0.478834 0.332902 -0.129571
v 0.468357 0.335897 -0.137488
v 0.464355 0.337041 -0.150297
v 0.468357 0.335897 -0.163107
v 0.491784 0.3292 -0.171023
v 0.506262 0.325061 -0.150297
v -0.043137 0.206864 -0.075036
v -0.063281 0.197222 -0.07206
v -0.073353 0.209528 -0.059806
v -0.063281 0.220103 -0.04265
v -0.033065 0.228813 -0.065758
v -0.067068 0.274381 -0.079821
v -0.093253 0.256861 -0.09211
v -0.101981 0.257669 -0.074664
v -0.075796 0.27519 -0.062375
v -0.12566 0.390795 -0.129087
v -0.145396 0.385106 -0.113995
v -0.138817 0.392013 -0.102789
v -0.12566 0.398311 -0.104733
v -0.119082 0.397702 -0.117882
v 0.816274 0.4298 -0.198833
v 0.72165 0.609854 0.060574
v 0.851725 0.703543 -0.259396
v 0.772391 0.555015 -0.408394
v 0.498494 0.385473 0.0636
v 0.298508 0.488182 -0.022397
v 0.286076 0.767059 -0.197596
v 0.366538 0.698414 -0.451735
v 0.453669 0.43596 -0.36589
v 0.259568 0.49457 -0.139466
v 0.840488 0.598985 -0.072487
v 0.800064 0.708547 -0.370641
v 0.5856 0.687635 0.038529
v 0.600951 0.802899 -0.437625
v 0.499894 0.822337 -0.243038
v 0.569123 0.550718 -0.482223
v 0.602829 0.354343 -0.156035
v 0.580467 0.565177 0.118243
v 0.320301 0.636786 0.015071
v 0.469553 0.692885 -0.470274
v 0.279144 0.684028 -0.371094
v 0.266093 0.516389 -0.272828
v 0.079964 0.366235 -0.305443
v -0.015194 0.339734 -0.304429
v 0.065654 0.403468 -0.300334
v -0.022089 0.379031 -0.299399
v 0.065859 0.402909 -0.295687
v -0.021884 0.378473 -0.294752
v -0.014989 0.339175 -0.299781
v 0.080169 0.365676 -0.300796
v -0.014315 0.41877 -0.294964
v 0.008022 0.440125 -0.290181
v 0.008207 0.439619 -0.285975
v -0.01411 0.418211 -0.290317
v 0.03855 0.433493 -0.295528
v 0.038755 0.432934 -0.290881
v 0.068257 0.330863 -0.309179
v 0.053936 0.317249 -0.310184
v 0.068463 0.330304 -0.304532
v 0.054141 0.31669 -0.305537
v 0.032307 0.311226 -0.309953
v 0.013034 0.315483 -0.308591
v 0.013239 0.314925 -0.303943
v 0.032512 0.310667 -0.305306
v 0.044697 0.307926 -0.30342
v 0.044512 0.308432 -0.307627
v -0.45344 0.917752 -0.405889
v -0.288149 0.749566 -0.498854
v -0.844991 0.759425 -0.3931
v -0.64741 0.573279 -0.486277
v -0.55182 0.497219 -0.379866
v -0.178804 0.561243 -0.142253
v -0.339033 0.831158 0.095235
v -0.471166 0.835629 0.111841
v -0.771342 0.479286 -0.278754
v -0.537961 0.550145 0.078819
v -0.526553 0.567323 -0.516145
v -0.398885 0.577544 -0.500165
v -0.393823 1.007084 -0.280055
v -0.241084 0.918207 -0.13271
v -0.758155 0.837063 -0.20855
v -0.170245 0.772459 -0.266034
v -0.678981 0.736391 0.110275
v -0.872667 0.552384 -0.116897
v -0.30705 0.660896 0.073853
v -0.761695 0.645867 0.128932
vn 0.3595 -0.145 -0.9218
vn 0.3762 -0.1328 -0.917
vn -0.3631 -0.0376 -0.931
vn -0.3679 -0.0396 -0.929
vn -0.8983 0.1924 -0.3951
vn -0.8666 0.2056 -0.4547
vn -0.8565 0.3529 0.3767
vn -0.8889 0.3805 0.255
vn -0.3314 0.4102 0.8497
vn -0.3813 0.3894 0.8384
vn 0.3422 0.3368 0.8772
vn 0.3824 0.3481 0.8559
vn 0.8987 0.1898 0.3953
vn 0.9211 0.2021 0.3329
vn 0.9152 -0.0151 -0.4026
vn 0.9174 -0.0167 -0.3976
vn 0.3764 -0.1354 -0.9165
vn -0.3557 0.0581 -0.9328
vn -0.8105 0.3389 -0.4777
vn -0.5367 0.4324 -0.7245
vn -0.8105 0.5649 0.1546
vn -0.3557 0.6363 0.6846
vn 0.3764 0.4763 0.7947
vn 0.9234 0.1605 0.3488
vn 0.6412 0.6129 0.4618
vn 0.9234 -0.097 -0.3715
vn 0.3493 0.1009 -0.9316
vn 0.4693 0.2612 -0.8435
vn -0.6858 -0.4808 -0.5463
vn -0.6829 -0.4742 -0.5557
vn -0.8709 -0.1928 0.452
vn -0.8743 -0.1936 0.4452
vn -0.3826 0.2874 0.8781
vn -0.4717 0.2565 0.8436
vn 0.2033 0.6259 0.7529
vn 0.6245 0.6519 0.4301
vn 0.8421 0.4974 0.2085
vn 0.759 0.431 -0.488
vn 0.2785 0.4132 -0.867
vn 0.0175 -0.9662 -0.2571
vn -0.0746 -0.6662 -0.742
vn -0.1639 -0.9851 -0.0525
vn -0.1679 -0.7695 0.6162
vn -0.3642 -0.3813 0.8497
vn -0.095 -0.1047 0.99
vn 0.178 0.6468 0.7416
vn 0.183 0.6508 0.7368
vn 0.3655 0.9296 0.048
vn 0.3619 0.9305 0.0559
vn 0.2841 0.3971 -0.8727
vn -0.2264 -0.0031 -0.974
vn 0.0537 -0.6741 -0.7367
vn 0.0536 -0.6725 -0.7382
vn 0.2744 -0.9608 -0.0381
vn 0.3161 -0.4231 0.8492
vn 0.1926 -0.924 0.3303
vn 0.0529 -0.0523 0.9972
vn -0.2309 0.6664 0.7089
vn -0.2264 0.6151 0.7552
vn -0.3956 0.9178 0.0324
vn -0.4827 0.8247 -0.2948
vn -0.2356 0.429 -0.8721
vn -0.2657 -0.0159 -0.9639
vn 0.0572 -0.6715 -0.7388
vn -0.0141 -0.345 -0.9385
vn 0.6231 -0.7365 0.2633
vn 0.2322 0.005 0.9726
vn 0.2268 0.0197 0.9737
vn -0.4134 0.5251 0.7439
vn -0.4558 0.75 0.4794
vn -0.5512 0.7857 -0.2809
vn -0.5834 0.5478 -0.5997
vn -0.616 0.2597 -0.7437
vn 0.3126 -0.1278 -0.9412
vn 0.3817 -0.2535 -0.8888
vn 0.9704 -0.2274 0.0813
vn 0.815 -0.5576 -0.1579
vn 0.815 -0.3311 0.4756
vn 0.5318 0.2101 0.8204
vn -0.8085 0.3418 0.4791
vn -0.0025 0.6891 0.7247
vn -0.6941 0.7184 0.0467
vn -0.6722 0.4771 -0.5662
vn -0.6969 -0.0706 -0.7137
vn -0.6788 -0.088 -0.729
vn 0.3827 -0.311 -0.87
vn 0.5016 -0.2324 -0.8333
vn 0.9239 -0.1288 -0.3603
vn 0.9239 0.1288 0.3603
vn 0.3827 0.311 0.87
vn -0.0011 0.4953 0.8687
vn -0.9239 0.1288 0.3603
vn -0.6958 0.0707 0.7148
vn -0.9239 -0.1288 -0.3603
vn -0.365 0.0077 -0.931
vn 0.3585 -0.1333 -0.924
vn 0.922 -0.0701 -0.3807
vn 0.9134 -0.0635 -0.4021
vn 0.9238 0.1371 0.3574
vn 0.9076 0.1308 0.3989
vn 0.3827 0.3096 0.8704
vn 0.002 0.2163 0.9763
vn -0.673 0.5188 0.5272
vn -0.8302 0.4209 0.3655
vn -0.8494 0.2532 -0.4631
vn -0.8882 0.2424 -0.3903
vn -0.4883 -0.7477 -0.45
vn -0.0 -0.8008 -0.599
vn -0.7865 -0.6169 -0.0286
vn -0.762 -0.0285 0.6469
vn -0.0 0.6776 0.7355
vn -0.4903 0.4577 0.7417
vn 0.7594 0.6501 -0.0263
vn 0.7336 0.08 -0.6748
vn 0.7767 0.4478 -0.4429
vn -0.0 -0.567 -0.8237
vn 0.4472 -0.2267 -0.8652
vn -0.6547 -0.7312 0.1916
vn -0.6547 -0.1997 0.7291
vn -0.4472 0.2267 0.8652
vn -0.0 0.567 0.8237
vn 0.6547 0.7312 -0.1916
vn 0.7445 0.4747 -0.4694
vn 0.4663 -0.3113 -0.8281
vn -0.0 -0.7032 -0.711
vn -0.6322 -0.7426 0.2211
vn -0.7193 -0.1039 0.6868
vn -0.0 0.7032 0.711
vn 0.6322 0.7426 -0.221
vn 0.6294 0.5525 -0.5464
vn 0.6847 -0.6969 -0.2133
vn 0.5591 0.8156 0.1489
vn 0.9911 0.0603 -0.1187
vn 0.9553 -0.1111 -0.2739
vn 0.3984 -0.8371 0.3748
vn 0.2262 -0.9381 -0.2623
vn 0.9707 -0.0327 -0.2379
vn 0.7623 -0.0382 0.6461
vn 0.1808 -0.5065 0.8431
vn 0.113 0.9932 0.0281
vn 0.544 0.6529 -0.5271
vn 0.5254 0.1249 -0.8416
vn 0.2431 -0.1678 -0.9554
vn 0.3498 0.2154 -0.9118
vn 0.2435 -0.9366 -0.2521
vn -0.3663 -0.8919 0.2654
vn -0.3896 -0.8982 0.2037
vn 0.5626 -0.5496 0.6176
vn 0.2012 -0.1742 0.9639
vn -0.3598 -0.1131 0.9261
vn -0.3752 -0.1293 0.9179
vn 0.0932 0.9956 0.0129
vn 0.1 0.992 0.0769
vn -0.5127 0.6274 -0.586
vn -0.2227 0.9468 0.2324
vn 0.2399 -0.9348 -0.262
vn -0.3541 -0.9079 0.2242
vn -0.5183 -0.5908 -0.6183
vn -0.5848 -0.5617 -0.5852
vn -0.9956 -0.0175 0.092
vn -0.3888 0.73 -0.562
vn -0.9956 -0.0177 0.092
vn -0.529 -0.5791 -0.6203
vn -0.9603 0.2342 0.1519
vn 0.4704 0.8246 -0.3143
vn -0.0399 0.1267 -0.9911
vn -0.0351 0.2231 -0.9742
vn -0.0433 0.2097 -0.9768
vn -0.052 -0.8556 -0.515
vn -0.8771 -0.0196 -0.48
vn 0.7449 -0.0689 -0.6636
vn 0.4847 -0.2967 -0.8229
vn 0.4288 0.8843 -0.185
vn -0.3239 0.9413 -0.0947
vn -0.3056 0.9475 -0.094
vn -0.8873 -0.0776 -0.4547
vn -0.8734 0.3748 0.311
vn -0.5365 0.772 0.3408
vn 0.3863 -0.6973 -0.6038
vn 0.4662 -0.7283 -0.5023
vn -0.2844 0.9573 -0.0527
vn 0.1462 0.5834 0.7989
vn -0.1487 0.8472 0.51
vn -0.9145 0.0376 -0.4028
vn -0.0576 -0.8508 -0.5224
vn -0.0645 -0.8489 -0.5247
vn 0.2575 -0.9657 -0.0325
vn 0.282 -0.9537 0.1044
vn -0.4315 -0.8721 0.2308
vn 0.7104 -0.604 -0.3613
vn 0.0315 0.8562 0.5156
vn -0.101 0.4236 0.9002
vn -0.7321 -0.109 0.6724
vn -0.4315 -0.8433 0.3203
vn -0.5534 -0.7613 0.3381
vn 0.3325 -0.9299 0.1575
vn 0.0145 0.0617 0.998
vn 0.4071 -0.8987 0.163
vn 0.8919 -0.0557 0.4488
vn 0.8786 -0.1259 0.4607
vn -0.0099 -0.3258 0.9454
vn -0.021 -0.643 -0.7655
vn -0.6061 0.1625 -0.7786
vn -0.8085 0.4665 -0.3587
vn -0.178 0.9347 0.3077
vn 0.4501 0.3437 0.8242
vn 0.637 -0.591 0.4949
vn 0.2044 -0.9213 -0.3307
vn -0.1431 -0.7351 -0.6627
vn -0.4321 -0.33 -0.8393
vn -0.7605 0.5085 -0.4037
vn -0.5392 0.8405 -0.0538
vn -0.3232 0.8425 0.431
vn 0.4427 0.3381 0.8305
vn 0.7708 -0.5002 0.3947
vn 0.7116 -0.6962 -0.0943
vn -0.2623 -0.2003 -0.944
vn 0.0228 -0.6096 -0.7924
vn -0.7775 0.607 0.1645
vn -0.776 0.3187 -0.5442
vn -0.43 0.7405 0.5165
vn 0.6601 -0.7498 -0.0458
vn 0.3799 0.1197 -0.9172
vn -0.3749 0.2012 -0.905
vn -0.893 0.2565 -0.3699
vn -0.893 0.2565 0.3699
vn 0.3474 0.035 0.9371
vn -0.3455 0.1114 0.9318
vn 0.9222 0.0604 0.382
vn 0.9222 0.0604 -0.382
vn 0.3622 0.3228 -0.8744
vn -0.3274 0.5177 -0.7905
vn -0.7244 0.6207 -0.3
vn -0.5332 0.6568 -0.5332
vn -0.7244 0.6207 0.3
vn -0.5332 0.6568 0.5332
vn 0.2505 -0.0075 0.9681
vn -0.3609 0.1219 0.9246
vn 0.913 0.1527 0.3782
vn 0.6603 0.3579 0.6603
vn 0.913 0.1527 -0.3782
vn 0.6603 0.3579 -0.6603
vn 0.6032 -0.5218 -0.6032
vn -0.3498 0.4056 -0.8445
vn -0.5701 0.5915 -0.5701
vn -0.7186 0.6285 -0.2976
vn -0.5701 0.5915 0.5701
vn 0.3681 -0.2735 0.8887
vn 0.588 -0.5553 0.588
vn 0.7217 -0.6243 0.299
vn 0.7071 -0.0 -0.7071
vn -0.3827 0.0101 -0.9238
vn -0.4009 -0.0 -0.9161
vn -0.9236 0.0245 -0.3826
vn -0.9742 0.2258 -0.0
vn -0.6951 -0.1834 0.6951
vn 0.359 0.3464 0.8667
vn 0.2995 0.289 0.9093
vn 0.9236 0.025 0.3826
vn 0.7229 0.0195 -0.6906
vn -0.2877 -0.3165 -0.9039
vn -0.6324 -0.6956 -0.3409
vn -0.6727 -0.7399 -0.0
vn -0.5737 -0.7516 0.3254
vn -0.2877 -0.3165 0.9039
vn 0.3275 0.2192 0.9191
vn 0.5061 0.5568 0.6587
vn 0.5061 0.5568 -0.6587
vn 0.3875 0.0451 -0.9207
vn -0.3527 -0.151 -0.9235
vn -0.8772 -0.2898 -0.3827
vn -0.6908 -0.1593 -0.7053
vn -0.8772 -0.2898 0.3827
vn -0.6908 -0.1593 0.7053
vn -0.3527 -0.151 0.9235
vn 0.3875 0.0451 0.9207
vn 0.715 0.0611 0.6965
vn 0.9068 0.1828 0.3799
vn 0.715 0.0611 -0.6965
vn 0.9068 0.1828 -0.3799
vn 0.2054 0.4873 -0.8487
vn -0.0378 0.1111 -0.9931
vn -0.3196 -0.7708 -0.5511
vn -0.4174 -0.8648 -0.2792
vn -0.3558 -0.7372 0.5745
vn 0.2054 0.4873 0.8487
vn 0.3918 0.8792 0.2711
vn 0.3283 0.9108 -0.2504
vn 0.411 0.9116 -0.0
vn -0.4385 -0.6471 0.6237
vn -0.5326 -0.786 -0.3138
vn -0.4627 -0.6167 -0.6368
vn -0.0398 0.1168 -0.9924
vn 0.4729 0.6033 -0.6422
vn 0.55 0.8351 -0.0
vn 0.3914 0.7008 0.5964
vn 0.2405 0.4187 0.8757
vn -0.0758 -0.3489 -0.9341
vn -0.4717 0.4505 -0.758
vn -0.4815 0.5411 -0.6895
vn -0.4815 0.8355 0.2646
vn -0.164 0.7244 0.6696
vn 0.0128 0.3042 0.9525
vn 0.5076 -0.5231 0.6846
vn 0.2487 -0.7458 -0.618
vn 0.5076 -0.8179 -0.2707
vn -0.0348 -0.32 -0.9468
vn -0.6174 0.4367 -0.6543
vn -0.4488 0.5135 0.7314
vn -0.6174 0.7295 0.2943
vn -0.0348 0.2693 0.9624
vn 0.552 -0.4904 0.6743
vn 0.552 -0.7852 -0.2806
vn 0.3941 -0.5631 -0.7263
vn 0.0666 -0.3004 -0.9515
vn -0.9265 -0.0226 -0.3756
vn -0.8665 -0.0911 -0.4908
vn -0.9265 0.193 0.323
vn -0.8665 0.2013 0.4568
vn -0.0226 0.2783 0.9602
vn -0.1393 0.3048 0.9422
vn 0.9093 -0.0297 0.415
vn 0.8541 0.0267 0.5195
vn 0.6334 -0.2995 -0.7135
vn 0.9011 -0.336 -0.2741
vn 0.1274 -0.0163 -0.9917
vn 0.1091 -0.0077 -0.994
vn -0.22 -0.0141 0.9754
vn -0.6742 -0.7364 -0.0562
vn 0.9803 -0.173 0.0948
vn 0.1676 0.9858 0.0055
vn -0.9508 0.2955 -0.0933
vn 0.6402 0.7664 0.0527
vn 0.6402 0.7664 0.0526
vn -0.924 -0.3732 -0.0837
vn 0.9777 0.1896 0.0907
vn 0.7037 -0.7066 0.0742
vn -0.131 -0.0335 0.9908
vn 0.0987 -0.0054 -0.9951
vn 0.2041 0.9789 0.009
vn -0.6985 0.7118 -0.0737
vn -0.6985 0.7118 -0.0738
vn -0.3661 0.0587 0.9287
vn -0.3479 -0.0814 0.934
vn -0.1032 -0.032 0.9941
vn 0.3108 0.0389 -0.9497
vn 0.0954 -0.0056 -0.9954
vn 0.2284 0.3766 0.8978
vn -0.0027 -0.146 -0.9893
vn 0.0804 -0.0162 -0.9966
vn 0.0881 -0.0085 -0.9961
vn -0.1276 -0.0907 -0.9877
vn 0.0909 -0.0069 -0.9958
vn -0.6842 0.7256 -0.0725
vn -0.6843 0.7256 -0.0726
vn 0.1855 0.0764 0.9797
vn -0.064 -0.0205 0.9977
vn -0.0394 -0.0066 0.9992
vn 0.0272 0.0592 0.9979
vn -0.2778 -0.9568 -0.0858
vn 0.2874 0.9512 0.1121
vn 0.7749 -0.2337 0.5873
vn -0.1209 -0.7328 -0.6696
vn -0.0102 0.0442 -0.999
vn -0.9653 0.2597 0.0271
vn -0.1113 -0.0112 0.9937
vn -0.8411 0.2472 -0.481
vn 0.5185 -0.1748 0.837
vn -0.3538 0.134 -0.9257
vn 0.9648 -0.2617 0.025
vn -0.0204 -0.9966 -0.0799
vn 0.2894 0.9555 0.0566
vn -0.2756 -0.96 -0.0487
vn -0.9652 0.2612 -0.0102
vn -0.5512 0.1146 0.8265
vn 0.2584 0.9424 0.2122
vn 0.3681 0.8882 0.2749
vn 0.2857 0.9575 0.0403
vn -0.3707 -0.8964 -0.2431
vn -0.2727 -0.9613 -0.0402
vn 0.1193 0.9908 -0.0646
vn -0.2287 -0.9734 -0.016
vn -0.2476 -0.9687 -0.0191
vn -0.2621 -0.9647 -0.0264
vn -0.126 -0.9815 0.1442
vn -0.2668 -0.9633 -0.0308
vn -0.5669 0.1193 0.8151
vn 0.1286 0.9698 -0.2074
vn 0.2749 0.9613 0.0185
vn 0.2643 0.9644 0.0056
vn 0.2189 0.9754 -0.026
vn -0.5328 0.7182 -0.4476
vn 0.5256 -0.7183 0.4558
vn -0.8154 -0.4657 0.3438
vn 0.3875 -0.1878 -0.9025
vn 0.7178 0.674 0.1743
vn 0.7179 0.674 0.1743
vn -0.2939 0.2709 0.9166
vn -0.2939 0.271 0.9166
vn 0.8174 0.4889 -0.3048
vn -0.7094 -0.1959 0.677
vn 0.6189 0.0645 -0.7828
vn 0.5471 -0.7319 0.4063
vn -0.5511 0.7296 -0.4049
vn 0.7319 0.6667 0.1406
vn 0.732 0.6667 0.1406
vn 0.1015 0.5431 0.8335
vn 0.4999 -0.6722 0.5462
vn 0.3767 -0.7244 0.5774
vn 0.5563 -0.7326 0.3923
vn -0.4054 0.7263 -0.5551
vn -0.559 0.7302 -0.3928
vn 0.8272 -0.4949 0.2663
vn -0.8087 0.5166 -0.2812
vn -0.6224 0.7005 -0.3492
vn -0.5841 0.7232 -0.3686
vn -0.7196 0.6627 -0.2074
vn -0.5732 0.7274 -0.3772
vn 0.1176 0.5517 0.8257
vn 0.1177 0.5517 0.8257
vn 0.7382 -0.651 0.1768
vn 0.5727 -0.7294 0.3742
vn 0.5854 -0.7244 0.3641
vn 0.6297 -0.6978 0.3414
vn 0.1622 -0.2271 -0.9603
vn 0.0771 -0.2017 -0.9764
vn -0.0874 0.1982 0.9763
vn -0.5819 -0.7946 0.1734
vn 0.9986 -0.0477 0.0245
vn 0.0463 0.974 -0.2217
vn -0.9841 0.1698 -0.0522
vn 0.5443 0.8194 -0.1796
vn -0.8754 -0.4737 0.0962
vn 0.9514 0.3027 -0.0561
vn -0.0321 0.1941 0.9805
vn 0.0294 -0.1981 -0.9797
vn 0.0835 0.9718 -0.2207
vn 0.0835 0.9718 -0.2206
vn -0.7836 0.6032 -0.1484
vn -0.1858 0.2274 0.9559
vn -0.2577 0.1104 0.9599
vn -0.0155 0.1971 0.9803
vn 0.2255 -0.1261 -0.9661
vn 0.0152 -0.2007 -0.9795
vn 0.1764 0.4995 0.8482
vn -0.1585 -0.478 -0.864
vn -0.0461 -0.2541 -0.9661
vn -0.016 -0.2173 -0.976
vn -0.2085 -0.31 -0.9276
vn -0.0043 -0.2089 -0.9779
vn -0.7711 0.6184 -0.1517
vn -0.7711 0.6184 -0.1516
vn 0.2421 0.3221 0.9152
vn 0.0071 0.2067 0.9784
vn 0.0208 0.2165 0.9761
vn 0.0558 0.2591 0.9642
vn 0.0942 0.6794 -0.7277
vn 0.0192 0.7182 -0.6956
vn -0.0301 -0.7183 0.6951
vn -0.7764 -0.4657 -0.4247
vn 0.9478 -0.1878 -0.2578
vn 0.3099 0.674 0.6706
vn -0.9006 0.2709 0.3399
vn 0.747 0.4889 0.4505
vn -0.9714 -0.1959 -0.1344
vn 0.9979 0.0645 -0.0022
vn 0.022 -0.7319 0.6811
vn -0.0257 0.7296 -0.6834
vn 0.3451 0.6667 0.6606
vn -0.5896 0.5431 0.5979
vn -0.1168 -0.6722 0.7311
vn -0.2178 -0.7244 0.654
vn 0.0388 -0.7326 0.6796
vn 0.1826 0.7263 -0.6627
vn -0.0401 0.7302 -0.6821
vn 0.3059 -0.4949 0.8134
vn -0.2827 0.5166 -0.8082
vn -0.1136 0.7005 -0.7045
vn -0.0746 0.7232 -0.6866
vn -0.2851 0.6627 -0.6925
vn -0.061 0.7274 -0.6834
vn -0.5734 0.5517 0.6056
vn 0.3207 -0.651 0.6881
vn 0.0632 -0.7294 0.6812
vn 0.079 -0.7244 0.6848
vn 0.1243 -0.6978 0.7055
vn -0.4195 -0.5144 -0.7479
vn -0.4323 -0.5817 -0.689
vn 0.437 0.5729 0.6935
vn 0.8063 -0.5871 0.0724
vn -0.1427 0.7556 -0.6393
vn -0.9033 0.1589 0.3985
vn 0.0279 -0.7291 0.6838
vn -0.8543 0.5192 0.0223
vn -0.8543 0.5192 0.0222
vn 0.5987 -0.7279 0.3343
vn -0.4558 0.7642 -0.4564
vn 0.9098 -0.1981 -0.3647
vn 0.4319 0.616 0.6587
vn -0.4278 -0.6186 -0.659
vn -0.9082 0.187 0.3744
vn -0.4077 -0.5212 0.7498
vn 0.4213 0.4941 0.7605
vn 0.5294 0.4113 0.742
vn 0.4262 0.6292 0.6499
vn -0.5144 -0.4435 -0.734
vn -0.4229 -0.63 -0.6514
vn 0.2536 0.7283 0.6367
vn -0.2747 -0.7166 -0.6411
vn -0.3611 -0.6822 -0.6357
vn -0.4017 -0.6558 -0.6392
vn -0.263 -0.7964 -0.5446
vn -0.4117 -0.6459 -0.6429
vn -0.424 -0.5097 0.7486
vn 0.2397 0.8175 0.5236
vn 0.4132 0.6477 0.6401
vn 0.4015 0.6592 0.6358
vn 0.3542 0.6897 0.6315
vn -0.8466 -0.5144 -0.1367
vn -0.8084 -0.5817 -0.09
vn 0.8148 0.5729 0.0891
vn 0.5581 -0.5871 -0.5864
vn 0.5581 -0.5872 -0.5863
vn -0.5893 0.7556 -0.2858
vn -0.2498 0.1589 0.9552
vn 0.5528 -0.7291 0.4035
vn -0.5139 0.5192 0.6828
vn -0.5139 0.5192 0.6829
vn 0.6342 -0.7279 -0.2609
vn 0.6341 -0.7279 -0.2609
vn -0.6408 0.7642 0.0731
vn -0.6409 0.7642 0.0731
vn 0.2802 -0.1981 -0.9393
vn 0.7845 0.616 0.0715
vn -0.7821 -0.6186 -0.0748
vn -0.2716 0.187 0.9441
vn 0.3336 -0.5212 0.7856
vn 0.8576 0.4941 0.1431
vn 0.9103 0.4114 0.0469
vn 0.774 0.6292 0.0704
vn -0.8947 -0.4435 -0.0536
vn -0.7731 -0.63 -0.0739
vn 0.6563 0.7283 0.1974
vn -0.6728 -0.7166 -0.1836
vn -0.7224 -0.6822 -0.1125
vn -0.7504 -0.6558 -0.083
vn -0.59 -0.7964 -0.1327
vn -0.7595 -0.6459 -0.0774
vn 0.3226 -0.5097 0.7976
vn 0.5591 0.8175 0.1379
vn 0.7582 0.6477 0.0745
vn 0.7476 0.6592 0.081
vn 0.7148 0.6897 0.1153
vn 0.1216 0.6195 -0.7755
vn 0.0419 0.656 -0.7536
vn -0.0527 -0.6569 0.7522
vn -0.7076 -0.5486 -0.4454
vn 0.9762 -0.1485 -0.1581
vn 0.2099 0.7471 0.6307
vn 0.2099 0.747 0.6308
vn -0.9413 0.2412 0.236
vn 0.6748 0.572 0.4664
vn -0.9428 -0.268 -0.1984
vn 0.9889 0.1274 0.0769
vn 0.0011 -0.6683 0.7439
vn -0.0044 0.6656 -0.7463
vn 0.2462 0.7412 0.6245
vn -0.6706 0.5535 0.4939
vn -0.6706 0.5535 0.4938
vn -0.1448 -0.6135 0.7763
vn -0.2354 -0.6784 0.696
vn 0.018 -0.668 0.7439
vn 0.201 0.6773 -0.7078
vn -0.0189 0.6654 -0.7463
vn 0.2582 -0.4033 0.8779
vn -0.2368 0.4268 -0.8728
vn -0.0883 0.6292 -0.7722
vn -0.0525 0.6558 -0.7531
vn -0.2578 0.5818 -0.7714
vn -0.0395 0.6612 -0.7492
vn -0.6557 0.5638 0.5022
vn 0.293 -0.5682 0.769
vn 0.0419 -0.6631 0.7473
vn 0.057 -0.6569 0.7518
vn 0.0987 -0.6258 0.7737
vn -0.7518 0.6195 -0.2259
vn -0.7409 0.656 -0.144
vn 0.738 -0.6569 0.1544
vn -0.5374 -0.5486 0.6405
vn -0.0239 -0.1485 -0.9886
vn 0.6534 0.747 -0.1222
vn 0.1059 0.2412 0.9647
vn 0.5538 0.572 -0.6051
vn -0.3247 -0.268 0.9071
vn 0.2107 0.1274 -0.9692
vn 0.2106 0.1274 -0.9692
vn -0.3943 -0.5497 -0.7365
vn 0.7372 -0.6683 0.1
vn -0.74 0.6656 -0.0971
vn 0.6522 0.7412 -0.159
vn 0.6522 0.7411 -0.159
vn 0.3981 0.5535 0.7315
vn 0.7495 -0.6135 0.2489
vn 0.6575 -0.6784 0.3278
vn 0.7395 -0.668 0.0833
vn -0.6739 0.6773 -0.2953
vn -0.7419 0.6654 -0.0827
vn 0.9048 -0.4033 -0.1364
vn -0.8969 0.4268 0.116
vn -0.777 0.6292 -0.0174
vn -0.7532 0.6558 -0.0504
vn -0.7993 0.5818 0.1506
vn -0.7476 0.6612 -0.0627
vn 0.4084 0.5638 0.7179
vn 0.8016 -0.5682 -0.1857
vn 0.7461 -0.6631 0.0601
vn 0.7526 -0.6569 0.0457
vn 0.78 -0.6258 0.0074
vn -0.7072 -0.6646 0.2412
vn 0.7134 0.6565 -0.2451
vn 0.3044 -0.5264 -0.7939
vn -0.7443 0.6274 -0.229
vn 0.173 0.1346 0.9757
vn 0.7409 -0.6649 0.095
vn -0.2165 0.4639 0.859
vn 0.5268 -0.6572 -0.5391
vn 0.5268 -0.6572 -0.539
vn -0.6174 0.692 0.3741
vn -0.1351 -0.1703 -0.9761
vn 0.6744 0.6962 -0.2461
vn -0.6734 -0.6985 0.242
vn 0.1459 0.1602 0.9762
vn 0.689 -0.4802 0.5428
vn 0.7965 0.5059 -0.3312
vn 0.6633 0.7082 -0.242
vn -0.7823 -0.5362 0.317
vn -0.6639 -0.7088 0.2385
vn 0.6029 0.7945 -0.0727
vn -0.6129 -0.7847 0.0927
vn -0.63 -0.7555 0.1796
vn -0.6449 -0.7321 0.2194
vn -0.5089 -0.855 0.0996
vn -0.6517 -0.7232 0.2288
vn 0.6832 -0.4699 0.5589
vn 0.4814 0.8728 -0.0807
vn 0.6491 0.7249 -0.2308
vn 0.6413 0.7352 -0.2198
vn 0.6237 0.7622 -0.1735
vn -0.4195 -0.8755 -0.24
vn -0.4323 -0.8889 -0.1516
vn 0.437 0.885 0.1607
vn 0.8063 -0.4021 0.4339
vn -0.1427 0.1654 -0.9759
vn -0.9033 0.3784 0.2021
vn 0.0279 -0.1164 0.9928
vn -0.8543 0.4112 -0.3178
vn 0.5987 -0.3408 0.7249
vn -0.4558 0.2898 -0.8416
vn 0.9098 -0.3866 -0.151
vn 0.4319 0.8956 0.1063
vn -0.4278 -0.8978 -0.1048
vn -0.9082 0.3844 0.1656
vn -0.4077 0.0851 0.9091
vn 0.4213 0.868 0.2627
vn 0.5294 0.7928 0.3019
vn 0.4262 0.9 0.091
vn -0.5144 -0.8122 -0.275
vn -0.4229 -0.9015 -0.0916
vn 0.2536 0.9672 0.017
vn -0.2747 -0.9611 -0.0279
vn -0.3611 -0.9314 -0.046
vn -0.4017 -0.9134 -0.0658
vn -0.263 -0.9599 0.0973
vn -0.4117 -0.9082 -0.075
vn -0.424 0.0932 0.9009
vn -0.424 0.0931 0.9009
vn 0.2397 0.9625 -0.1269
vn 0.4132 0.9078 0.0716
vn 0.4015 0.9138 0.0609
vn 0.3542 0.9344 0.0379
vn -0.3208 -0.6019 -0.7313
vn -0.3351 -0.6646 -0.6678
vn 0.3398 0.6565 0.6734
vn 0.8279 -0.5264 0.1936
vn -0.1262 0.6878 -0.7149
vn -0.9431 0.1346 0.3041
vn 0.0065 -0.6649 0.7469
vn -0.8805 0.4639 -0.0977
vn 0.6057 -0.6572 0.4486
vn -0.4545 0.692 -0.5609
vn -0.4545 0.692 -0.5608
vn 0.9487 -0.1703 -0.2665
vn 0.3355 0.6962 0.6347
vn -0.3313 -0.6985 -0.6343
vn -0.9474 0.1602 0.2773
vn -0.9473 0.1602 0.2773
vn -0.4441 -0.4802 0.7564
vn 0.3226 0.5829 0.7458
vn 0.4364 0.5059 0.7441
vn 0.3299 0.7082 0.6242
vn -0.4204 -0.5362 -0.7319
vn -0.3265 -0.7088 -0.6253
vn 0.1539 0.7945 0.5874
vn -0.1752 -0.7847 -0.5946
vn -0.2636 -0.7555 -0.5998
vn -0.305 -0.7321 -0.6091
vn -0.1678 -0.855 -0.4906
vn -0.3152 -0.7232 -0.6145
vn -0.4608 -0.4699 0.7529
vn 0.1454 0.8728 0.466
vn 0.3168 0.7249 0.6117
vn 0.3049 0.7352 0.6054
vn 0.2567 0.7622 0.5943
vn 0.0942 0.0501 -0.9943
vn 0.0192 0.1004 -0.9948
vn -0.0301 -0.1008 0.9944
vn -0.7764 -0.6298 -0.0243
vn -0.7764 -0.6298 -0.0244
vn 0.9478 -0.3098 -0.076
vn 0.9478 -0.3098 -0.0759
vn 0.3099 0.9476 0.0779
vn -0.9006 0.4263 0.0851
vn 0.747 0.6642 0.0291
vn -0.9714 -0.2364 0.0236
vn 0.9979 0.0479 -0.0433
vn 0.5955 -0.7962 -0.1067
vn 0.022 -0.1202 0.9925
vn -0.0257 0.117 -0.9928
vn 0.3451 0.9356 0.0751
vn -0.5896 0.8006 0.1068
vn -0.1168 -0.0424 0.9923
vn -0.2178 -0.132 0.967
vn 0.0388 -0.1217 0.9918
vn 0.1826 0.1278 -0.9748
vn -0.0401 0.1183 -0.9922
vn 0.3059 0.1462 0.9408
vn -0.2827 -0.1263 -0.9509
vn -0.1136 0.0811 -0.9902
vn -0.0746 0.11 -0.9911
vn -0.2851 0.0601 -0.9566
vn -0.061 0.1153 -0.9914
vn -0.5734 0.8122 0.1071
vn -0.5734 0.8122 0.1072
vn 0.3207 -0.0539 0.9456
vn 0.0632 -0.1183 0.991
vn 0.079 -0.1121 0.9906
vn 0.1243 -0.0785 0.9891
vn 0.1216 -0.2512 -0.9603
vn 0.0419 -0.2118 -0.9764
vn 0.6761 -0.722 0.1471
vn -0.0527 0.2101 0.9763
vn -0.7076 -0.685 0.1734
vn 0.9762 -0.2155 0.0245
vn 0.2099 0.9523 -0.2217
vn 0.2099 0.9522 -0.2217
vn -0.9413 0.3334 -0.0522
vn 0.6748 0.7158 -0.1796
vn -0.9428 -0.3192 0.0962
vn -0.9428 -0.3193 0.0962
vn 0.9889 0.1378 -0.0561
vn 0.0011 0.1967 0.9805
vn -0.0044 -0.2002 -0.9797
vn 0.2462 0.9438 -0.2206
vn 0.2462 0.9437 -0.2207
vn -0.6706 0.7268 -0.1484
vn -0.1448 0.2555 0.9559
vn -0.2354 0.1523 0.9599
vn 0.018 0.1969 0.9803
vn 0.201 -0.1623 -0.9661
vn -0.0189 -0.2004 -0.9795
vn 0.2582 0.4625 0.8482
vn -0.2369 -0.4444 -0.864
vn -0.0883 -0.2427 -0.9661
vn -0.0525 -0.2115 -0.976
vn -0.2578 -0.2704 -0.9276
vn -0.0395 -0.2052 -0.9779
vn -0.6557 0.7396 -0.1517
vn -0.6557 0.7396 -0.1516
vn 0.293 0.2766 0.9152
vn 0.0419 0.2025 0.9784
vn 0.057 0.2099 0.9761
vn 0.0987 0.246 0.9642
vn -0.3208 -0.9461 0.0452
vn -0.3351 -0.9327 0.1334
vn 0.3398 0.9323 -0.1236
vn 0.8279 -0.1596 0.5377
vn -0.1262 -0.1618 -0.9787
vn -0.9431 0.3242 0.0739
vn 0.0065 0.2011 0.9795
vn -0.8805 0.1991 -0.4303
vn 0.6057 -0.0334 0.795
vn 0.6056 -0.0334 0.795
vn -0.4545 -0.0358 -0.89
vn 0.9487 -0.3154 -0.0228
vn 0.3355 0.925 -0.1785
vn -0.3313 -0.9261 0.1806
vn -0.9473 0.318 0.0374
vn -0.4441 0.3192 0.8372
vn 0.3226 0.9463 -0.0213
vn 0.4364 0.8989 0.0394
vn 0.3299 0.9238 -0.1944
vn -0.4204 -0.9073 -0.0078
vn -0.3265 -0.925 0.1943
vn 0.1539 0.9459 -0.2856
vn -0.1752 -0.9458 0.2734
vn -0.2636 -0.9325 0.247
vn -0.305 -0.926 0.2226
vn -0.1678 -0.9045 0.392
vn -0.3152 -0.925 0.2122
vn -0.4609 0.3225 0.8268
vn -0.4608 0.3225 0.8268
vn 0.1454 0.8953 -0.421
vn 0.3168 0.9237 -0.2153
vn 0.3049 0.9249 -0.2273
vn 0.2567 0.9321 -0.2556
vn 0.3656 -0.8152 0.4493
vn 0.4481 -0.7813 0.4346
vn -0.44 0.7818 -0.4418
vn 0.2754 -0.284 -0.9184
vn 0.2753 -0.284 -0.9184
vn -0.8417 -0.3216 0.4338
vn 0.2163 0.5447 0.8103
vn 0.2163 0.5446 0.8103
vn 0.8616 0.3873 -0.3281
vn -0.2377 0.3093 0.9208
vn 0.603 -0.0136 -0.7976
vn -0.7109 -0.1068 0.6952
vn -0.7109 -0.1069 0.6951
vn -0.4884 0.7647 -0.4204
vn 0.4896 -0.7663 0.416
vn 0.1848 0.5324 0.8261
vn 0.8085 0.5767 0.1175
vn -0.3438 0.8198 -0.458
vn -0.3027 0.7602 -0.5748
vn -0.5015 0.7617 -0.4102
vn 0.3305 -0.7656 0.5519
vn 0.5009 -0.7637 0.4073
vn -0.5455 0.8372 -0.0387
vn 0.5424 -0.8371 0.0707
vn 0.5366 -0.775 0.3338
vn 0.5223 -0.764 0.3789
vn 0.6414 -0.7416 0.1965
vn 0.5149 -0.7627 0.3914
vn 0.802 0.5817 0.1357
vn 0.802 0.5817 0.1358
vn -0.6606 0.7323 -0.1653
vn -0.5178 0.7605 -0.3918
vn -0.5264 0.762 -0.3773
vn -0.5429 0.7745 -0.3247
vn -0.0604 -0.8097 0.5837
vn -0.0836 -0.8563 0.5097
vn 0.0752 0.8533 -0.516
vn -0.9822 0.0556 -0.1793
vn 0.4905 0.3533 0.7967
vn 0.4905 0.3532 0.7967
vn 0.8581 -0.3402 -0.3846
vn -0.3783 -0.393 -0.8381
vn 0.9908 -0.1162 0.0692
vn 0.9908 -0.1163 0.0692
vn -0.8712 -0.1213 -0.4758
vn -0.8712 -0.1214 -0.4758
vn 0.7653 0.2094 0.6087
vn -0.8827 0.3215 0.3427
vn 0.1009 0.8757 -0.4721
vn -0.1057 -0.8753 0.4718
vn 0.8759 -0.3269 -0.3547
vn 0.876 -0.3269 -0.3547
vn 0.0992 -0.4839 -0.8695
vn 0.0483 0.798 -0.6007
vn -0.089 0.7963 -0.5983
vn 0.1123 0.8805 -0.4606
vn 0.0589 -0.8101 0.5834
vn -0.1155 -0.8794 0.4619
vn 0.307 0.8486 -0.4308
vn -0.2838 -0.8535 0.437
vn -0.194 -0.8785 0.4366
vn -0.1464 -0.8836 0.4448
vn -0.3295 -0.8866 0.3247
vn -0.1329 -0.8829 0.4504
vn 0.1189 -0.4852 -0.8663
vn 0.3582 0.8841 -0.3002
vn 0.1325 0.8846 -0.4471
vn 0.1482 0.8853 -0.4407
vn 0.2035 0.8791 -0.431
vn 0.2466 0.4195 0.8736
vn 0.3331 0.4106 0.8488
vn -0.3246 -0.4174 -0.8488
vn 0.2893 -0.9191 0.2676
vn -0.8944 0.3755 0.2431
vn 0.2337 0.8486 -0.4745
vn 0.2338 0.8487 -0.4745
vn 0.916 -0.2656 -0.3007
vn 0.916 -0.2655 -0.3006
vn -0.2492 0.9246 -0.2882
vn 0.6387 -0.7682 0.0435
vn 0.6387 -0.7682 0.0434
vn -0.754 0.6543 0.0584
vn -0.3757 -0.3992 -0.8364
vn 0.3769 0.3948 0.8379
vn 0.2003 0.8622 -0.4652
vn 0.8614 0.1871 -0.4723
vn -0.224 -0.427 -0.8761
vn -0.1839 -0.5449 -0.8181
vn -0.3896 -0.3899 -0.8344
vn 0.212 0.523 0.8255
vn 0.3889 0.3868 0.8362
vn -0.4442 -0.0171 -0.8957
vn 0.4394 0.0489 0.8969
vn 0.4269 0.3146 0.8478
vn 0.4116 0.3595 0.8375
vn 0.5419 0.1843 0.82
vn 0.4037 0.3717 0.836
vn 0.8546 0.2052 -0.4771
vn -0.5637 -0.1546 -0.8114
vn -0.4068 -0.3723 -0.8342
vn -0.416 -0.3581 -0.8359
vn -0.4336 -0.3058 -0.8476
vn -0.0299 -0.6311 -0.7751
vn -0.0636 -0.563 -0.824
vn 0.0543 0.5681 0.8212
vn -0.9927 0.0696 0.0982
vn -0.9927 0.0696 0.0981
vn 0.5955 -0.7149 0.3665
vn 0.7909 0.4599 -0.4038
vn -0.4909 0.7665 -0.4141
vn 0.9857 0.0372 -0.1646
vn -0.9252 0.3663 -0.0991
vn -0.9252 0.3663 -0.099
vn 0.8397 -0.5053 0.1991
vn -0.8211 -0.4221 0.3843
vn 0.0861 0.5287 0.8444
vn -0.0908 -0.529 -0.8438
vn 0.8127 0.433 -0.3899
vn -0.025 0.8467 -0.5315
vn 0.0153 0.646 0.7632
vn -0.1208 0.6279 0.7689
vn 0.0989 0.5189 0.8491
vn 0.0885 -0.6173 -0.7817
vn -0.1019 -0.5205 -0.8478
vn 0.294 0.5096 0.8086
vn -0.2705 -0.5134 -0.8144
vn -0.1826 -0.5042 -0.844
vn -0.1347 -0.5073 -0.8512
vn -0.3305 -0.409 -0.8506
vn -0.1207 -0.5112 -0.851
vn -0.0052 0.8457 -0.5337
vn 0.3616 0.3878 0.8478
vn 0.1207 0.508 0.8528
vn 0.1371 0.5035 0.8531
vn 0.1927 0.4998 0.8444
vn 0.1063 -0.8563 0.5055
vn -0.1164 0.8533 -0.5083
vn -0.9806 0.0556 0.1877
vn 0.5447 0.4296 0.7203
vn 0.6611 -0.3402 -0.6687
vn -0.6556 -0.393 -0.6448
vn 0.9489 -0.1162 -0.2935
vn -0.9842 -0.1214 -0.1288
vn -0.9842 -0.1213 -0.1288
vn 0.9335 0.2094 0.291
vn 0.9335 0.2094 0.2911
vn -0.6992 0.3215 0.6386
vn -0.6992 0.3215 0.6385
vn -0.0765 0.8757 -0.4767
vn 0.0719 -0.8753 0.4782
vn 0.6886 -0.3269 -0.6473
vn -0.2217 -0.4839 -0.8466
vn -0.2992 0.7963 -0.5257
vn -0.0617 0.8805 -0.4701
vn 0.2657 -0.8101 0.5227
vn 0.0592 -0.8794 0.4725
vn 0.1305 0.8486 -0.5126
vn -0.1067 -0.8535 0.5101
vn -0.0231 -0.8785 0.4772
vn 0.0242 -0.8836 0.4677
vn -0.1899 -0.8866 0.4218
vn 0.0388 -0.8829 0.468
vn -0.2022 -0.4852 -0.8507
vn 0.2255 0.8841 -0.4093
vn -0.038 0.8846 -0.4648
vn -0.0211 0.8853 -0.4645
vn 0.0339 0.8791 -0.4754
vn 0.5457 0.4195 0.7254
vn 0.6173 0.4106 0.6711
vn -0.6094 -0.4174 -0.6741
vn 0.3665 -0.9191 0.145
vn 0.3664 -0.9191 0.1449
vn -0.7461 0.3755 0.5499
vn -0.7461 0.3755 0.5498
vn 0.0465 0.8487 -0.5269
vn 0.0465 0.8486 -0.5269
vn 0.7455 -0.2656 -0.6113
vn 0.7455 -0.2655 -0.6113
vn -0.3365 0.9246 -0.1786
vn 0.6112 -0.7682 -0.1903
vn 0.6113 -0.7682 -0.1903
vn -0.682 0.6543 0.3269
vn -0.6819 0.6543 0.3269
vn -0.6354 -0.1804 0.7508
vn -0.6525 -0.3992 -0.6441
vn 0.6542 0.3948 0.6451
vn 0.0187 0.8622 -0.5062
vn 0.6325 0.1871 -0.7517
vn 0.6325 0.1871 -0.7516
vn -0.5255 -0.4269 -0.7359
vn -0.4671 -0.5449 -0.6964
vn -0.6648 -0.3899 -0.6372
vn 0.496 0.5231 0.6931
vn 0.6648 0.3868 0.6391
vn -0.7379 -0.0171 -0.6747
vn 0.7339 0.0489 0.6775
vn 0.7045 0.3146 0.6362
vn 0.6864 0.3595 0.6321
vn 0.8016 0.1843 0.5687
vn 0.6785 0.3717 0.6336
vn 0.6244 0.2052 -0.7536
vn 0.6244 0.2052 -0.7537
vn -0.8188 -0.1546 -0.5529
vn -0.6808 -0.3723 -0.6308
vn -0.6899 -0.3581 -0.6291
vn -0.7106 -0.3058 -0.6336
vn -0.1566 -0.9866 0.0452
vn -0.173 -0.9759 0.1334
vn 0.1777 0.9763 -0.1236
vn 0.8429 -0.0176 0.5377
vn 0.843 -0.0176 0.5377
vn -0.0971 -0.1807 -0.9787
vn -0.9843 0.1605 0.0739
vn -0.9843 0.1604 0.0739
vn -0.0275 0.1993 0.9795
vn -0.9014 0.0477 -0.4303
vn -0.9015 0.0476 -0.4302
vn 0.6026 0.0693 0.795
vn -0.442 -0.112 -0.89
vn 0.9883 -0.1509 -0.0228
vn 0.1747 0.9683 -0.1785
vn -0.1703 -0.9687 0.1806
vn -0.9874 0.1536 0.0374
vn -0.4916 0.2397 0.8372
vn 0.1583 0.9872 -0.0213
vn 0.2785 0.9596 0.0394
vn 0.1693 0.9662 -0.1944
vn -0.2613 -0.9652 -0.0078
vn -0.1657 -0.9668 0.1943
vn -0.0079 0.9583 -0.2856
vn -0.0131 -0.9618 0.2734
vn -0.1024 -0.9636 0.247
vn -0.1444 -0.9642 0.2226
vn -0.0128 -0.9199 0.392
vn -0.1547 -0.9649 0.2122
vn -0.5087 0.2401 0.8268
vn -0.5086 0.2401 0.8268
vn -0.0077 0.907 -0.421
vn 0.1564 0.9639 -0.2153
vn 0.1445 0.963 -0.2273
vn 0.0957 0.962 -0.2556
vn 0.5457 0.8334 0.0875
vn 0.6173 0.7842 0.0628
vn -0.6094 -0.7907 -0.0591
vn 0.3664 -0.4235 0.8285
vn -0.7461 0.6655 0.0198
vn -0.7461 0.6656 0.0198
vn 0.0465 0.0732 -0.9962
vn 0.7455 -0.6506 -0.1449
vn -0.3365 0.3995 -0.8527
vn -0.3365 0.3995 -0.8528
vn 0.6113 -0.6058 0.5093
vn 0.6112 -0.6058 0.5093
vn -0.682 0.6492 -0.3368
vn -0.6525 -0.7557 -0.0561
vn 0.6542 0.7539 0.0602
vn 0.0187 0.098 -0.995
vn 0.6325 -0.4978 -0.5934
vn -0.5255 -0.8463 -0.0877
vn -0.4671 -0.8837 0.0309
vn -0.6648 -0.7447 -0.0596
vn 0.496 0.8682 -0.0152
vn 0.6648 0.7444 0.0632
vn -0.7379 -0.5557 -0.3831
vn 0.7339 0.5767 0.359
vn 0.7044 0.6996 0.1199
vn 0.6864 0.7227 0.0812
vn 0.8016 0.5683 0.1856
vn 0.6785 0.731 0.0722
vn 0.6244 -0.4887 -0.6093
vn -0.8188 -0.5381 -0.2002
vn -0.6808 -0.7291 -0.07
vn -0.6899 -0.7194 -0.0805
vn -0.7106 -0.6923 -0.1254
vn -0.0154 0.0216 -0.9996
vn -0.72 -0.4814 -0.4998
vn -0.8406 -0.3724 0.3934
vn -0.4158 -0.278 0.8659
vn -0.0197 0.0184 0.9996
vn 0.6892 0.5245 0.4998
vn 0.8487 0.5289 -0.0
vn 0.6892 0.5245 -0.4998
vn -0.2271 0.3188 -0.9202
vn -0.5214 -0.1101 -0.8462
vn -0.8648 -0.1826 -0.4678
vn -0.5214 -0.1101 0.8462
vn -0.6767 -0.541 0.4994
vn -0.0955 0.134 0.9864
vn 0.73 0.4664 0.4995
vn 0.73 0.4664 -0.4995
vn -0.5651 -0.0273 -0.8246
vn -0.0 -0.0 -1.0
vn -0.9049 -0.0 -0.4256
vn -0.9049 -0.0 0.4256
vn -0.0 -0.0 1.0
vn 0.9049 -0.0 0.4256
vn 0.9997 0.0237 -0.0
vn 0.9049 -0.0 -0.4256
vn 0.04 -0.0438 -0.9982
vn 0.8281 0.2536 -0.4999
vn 0.8451 0.2659 -0.4638
vn 0.4616 0.1953 0.8654
vn 0.8478 0.2597 0.4625
vn 0.0373 -0.0409 0.9985
vn -0.7878 -0.3628 0.4977
vn -0.795 -0.368 0.4822
vn -0.4719 -0.1655 -0.866
vn -0.795 -0.368 -0.4822
vn -0.0619 0.0678 -0.9958
vn -0.1059 0.0067 -0.9944
vn 0.5819 0.6427 -0.4983
vn 0.6186 0.7218 -0.3104
vn 0.5819 0.6427 0.4983
vn 0.5811 0.6412 0.5013
vn -0.0346 0.0378 0.9987
vn -0.0604 0.0038 0.9982
vn -0.6448 -0.5782 0.5
vn -0.6538 -0.5935 0.4694
vn -0.6421 -0.5811 -0.5
vn -0.6439 -0.5845 -0.4938
vn 0.5875 0.0337 -0.8086
vn -0.0 0.0337 -0.9994
vn 0.3016 0.2174 -0.9283
vn -0.5875 0.0337 -0.8086
vn -0.9996 0.0287 -0.0
vn -0.3052 -0.1567 0.9393
vn -0.5875 0.0337 0.8086
vn -0.0 0.0337 0.9994
vn 0.5875 0.0337 0.8086
vn 0.7897 0.2174 0.5737
vn 0.9505 0.0337 0.3088
vn 0.9505 0.0337 -0.3088
vn 0.5607 0.3001 -0.7717
vn 0.304 0.1791 -0.9357
vn -0.5544 0.3321 -0.7631
vn -0.8816 0.3752 -0.2864
vn -0.9573 0.2892 -0.0
vn -0.5544 0.3321 0.7631
vn -0.7328 0.4238 0.5324
vn -0.0 0.2578 0.9662
vn 0.2955 0.2923 0.9095
vn 0.8084 0.0394 0.5873
vn 0.9433 0.1277 0.3065
vn 0.9433 0.1277 -0.3065
vn 0.4773 -0.5836 -0.657
vn 0.1329 0.1473 -0.9801
vn -0.4737 0.592 -0.652
vn -0.6124 0.7651 -0.199
vn -0.67 0.7423 -0.0
vn -0.6105 0.6561 0.4436
vn 0.309 -0.0153 0.9509
vn 0.0695 0.077 0.9946
vn 0.6989 -0.6783 0.2271
vn 0.746 -0.6659 -0.0
vn 0.8143 -0.0484 -0.5785
vn -0.1979 0.3772 -0.9048
vn -0.8367 0.5477 -0.0
vn -0.7177 0.6371 -0.2811
vn -0.7177 0.6371 0.2811
vn -0.4187 0.5141 0.7486
vn 0.3539 0.1458 0.9238
vn 0.9515 -0.0565 0.3023
vn 0.7743 -0.2304 -0.5893
vn -0.0331 -0.1557 -0.9873
vn -0.0521 -0.1384 -0.989
vn -0.7831 0.0408 -0.6206
vn -0.8115 0.1368 -0.5682
vn -0.9325 0.1573 0.3252
vn -0.9391 0.1489 0.3096
vn -0.2922 -0.0273 0.956
vn -0.3634 -0.0887 0.9274
vn 0.5379 -0.2259 0.8122
vn 0.5421 -0.2309 0.8079
vn 0.9057 -0.2833 0.3152
vn 0.9515 0.0976 -0.2917
vn 0.6095 -0.5671 -0.554
vn -0.1161 -0.1287 -0.9849
vn -0.0342 -0.1606 -0.9864
vn -0.4541 0.7449 -0.4888
vn -0.6762 0.7367 -0.0
vn -0.5804 0.7692 0.2673
vn -0.2185 0.2896 0.9319
vn -0.1001 -0.111 0.9888
vn 0.4289 -0.4711 0.7708
vn 0.6474 -0.7111 0.2742
vn 0.6262 -0.7797 -0.0
vn 0.8223 0.1894 -0.5366
vn -0.08 -0.2797 -0.9567
vn -0.3821 -0.3059 -0.872
vn -0.7225 -0.5679 -0.3943
vn -0.8645 -0.5026 -0.0
vn -0.811 -0.5481 0.2044
vn -0.6116 -0.4831 0.6266
vn -0.3925 -0.4694 0.7909
vn 0.6094 0.0382 0.792
vn 0.3247 0.0181 0.9456
vn 0.9531 0.0655 -0.2955
vn 0.9373 0.2159 0.2735
vn 0.2985 -0.0799 0.951
vn -0.5255 0.2828 0.8024
vn -0.8533 0.4234 0.3044
vn -0.8751 0.4839 -0.0
vn -0.8533 0.4234 -0.3044
vn 0.009 0.0314 -0.9995
vn -0.2355 0.2774 -0.9315
vn 0.7447 -0.322 -0.5845
vn 0.9538 -0.3004 -0.0
vn 0.8932 -0.3275 0.3083
vn 0.0101 -0.3141 -0.9493
vn 0.3844 0.071 -0.9204
vn -0.8466 -0.4929 -0.2008
vn -0.7532 -0.5563 -0.3511
vn -0.7532 -0.2617 0.6035
vn -0.5152 0.1828 0.8373
vn 0.4856 0.3904 0.7821
vn 0.7072 0.628 0.3247
vn 0.5149 0.1224 -0.8485
vn 0.4869 -0.121 -0.865
vn -0.8258 -0.4031 -0.3945
vn -0.507 -0.3412 -0.7915
vn -0.8258 -0.1106 0.553
vn -0.4569 0.0605 0.8874
vn -0.0134 0.3204 0.9472
vn 0.8039 0.4567 0.381
vn 0.8039 0.1625 -0.5721
vn 0.9912 -0.1315 -0.0139
vn 0.5498 0.7144 0.4327
vn 0.9324 -0.1889 -0.3081
vn 0.9044 -0.0591 -0.4226
vn 0.5722 -0.561 0.5981
vn 0.6117 -0.5277 0.5894
vn 0.4037 0.8207 0.4044
vn 0.3221 0.9439 0.073
vn 0.4699 0.8643 -0.1793
vn 0.3804 0.1556 -0.9116
vn -0.3761 0.8821 -0.2835
vn 0.2218 -0.7952 -0.5643
vn 0.2445 -0.8323 -0.4975
vn 0.1853 -0.826 -0.5323
vn 0.3709 -0.8786 0.3007
vn -0.3803 -0.9207 -0.0877
vn 0.4556 -0.4427 0.7723
vn -0.4277 -0.0787 0.9005
vn 0.1701 0.5326 0.8291
vn -0.2044 0.8197 0.535
vn -0.1766 0.5422 0.8215
vn -0.403 -0.1678 0.8997
vn 0.3157 0.8898 0.3296
vn -0.1294 0.8786 0.4597
vn 0.3365 0.1226 -0.9337
vn 0.1101 0.1596 -0.981
vn -0.4175 -0.4047 -0.8136
vn -0.1792 -0.0429 -0.9829
vn -0.1376 0.4293 -0.8926
vn -0.4931 -0.8621 0.117
vn -0.3798 -0.9238 -0.0495
vn -0.959 0.1452 0.2433
vn -0.3021 0.8919 -0.3366
vn -0.4697 0.8035 -0.3658
vn -0.5413 -0.4183 -0.7294
vn -0.596 -0.371 -0.7121
vn -0.4568 -0.8741 -0.1654
vn 0.1546 -0.0186 0.9878
vn 0.1063 -0.095 0.9898
vn -0.1164 0.091 -0.989
vn -0.9806 0.1845 0.0655
vn 0.7452 0.6652 0.0471
vn 0.6611 -0.7409 -0.1183
vn -0.6556 -0.7526 -0.0615
vn 0.9489 -0.3057 -0.0786
vn 0.9489 -0.3057 -0.0787
vn -0.9842 -0.1755 0.0223
vn -0.9842 -0.1756 0.0223
vn 0.9335 0.3585 0.0019
vn -0.6992 0.7055 0.1157
vn -0.0765 0.1297 -0.9886
vn 0.0719 -0.1283 0.9891
vn 0.6886 -0.7158 -0.1165
vn -0.2217 -0.9693 -0.1068
vn -0.172 0.0024 -0.9851
vn -0.2992 0.0434 -0.9532
vn -0.0617 0.1379 -0.9885
vn 0.2657 -0.0539 0.9625
vn 0.0592 -0.1353 0.989
vn 0.1305 0.0847 -0.9878
vn -0.1067 -0.0896 0.9902
vn -0.0231 -0.1309 0.9911
vn 0.0242 -0.1416 0.9896
vn -0.1899 -0.1805 0.9651
vn 0.0388 -0.141 0.9893
vn -0.2022 -0.9734 -0.1081
vn 0.2255 0.1891 -0.9557
vn -0.038 0.1445 -0.9888
vn -0.0211 0.1453 -0.9892
vn 0.0339 0.1327 -0.9906
vn -0.1626 0.3268 -0.931
vn -0.222 0.2377 -0.9456
vn -0.16 -0.8654 -0.4748
vn -0.185 0.3299 -0.9257
vn 0.1298 -0.076 -0.9886
vn 0.7407 -0.4732 -0.477
vn 0.3049 -0.9243 -0.2296
vn 0.1259 -0.8915 -0.4353
vn 0.5266 0.7444 -0.4106
vn 0.7476 0.3205 -0.5817
vn -0.3511 0.834 -0.4257
vn 0.1209 0.9005 0.4178
vn -0.1512 -0.8634 -0.4813
vn 0.0989 -0.9889 0.1111
vn 0.868 -0.2768 -0.4123
vn 0.6377 0.6652 -0.3884
vn 0.9081 0.0626 0.4141
vn 0.0795 0.9194 0.3853
vn -0.4433 0.8816 -0.1623
vn -0.9094 0.2744 0.3125
vn -0.4034 0.839 0.3651
vn -0.3493 0.8818 0.3168
vn -0.6806 -0.4231 -0.5981
vn -0.8528 -0.3733 -0.3653
vn 0.131 -0.9853 0.1097
vn 0.9068 0.1196 0.4042
vn 0.8802 0.2129 0.4242
vn 0.3679 -0.742 0.5605
vn 0.0856 -0.1342 0.9872
vn 0.1207 -0.1013 0.9875
vn 0.0532 -0.127 0.9905
vn -0.8162 0.4986 0.292
vn -0.7292 0.6807 0.0703
vn -0.1851 -0.9339 0.3059
vn -0.2661 -0.855 0.4452
vn 0.219 0.001 0.9757
usemtl Elf_bush_Map
f 2//1 10//1 1//1
f 1//2 10//2 9//2
f 3//3 11//3 2//3
f 2//4 11//4 10//4
f 4//5 12//5 3//5
f 3//6 12//6 11//6
f 5//7 13//7 4//7
f 4//8 13//8 12//8
f 5//9 6//9 13//9
f 13//10 6//10 14//10
f 6//11 7//11 14//11
f 14//12 7//12 15//12
f 7//13 8//13 15//13
f 15//14 8//14 16//14
f 8//15 1//15 16//15
f 16//16 1//16 9//16
f 10//17 18//17 9//17
f 9//17 18//17 17//17
f 10//18 11//18 18//18
f 12//19 19//19 11//19
f 11//20 19//20 18//20
f 12//21 13//21 19//21
f 19//21 13//21 20//21
f 13//22 14//22 20//22
f 20//22 14//22 21//22
f 14//23 15//23 21//23
f 16//24 22//24 15//24
f 15//25 22//25 21//25
f 9//26 17//26 16//26
f 16//26 17//26 22//26
f 18//27 24//27 17//27
f 17//28 24//28 23//28
f 18//29 25//29 24//29
f 18//30 19//30 25//30
f 20//31 26//31 19//31
f 19//32 26//32 25//32
f 21//33 27//33 20//33
f 20//34 27//34 26//34
f 21//35 28//35 27//35
f 22//36 23//36 21//36
f 21//37 23//37 28//37
f 22//38 17//38 23//38
f 23//39 24//39 29//39
f 25//40 30//40 24//40
f 24//41 30//41 29//41
f 25//42 31//42 30//42
f 25//43 26//43 31//43
f 31//44 26//44 32//44
f 26//45 27//45 32//45
f 28//46 33//46 27//46
f 27//47 33//47 32//47
f 23//48 34//48 28//48
f 28//49 34//49 33//49
f 23//50 29//50 34//50
f 29//51 36//51 35//51
f 29//52 30//52 36//52
f 36//53 30//53 37//53
f 30//54 31//54 37//54
f 32//55 38//55 31//55
f 31//56 38//56 37//56
f 32//57 39//57 38//57
f 33//58 40//58 32//58
f 32//59 40//59 39//59
f 33//60 34//60 40//60
f 40//61 34//61 35//61
f 34//62 29//62 35//62
f 35//63 36//63 41//63
f 36//64 37//64 41//64
f 41//65 37//65 42//65
f 37//66 43//66 42//66
f 37//66 38//66 43//66
f 39//67 44//67 38//67
f 38//68 44//68 43//68
f 40//69 45//69 39//69
f 39//70 45//70 44//70
f 40//71 35//71 45//71
f 35//72 41//72 45//72
f 41//73 47//73 46//73
f 41//74 42//74 47//74
f 47//75 42//75 48//75
f 43//76 49//76 42//76
f 42//77 49//77 48//77
f 43//78 50//78 49//78
f 43//79 44//79 50//79
f 44//80 45//80 50//80
f 50//81 45//81 51//81
f 45//82 46//82 51//82
f 45//83 41//83 46//83
f 46//84 47//84 52//84
f 52//85 47//85 53//85
f 48//86 54//86 47//86
f 47//87 54//87 53//87
f 49//88 55//88 48//88
f 48//88 55//88 54//88
f 49//89 50//89 55//89
f 55//89 50//89 56//89
f 50//90 57//90 56//90
f 50//91 51//91 57//91
f 46//92 58//92 51//92
f 51//93 58//93 57//93
f 46//94 52//94 58//94
f 52//95 53//95 59//95
f 53//96 54//96 60//96
f 54//97 55//97 60//97
f 60//98 55//98 61//98
f 55//99 56//99 61//99
f 61//100 56//100 62//100
f 56//101 57//101 62//101
f 62//102 57//102 63//102
f 57//103 58//103 63//103
f 63//104 58//104 64//104
f 52//105 59//105 58//105
f 58//106 59//106 64//106
f 65//107 66//107 70//107
f 70//108 66//108 71//108
f 66//109 72//109 71//109
f 66//110 67//110 72//110
f 68//111 73//111 67//111
f 67//112 73//112 72//112
f 68//113 69//113 73//113
f 65//114 70//114 69//114
f 69//115 70//115 73//115
f 70//116 71//116 74//116
f 74//117 71//117 75//117
f 71//118 72//118 75//118
f 75//118 72//118 76//118
f 72//119 77//119 76//119
f 73//120 78//120 72//120
f 72//121 78//121 77//121
f 73//122 74//122 78//122
f 73//123 70//123 74//123
f 74//124 75//124 79//124
f 79//125 75//125 80//125
f 75//126 76//126 80//126
f 77//127 81//127 76//127
f 76//127 81//127 80//127
f 77//128 78//128 81//128
f 78//129 74//129 81//129
f 74//130 79//130 81//130
f 91//131 82//131 84//131
f 84//132 83//132 91//132
f 85//133 82//133 93//133
f 93//134 82//134 92//134
f 92//135 86//135 93//135
f 86//136 85//136 93//136
f 92//137 82//137 91//137
f 91//138 83//138 92//138
f 92//139 83//139 86//139
f 83//140 84//140 94//140
f 95//141 84//141 82//141
f 82//142 85//142 95//142
f 95//143 85//143 89//143
f 89//144 85//144 96//144
f 98//145 85//145 86//145
f 97//146 87//146 86//146
f 86//147 87//147 98//147
f 86//148 83//148 97//148
f 97//149 83//149 94//149
f 87//150 97//150 88//150
f 88//151 97//151 94//151
f 94//152 84//152 99//152
f 99//153 84//153 95//153
f 95//154 89//154 99//154
f 99//155 88//155 94//155
f 96//156 85//156 98//156
f 98//157 87//157 100//157
f 100//158 89//158 98//158
f 98//159 89//159 96//159
f 88//160 90//160 87//160
f 99//161 89//161 90//161
f 90//162 88//162 99//162
f 90//163 89//163 100//163
f 87//164 90//164 100//164
f 103//165 102//165 101//165
f 103//166 101//166 104//166
f 101//167 105//167 104//167
f 104//168 105//168 112//168
f 105//169 109//169 112//169
f 109//170 104//170 112//170
f 102//171 106//171 101//171
f 101//172 106//172 105//172
f 113//173 102//173 103//173
f 103//174 104//174 115//174
f 115//175 104//175 116//175
f 104//176 114//176 116//176
f 114//177 108//177 116//177
f 116//178 108//178 115//178
f 105//179 106//179 117//179
f 117//180 106//180 110//180
f 113//181 103//181 115//181
f 107//182 113//182 108//182
f 108//183 113//183 115//183
f 114//184 104//184 109//184
f 109//185 105//185 119//185
f 119//186 105//186 117//186
f 117//187 110//187 119//187
f 119//188 110//188 118//188
f 118//189 109//189 119//189
f 110//190 106//190 120//190
f 107//191 108//191 121//191
f 121//192 108//192 111//192
f 111//193 108//193 114//193
f 114//194 109//194 111//194
f 111//195 109//195 118//195
f 118//196 110//196 122//196
f 122//197 111//197 118//197
f 122//198 110//198 120//198
f 107//199 121//199 120//199
f 120//200 121//200 122//200
f 121//201 111//201 122//201
f 123//202 129//202 128//202
f 124//203 130//203 123//203
f 123//204 130//204 129//204
f 124//205 125//205 130//205
f 130//205 125//205 131//205
f 125//206 126//206 131//206
f 131//206 126//206 132//206
f 126//207 127//207 132//207
f 132//207 127//207 128//207
f 127//208 123//208 128//208
f 128//209 129//209 133//209
f 133//210 129//210 134//210
f 129//211 130//211 134//211
f 134//212 130//212 135//212
f 130//213 131//213 135//213
f 132//214 136//214 131//214
f 131//214 136//214 135//214
f 132//215 128//215 136//215
f 128//216 133//216 136//216
f 133//217 134//217 137//217
f 137//218 134//218 138//218
f 135//219 139//219 134//219
f 134//220 139//220 138//220
f 135//221 140//221 139//221
f 136//222 133//222 137//222
f 142//223 150//223 141//223
f 141//223 150//223 149//223
f 143//224 151//224 142//224
f 142//224 151//224 150//224
f 144//225 152//225 143//225
f 143//225 152//225 151//225
f 144//226 145//226 152//226
f 152//226 145//226 153//226
f 145//227 146//227 153//227
f 146//228 147//228 154//228
f 147//229 148//229 154//229
f 154//229 148//229 155//229
f 141//230 149//230 148//230
f 148//230 149//230 155//230
f 149//231 150//231 156//231
f 150//232 151//232 156//232
f 152//233 157//233 151//233
f 151//234 157//234 156//234
f 152//235 153//235 157//235
f 157//236 153//236 158//236
f 153//237 146//237 158//237
f 146//238 154//238 158//238
f 155//239 159//239 154//239
f 154//240 159//240 158//240
f 155//241 149//241 159//241
f 159//242 149//242 156//242
f 156//243 161//243 160//243
f 156//244 162//244 161//244
f 157//245 163//245 156//245
f 156//246 163//246 162//246
f 157//247 158//247 163//247
f 158//247 164//247 163//247
f 158//248 165//248 164//248
f 158//249 159//249 165//249
f 165//250 159//250 160//250
f 159//243 156//243 160//243
f 160//251 161//251 166//251
f 162//252 167//252 161//252
f 161//253 167//253 166//253
f 162//254 163//254 167//254
f 163//255 168//255 167//255
f 163//256 164//256 168//256
f 164//257 165//257 168//257
f 168//258 165//258 169//258
f 165//259 160//259 169//259
f 160//260 166//260 169//260
f 166//261 167//261 170//261
f 170//261 167//261 171//261
f 167//262 172//262 171//262
f 168//263 173//263 167//263
f 167//264 173//264 172//264
f 168//265 174//265 173//265
f 168//266 169//266 174//266
f 169//267 175//267 174//267
f 169//268 166//268 175//268
f 175//268 166//268 170//268
f 170//269 177//269 176//269
f 170//270 171//270 177//270
f 172//271 178//271 171//271
f 171//272 178//272 177//272
f 172//273 173//273 178//273
f 178//274 173//274 179//274
f 173//275 174//275 179//275
f 174//276 180//276 179//276
f 174//277 175//277 180//277
f 180//278 175//278 181//278
f 170//279 176//279 175//279
f 175//280 176//280 181//280
f 176//281 177//281 189//281
f 189//282 177//282 188//282
f 177//283 178//283 188//283
f 188//284 178//284 187//284
f 178//285 179//285 187//285
f 179//285 186//285 187//285
f 180//286 190//286 179//286
f 179//286 190//286 186//286
f 180//287 181//287 190//287
f 181//288 176//288 190//288
f 190//289 176//289 189//289
f 186//290 185//290 187//290
f 187//290 185//290 184//290
f 188//291 187//291 184//291
f 188//292 184//292 183//292
f 189//293 188//293 182//293
f 182//294 188//294 183//294
f 190//295 189//295 182//295
f 190//296 182//296 185//296
f 186//297 190//297 185//297
f 192//298 198//298 191//298
f 191//298 198//298 197//298
f 192//299 193//299 198//299
f 198//300 193//300 199//300
f 193//301 194//301 199//301
f 199//302 194//302 200//302
f 194//303 195//303 200//303
f 195//304 196//304 200//304
f 200//304 196//304 201//304
f 191//305 197//305 196//305
f 196//306 197//306 201//306
f 197//307 198//307 202//307
f 198//308 199//308 202//308
f 202//308 199//308 203//308
f 200//309 204//309 199//309
f 199//310 204//310 203//310
f 200//311 205//311 204//311
f 201//312 206//312 200//312
f 200//312 206//312 205//312
f 201//313 197//313 206//313
f 206//314 197//314 202//314
f 202//315 208//315 207//315
f 202//316 203//316 208//316
f 208//317 203//317 209//317
f 204//318 210//318 203//318
f 203//319 210//319 209//319
f 205//320 211//320 204//320
f 204//321 211//321 210//321
f 206//322 212//322 205//322
f 205//323 212//323 211//323
f 206//324 202//324 212//324
f 212//325 202//325 207//325
f 217//326 225//326 222//326
f 220//327 217//327 222//327
f 213//328 222//328 215//328
f 218//329 223//329 216//329
f 216//329 223//329 221//329
f 225//330 217//330 224//330
f 224//330 217//330 215//330
f 234//331 235//331 229//331
f 229//331 235//331 227//331
f 232//332 219//332 231//332
f 231//332 219//332 214//332
f 213//333 220//333 226//333
f 226//334 220//334 228//334
f 214//335 219//335 216//335
f 216//335 219//335 218//335
f 215//336 217//336 213//336
f 213//336 217//336 220//336
f 222//337 225//337 224//337
f 226//338 222//338 213//338
f 228//339 220//339 222//339
f 226//340 228//340 227//340
f 227//340 228//340 229//340
f 230//341 233//341 231//341
f 231//342 233//342 232//342
f 215//343 222//343 224//343
f 235//344 222//344 227//344
f 227//345 222//345 226//345
f 234//346 229//346 222//346
f 228//347 222//347 229//347
f 222//348 216//348 221//348
f 222//349 223//349 218//349
f 222//350 218//350 219//350
f 222//351 219//351 232//351
f 234//352 222//352 233//352
f 222//353 232//353 233//353
f 234//354 233//354 235//354
f 235//355 233//355 230//355
f 235//356 230//356 222//356
f 222//357 230//357 231//357
f 222//358 231//358 214//358
f 222//359 214//359 216//359
f 243//360 240//360 246//360
f 236//361 245//361 238//361
f 239//362 241//362 244//362
f 244//362 241//362 247//362
f 246//363 240//363 248//363
f 248//364 240//364 238//364
f 257//365 258//365 252//365
f 252//365 258//365 250//365
f 255//366 242//366 254//366
f 254//366 242//366 237//366
f 236//367 243//367 249//367
f 249//367 243//367 251//367
f 237//368 242//368 239//368
f 239//368 242//368 241//368
f 238//369 240//369 236//369
f 236//369 240//369 243//369
f 244//370 247//370 245//370
f 245//371 247//371 246//371
f 249//372 245//372 236//372
f 251//373 243//373 246//373
f 249//374 251//374 250//374
f 250//374 251//374 252//374
f 253//375 256//375 254//375
f 254//375 256//375 255//375
f 238//376 245//376 248//376
f 258//377 245//377 250//377
f 250//378 245//378 249//378
f 257//379 252//379 246//379
f 251//380 246//380 252//380
f 245//381 239//381 244//381
f 246//382 247//382 241//382
f 246//383 241//383 242//383
f 246//384 242//384 255//384
f 257//385 246//385 256//385
f 246//386 255//386 256//386
f 257//387 256//387 258//387
f 258//387 256//387 253//387
f 258//388 253//388 245//388
f 245//389 253//389 254//389
f 245//390 254//390 237//390
f 245//391 237//391 239//391
f 266//392 263//392 269//392
f 259//393 268//393 261//393
f 264//394 270//394 262//394
f 262//394 270//394 267//394
f 271//395 263//395 261//395
f 280//396 281//396 275//396
f 275//397 281//397 273//397
f 278//398 265//398 277//398
f 277//399 265//399 260//399
f 259//400 266//400 272//400
f 272//400 266//400 274//400
f 260//401 265//401 262//401
f 262//401 265//401 264//401
f 261//402 263//402 259//402
f 259//402 263//402 266//402
f 272//403 268//403 259//403
f 274//404 266//404 269//404
f 272//405 274//405 273//405
f 273//406 274//406 275//406
f 276//407 279//407 277//407
f 277//407 279//407 278//407
f 261//408 268//408 271//408
f 281//409 268//409 273//409
f 273//410 268//410 272//410
f 280//411 275//411 269//411
f 274//412 269//412 275//412
f 268//413 262//413 267//413
f 269//414 270//414 264//414
f 269//415 264//415 265//415
f 269//416 265//416 278//416
f 280//417 269//417 279//417
f 269//418 278//418 279//418
f 280//419 279//419 281//419
f 281//420 279//420 276//420
f 281//421 276//421 268//421
f 268//422 276//422 277//422
f 268//423 277//423 260//423
f 268//424 260//424 262//424
f 286//425 295//425 292//425
f 289//426 286//426 292//426
f 282//427 291//427 284//427
f 287//428 293//428 285//428
f 285//428 293//428 290//428
f 295//429 286//429 294//429
f 294//429 286//429 284//429
f 304//430 305//430 299//430
f 299//430 305//430 297//430
f 302//431 288//431 301//431
f 301//431 288//431 283//431
f 282//432 289//432 296//432
f 296//432 289//432 298//432
f 283//433 288//433 285//433
f 285//433 288//433 287//433
f 284//434 286//434 282//434
f 282//434 286//434 289//434
f 296//435 291//435 282//435
f 298//436 289//436 292//436
f 296//437 298//437 297//437
f 297//438 298//438 299//438
f 300//439 303//439 301//439
f 301//439 303//439 302//439
f 284//440 291//440 294//440
f 305//441 291//441 297//441
f 297//442 291//442 296//442
f 304//443 299//443 292//443
f 298//444 292//444 299//444
f 291//445 285//445 290//445
f 292//446 293//446 287//446
f 292//447 287//447 288//447
f 292//448 288//448 302//448
f 304//449 292//449 303//449
f 292//450 302//450 303//450
f 304//451 303//451 305//451
f 305//452 303//452 300//452
f 305//453 300//453 291//453
f 291//454 300//454 301//454
f 291//455 301//455 283//455
f 291//456 283//456 285//456
f 310//457 318//457 327//457
f 313//458 310//458 327//458
f 306//459 315//459 308//459
f 311//460 316//460 309//460
f 309//460 316//460 314//460
f 318//461 310//461 317//461
f 317//461 310//461 308//461
f 328//462 329//462 322//462
f 322//462 329//462 320//462
f 325//463 312//463 324//463
f 324//463 312//463 307//463
f 306//464 313//464 319//464
f 319//464 313//464 321//464
f 307//465 312//465 309//465
f 309//465 312//465 311//465
f 308//466 310//466 306//466
f 306//466 310//466 313//466
f 319//467 315//467 306//467
f 321//468 313//468 327//468
f 319//469 321//469 320//469
f 320//469 321//469 322//469
f 323//470 326//470 324//470
f 324//470 326//470 325//470
f 308//471 315//471 317//471
f 329//472 315//472 320//472
f 320//473 315//473 319//473
f 328//474 322//474 327//474
f 321//475 327//475 322//475
f 315//476 309//476 314//476
f 327//477 316//477 311//477
f 327//478 311//478 312//478
f 327//479 312//479 325//479
f 328//480 327//480 326//480
f 327//481 325//481 326//481
f 328//482 326//482 329//482
f 329//482 326//482 323//482
f 329//483 323//483 315//483
f 315//484 323//484 324//484
f 315//485 324//485 307//485
f 315//486 307//486 309//486
f 334//487 343//487 340//487
f 337//488 334//488 340//488
f 330//489 339//489 332//489
f 333//490 335//490 338//490
f 338//490 335//490 341//490
f 343//491 334//491 342//491
f 342//491 334//491 332//491
f 352//492 353//492 347//492
f 347//492 353//492 345//492
f 350//493 336//493 349//493
f 349//493 336//493 331//493
f 330//494 337//494 344//494
f 344//495 337//495 346//495
f 331//496 336//496 333//496
f 333//496 336//496 335//496
f 332//497 334//497 330//497
f 330//497 334//497 337//497
f 338//498 341//498 339//498
f 344//499 339//499 330//499
f 346//500 337//500 340//500
f 344//501 346//501 345//501
f 345//501 346//501 347//501
f 348//502 351//502 349//502
f 349//502 351//502 350//502
f 332//503 339//503 342//503
f 353//504 339//504 345//504
f 345//505 339//505 344//505
f 352//506 347//506 340//506
f 346//507 340//507 347//507
f 339//508 333//508 338//508
f 340//509 341//509 335//509
f 340//510 335//510 336//510
f 340//511 336//511 350//511
f 352//512 340//512 351//512
f 340//513 350//513 351//513
f 352//514 351//514 353//514
f 353//514 351//514 348//514
f 353//515 348//515 339//515
f 339//516 348//516 349//516
f 339//517 349//517 331//517
f 339//518 331//518 333//518
f 358//519 367//519 364//519
f 361//520 358//520 364//520
f 354//521 363//521 356//521
f 357//522 359//522 362//522
f 362//523 359//523 365//523
f 367//524 358//524 366//524
f 366//524 358//524 356//524
f 376//525 377//525 371//525
f 371//525 377//525 369//525
f 374//526 360//526 373//526
f 373//526 360//526 355//526
f 354//527 361//527 368//527
f 368//528 361//528 370//528
f 355//529 360//529 357//529
f 357//530 360//530 359//530
f 356//531 358//531 354//531
f 354//532 358//532 361//532
f 362//533 365//533 363//533
f 363//533 365//533 364//533
f 368//534 363//534 354//534
f 370//535 361//535 364//535
f 368//536 370//536 369//536
f 369//536 370//536 371//536
f 372//537 375//537 373//537
f 373//537 375//537 374//537
f 356//538 363//538 366//538
f 377//539 363//539 369//539
f 369//540 363//540 368//540
f 376//541 371//541 364//541
f 370//542 364//542 371//542
f 363//543 357//543 362//543
f 364//544 365//544 359//544
f 364//545 359//545 360//545
f 364//546 360//546 374//546
f 376//547 364//547 375//547
f 364//548 374//548 375//548
f 376//549 375//549 377//549
f 377//549 375//549 372//549
f 377//550 372//550 363//550
f 363//551 372//551 373//551
f 363//552 373//552 355//552
f 363//553 355//553 357//553
f 382//554 390//554 399//554
f 385//555 382//555 399//555
f 378//556 387//556 380//556
f 383//557 388//557 381//557
f 381//557 388//557 386//557
f 390//558 382//558 389//558
f 389//558 382//558 380//558
f 400//559 401//559 394//559
f 394//560 401//560 392//560
f 397//561 384//561 396//561
f 396//561 384//561 379//561
f 378//562 385//562 391//562
f 391//562 385//562 393//562
f 379//563 384//563 381//563
f 381//563 384//563 383//563
f 380//564 382//564 378//564
f 378//564 382//564 385//564
f 391//565 387//565 378//565
f 393//566 385//566 399//566
f 391//567 393//567 392//567
f 392//567 393//567 394//567
f 395//568 398//568 396//568
f 396//569 398//569 397//569
f 380//570 387//570 389//570
f 401//571 387//571 392//571
f 392//572 387//572 391//572
f 400//573 394//573 399//573
f 393//574 399//574 394//574
f 387//575 381//575 386//575
f 399//576 388//576 383//576
f 399//577 383//577 384//577
f 399//578 384//578 397//578
f 400//579 399//579 398//579
f 399//580 397//580 398//580
f 400//581 398//581 401//581
f 401//581 398//581 395//581
f 401//582 395//582 387//582
f 387//583 395//583 396//583
f 387//584 396//584 379//584
f 387//585 379//585 381//585
f 406//586 414//586 415//586
f 409//587 406//587 415//587
f 402//588 412//588 404//588
f 407//589 411//589 405//589
f 405//589 411//589 410//589
f 414//590 406//590 413//590
f 413//590 406//590 404//590
f 424//591 425//591 419//591
f 419//591 425//591 417//591
f 422//592 408//592 421//592
f 421//592 408//592 403//592
f 402//593 409//593 416//593
f 416//593 409//593 418//593
f 403//594 408//594 405//594
f 405//594 408//594 407//594
f 404//595 406//595 402//595
f 402//596 406//596 409//596
f 415//597 414//597 412//597
f 412//597 414//597 413//597
f 416//598 412//598 402//598
f 418//599 409//599 415//599
f 416//600 418//600 417//600
f 417//601 418//601 419//601
f 420//602 423//602 421//602
f 421//602 423//602 422//602
f 404//603 412//603 413//603
f 425//604 412//604 417//604
f 417//605 412//605 416//605
f 424//606 419//606 415//606
f 418//607 415//607 419//607
f 412//608 405//608 410//608
f 415//609 411//609 407//609
f 415//610 407//610 408//610
f 415//611 408//611 422//611
f 424//612 415//612 423//612
f 415//613 422//613 423//613
f 424//614 423//614 425//614
f 425//614 423//614 420//614
f 425//615 420//615 412//615
f 412//616 420//616 421//616
f 412//617 421//617 403//617
f 412//618 403//618 405//618
f 433//619 430//619 436//619
f 426//620 435//620 428//620
f 429//621 431//621 434//621
f 434//621 431//621 437//621
f 436//622 430//622 435//622
f 435//622 430//622 428//622
f 446//623 447//623 441//623
f 441//623 447//623 439//623
f 444//624 432//624 443//624
f 443//624 432//624 427//624
f 426//625 433//625 438//625
f 438//625 433//625 440//625
f 427//626 432//626 429//626
f 429//627 432//627 431//627
f 428//628 430//628 426//628
f 426//628 430//628 433//628
f 434//629 437//629 435//629
f 435//629 437//629 436//629
f 438//630 435//630 426//630
f 440//631 433//631 436//631
f 438//632 440//632 439//632
f 439//632 440//632 441//632
f 442//633 445//633 443//633
f 443//633 445//633 444//633
f 447//634 435//634 439//634
f 439//635 435//635 438//635
f 446//636 441//636 436//636
f 440//637 436//637 441//637
f 435//638 429//638 434//638
f 436//639 437//639 431//639
f 436//640 431//640 432//640
f 436//641 432//641 444//641
f 446//642 436//642 445//642
f 436//643 444//643 445//643
f 446//644 445//644 447//644
f 447//644 445//644 442//644
f 447//645 442//645 435//645
f 435//646 442//646 443//646
f 435//647 443//647 427//647
f 435//648 427//648 429//648
f 452//649 461//649 458//649
f 455//650 452//650 458//650
f 448//651 457//651 450//651
f 451//652 453//652 456//652
f 456//652 453//652 459//652
f 461//653 452//653 460//653
f 460//653 452//653 450//653
f 470//654 471//654 465//654
f 465//654 471//654 463//654
f 468//655 454//655 467//655
f 467//655 454//655 449//655
f 448//656 455//656 462//656
f 462//656 455//656 464//656
f 449//657 454//657 451//657
f 451//657 454//657 453//657
f 450//658 452//658 448//658
f 448//658 452//658 455//658
f 456//659 459//659 457//659
f 457//659 459//659 458//659
f 462//660 457//660 448//660
f 464//661 455//661 458//661
f 462//662 464//662 463//662
f 463//662 464//662 465//662
f 466//663 469//663 467//663
f 467//663 469//663 468//663
f 450//664 457//664 460//664
f 471//665 457//665 463//665
f 463//666 457//666 462//666
f 470//667 465//667 458//667
f 464//668 458//668 465//668
f 457//669 451//669 456//669
f 458//670 459//670 453//670
f 458//671 453//671 454//671
f 458//672 454//672 468//672
f 470//673 458//673 469//673
f 458//674 468//674 469//674
f 470//675 469//675 471//675
f 471//676 469//676 466//676
f 471//677 466//677 457//677
f 457//678 466//678 467//678
f 457//679 467//679 449//679
f 457//680 449//680 451//680
f 476//681 485//681 482//681
f 479//682 476//682 482//682
f 472//683 481//683 474//683
f 475//684 477//684 480//684
f 480//684 477//684 483//684
f 485//685 476//685 484//685
f 484//685 476//685 474//685
f 494//686 495//686 489//686
f 489//686 495//686 487//686
f 492//687 478//687 491//687
f 491//687 478//687 473//687
f 472//688 479//688 486//688
f 486//688 479//688 488//688
f 473//689 478//689 475//689
f 475//689 478//689 477//689
f 474//690 476//690 472//690
f 472//691 476//691 479//691
f 480//692 483//692 481//692
f 481//692 483//692 482//692
f 486//693 481//693 472//693
f 488//694 479//694 482//694
f 486//695 488//695 487//695
f 487//696 488//696 489//696
f 490//697 493//697 491//697
f 491//697 493//697 492//697
f 474//698 481//698 484//698
f 495//699 481//699 487//699
f 487//700 481//700 486//700
f 494//701 489//701 482//701
f 488//702 482//702 489//702
f 481//703 475//703 480//703
f 482//704 483//704 477//704
f 482//705 477//705 478//705
f 482//706 478//706 492//706
f 494//707 482//707 493//707
f 482//708 492//708 493//708
f 494//709 493//709 495//709
f 495//709 493//709 490//709
f 495//710 490//710 481//710
f 481//711 490//711 491//711
f 481//712 491//712 473//712
f 481//713 473//713 475//713
f 500//714 509//714 506//714
f 503//715 500//715 506//715
f 496//716 505//716 498//716
f 501//717 507//717 499//717
f 499//718 507//718 504//718
f 509//719 500//719 508//719
f 508//720 500//720 498//720
f 518//721 519//721 513//721
f 513//721 519//721 511//721
f 516//722 502//722 515//722
f 515//722 502//722 497//722
f 496//723 503//723 510//723
f 510//723 503//723 512//723
f 497//724 502//724 499//724
f 499//724 502//724 501//724
f 498//725 500//725 496//725
f 496//725 500//725 503//725
f 506//726 509//726 505//726
f 505//726 509//726 508//726
f 510//727 505//727 496//727
f 512//728 503//728 506//728
f 510//729 512//729 511//729
f 511//729 512//729 513//729
f 514//730 517//730 515//730
f 515//730 517//730 516//730
f 498//731 505//731 508//731
f 519//732 505//732 511//732
f 511//733 505//733 510//733
f 518//734 513//734 506//734
f 512//735 506//735 513//735
f 505//736 499//736 504//736
f 506//737 507//737 501//737
f 506//738 501//738 502//738
f 506//739 502//739 516//739
f 518//740 506//740 517//740
f 506//741 516//741 517//741
f 518//742 517//742 519//742
f 519//743 517//743 514//743
f 519//744 514//744 505//744
f 505//745 514//745 515//745
f 505//746 515//746 497//746
f 505//747 497//747 499//747
f 524//748 533//748 530//748
f 527//749 524//749 530//749
f 532//750 529//750 530//750
f 520//751 529//751 522//751
f 525//752 531//752 523//752
f 523//752 531//752 528//752
f 533//753 524//753 532//753
f 532//753 524//753 522//753
f 542//754 543//754 537//754
f 537//755 543//755 535//755
f 540//756 526//756 539//756
f 539//756 526//756 521//756
f 520//757 527//757 534//757
f 534//757 527//757 536//757
f 521//758 526//758 523//758
f 523//759 526//759 525//759
f 522//760 524//760 520//760
f 520//760 524//760 527//760
f 530//750 533//750 532//750
f 534//761 529//761 520//761
f 536//762 527//762 530//762
f 534//763 536//763 535//763
f 535//764 536//764 537//764
f 538//765 541//765 539//765
f 539//765 541//765 540//765
f 522//766 529//766 532//766
f 543//767 529//767 535//767
f 535//768 529//768 534//768
f 542//769 537//769 530//769
f 536//770 530//770 537//770
f 529//771 523//771 528//771
f 530//772 531//772 525//772
f 530//773 525//773 526//773
f 530//774 526//774 540//774
f 542//775 530//775 541//775
f 530//776 540//776 541//776
f 542//777 541//777 543//777
f 543//778 541//778 538//778
f 543//779 538//779 529//779
f 529//780 538//780 539//780
f 529//781 539//781 521//781
f 529//782 521//782 523//782
f 548//783 557//783 554//783
f 551//784 548//784 554//784
f 544//785 553//785 546//785
f 547//786 549//786 552//786
f 552//786 549//786 555//786
f 557//787 548//787 556//787
f 556//787 548//787 546//787
f 566//788 567//788 561//788
f 561//788 567//788 559//788
f 564//789 550//789 563//789
f 563//789 550//789 545//789
f 544//790 551//790 558//790
f 558//790 551//790 560//790
f 545//791 550//791 547//791
f 547//792 550//792 549//792
f 546//793 548//793 544//793
f 544//793 548//793 551//793
f 552//794 555//794 553//794
f 553//794 555//794 554//794
f 558//795 553//795 544//795
f 560//796 551//796 554//796
f 558//797 560//797 559//797
f 559//797 560//797 561//797
f 562//798 565//798 563//798
f 563//798 565//798 564//798
f 546//799 553//799 556//799
f 567//800 553//800 559//800
f 559//801 553//801 558//801
f 566//802 561//802 554//802
f 560//803 554//803 561//803
f 553//804 547//804 552//804
f 554//805 555//805 549//805
f 554//806 549//806 550//806
f 554//807 550//807 564//807
f 566//808 554//808 565//808
f 554//809 564//809 565//809
f 566//810 565//810 567//810
f 567//811 565//811 562//811
f 567//812 562//812 553//812
f 553//813 562//813 563//813
f 553//814 563//814 545//814
f 553//815 545//815 547//815
f 572//816 581//816 578//816
f 575//817 572//817 578//817
f 568//818 577//818 570//818
f 573//819 579//819 571//819
f 571//820 579//820 576//820
f 581//821 572//821 580//821
f 580//821 572//821 570//821
f 590//822 591//822 585//822
f 585//823 591//823 583//823
f 588//824 574//824 587//824
f 587//824 574//824 569//824
f 568//825 575//825 582//825
f 582//825 575//825 584//825
f 569//826 574//826 571//826
f 571//826 574//826 573//826
f 570//827 572//827 568//827
f 568//828 572//828 575//828
f 582//829 577//829 568//829
f 584//830 575//830 578//830
f 582//831 584//831 583//831
f 583//831 584//831 585//831
f 586//832 589//832 587//832
f 587//832 589//832 588//832
f 570//833 577//833 580//833
f 591//834 577//834 583//834
f 583//835 577//835 582//835
f 590//836 585//836 578//836
f 584//837 578//837 585//837
f 577//838 571//838 576//838
f 578//839 579//839 573//839
f 578//840 573//840 574//840
f 578//841 574//841 588//841
f 590//842 578//842 589//842
f 578//843 588//843 589//843
f 590//844 589//844 591//844
f 591//845 589//845 586//845
f 591//846 586//846 577//846
f 577//847 586//847 587//847
f 577//848 587//848 569//848
f 577//849 569//849 571//849
f 596//850 605//850 602//850
f 599//851 596//851 602//851
f 592//852 601//852 594//852
f 595//853 597//853 600//853
f 600//853 597//853 603//853
f 605//854 596//854 604//854
f 604//855 596//855 594//855
f 614//856 615//856 609//856
f 609//856 615//856 607//856
f 612//857 598//857 611//857
f 611//857 598//857 593//857
f 592//858 599//858 606//858
f 606//859 599//859 608//859
f 593//860 598//860 595//860
f 595//861 598//861 597//861
f 594//862 596//862 592//862
f 592//862 596//862 599//862
f 600//863 603//863 601//863
f 601//863 603//863 602//863
f 606//864 601//864 592//864
f 608//865 599//865 602//865
f 606//866 608//866 607//866
f 607//867 608//867 609//867
f 610//868 613//868 611//868
f 611//868 613//868 612//868
f 594//869 601//869 604//869
f 615//870 601//870 607//870
f 607//871 601//871 606//871
f 614//872 609//872 602//872
f 608//873 602//873 609//873
f 601//874 595//874 600//874
f 602//875 603//875 597//875
f 602//876 597//876 598//876
f 602//877 598//877 612//877
f 614//878 602//878 613//878
f 602//879 612//879 613//879
f 614//880 613//880 615//880
f 615//880 613//880 610//880
f 615//881 610//881 601//881
f 601//882 610//882 611//882
f 601//883 611//883 593//883
f 601//884 593//884 595//884
f 620//885 629//885 626//885
f 623//886 620//886 626//886
f 616//887 625//887 618//887
f 621//888 627//888 619//888
f 619//888 627//888 624//888
f 629//889 620//889 628//889
f 628//889 620//889 618//889
f 638//890 639//890 633//890
f 633//891 639//891 631//891
f 636//892 622//892 635//892
f 635//893 622//893 617//893
f 616//894 623//894 630//894
f 630//894 623//894 632//894
f 617//895 622//895 619//895
f 619//896 622//896 621//896
f 618//897 620//897 616//897
f 616//897 620//897 623//897
f 630//898 625//898 616//898
f 632//899 623//899 626//899
f 630//900 632//900 631//900
f 631//900 632//900 633//900
f 634//901 637//901 635//901
f 635//901 637//901 636//901
f 618//902 625//902 628//902
f 639//903 625//903 631//903
f 631//904 625//904 630//904
f 638//905 633//905 626//905
f 632//906 626//906 633//906
f 625//907 619//907 624//907
f 626//908 627//908 621//908
f 626//909 621//909 622//909
f 626//910 622//910 636//910
f 638//911 626//911 637//911
f 626//912 636//912 637//912
f 638//913 637//913 639//913
f 639//913 637//913 634//913
f 639//914 634//914 625//914
f 625//915 634//915 635//915
f 625//916 635//916 617//916
f 625//917 617//917 619//917
f 644//918 653//918 650//918
f 647//919 644//919 650//919
f 640//920 649//920 642//920
f 643//921 645//921 648//921
f 648//922 645//922 651//922
f 653//923 644//923 652//923
f 652//923 644//923 642//923
f 662//924 663//924 657//924
f 657//924 663//924 655//924
f 660//925 646//925 659//925
f 659//925 646//925 641//925
f 640//926 647//926 654//926
f 654//926 647//926 656//926
f 641//927 646//927 643//927
f 643//928 646//928 645//928
f 642//929 644//929 640//929
f 640//929 644//929 647//929
f 648//930 651//930 649//930
f 654//931 649//931 640//931
f 656//932 647//932 650//932
f 654//933 656//933 655//933
f 655//933 656//933 657//933
f 658//934 661//934 659//934
f 659//934 661//934 660//934
f 642//935 649//935 652//935
f 663//936 649//936 655//936
f 655//937 649//937 654//937
f 662//938 657//938 650//938
f 656//939 650//939 657//939
f 649//940 643//940 648//940
f 650//941 651//941 645//941
f 650//942 645//942 646//942
f 650//943 646//943 660//943
f 662//944 650//944 661//944
f 650//945 660//945 661//945
f 662//946 661//946 663//946
f 663//946 661//946 658//946
f 663//947 658//947 649//947
f 649//948 658//948 659//948
f 649//949 659//949 641//949
f 649//950 641//950 643//950
f 671//951 668//951 674//951
f 664//952 673//952 666//952
f 667//953 669//953 672//953
f 672//953 669//953 675//953
f 674//954 668//954 673//954
f 673//954 668//954 666//954
f 684//955 685//955 679//955
f 679//955 685//955 677//955
f 682//956 670//956 681//956
f 681//956 670//956 665//956
f 664//957 671//957 676//957
f 676//957 671//957 678//957
f 665//958 670//958 667//958
f 667//959 670//959 669//959
f 666//960 668//960 664//960
f 664//961 668//961 671//961
f 672//962 675//962 673//962
f 673//963 675//963 674//963
f 676//964 673//964 664//964
f 678//965 671//965 674//965
f 676//966 678//966 677//966
f 677//966 678//966 679//966
f 680//967 683//967 681//967
f 681//967 683//967 682//967
f 685//968 673//968 677//968
f 677//969 673//969 676//969
f 684//970 679//970 674//970
f 678//971 674//971 679//971
f 673//972 667//972 672//972
f 674//973 675//973 669//973
f 674//974 669//974 670//974
f 674//975 670//975 682//975
f 684//976 674//976 683//976
f 674//977 682//977 683//977
f 684//978 683//978 685//978
f 685//978 683//978 680//978
f 685//979 680//979 673//979
f 673//980 680//980 681//980
f 673//981 681//981 665//981
f 673//982 665//982 667//982
f 690//983 699//983 696//983
f 693//984 690//984 696//984
f 686//985 695//985 688//985
f 691//986 697//986 689//986
f 689//987 697//987 694//987
f 699//988 690//988 698//988
f 698//989 690//989 688//989
f 708//990 709//990 703//990
f 703//991 709//991 701//991
f 706//992 692//992 705//992
f 705//993 692//993 687//993
f 686//994 693//994 700//994
f 700//994 693//994 702//994
f 687//995 692//995 689//995
f 689//996 692//996 691//996
f 688//997 690//997 686//997
f 686//998 690//998 693//998
f 696//999 699//999 695//999
f 695//999 699//999 698//999
f 700//1000 695//1000 686//1000
f 702//1001 693//1001 696//1001
f 700//1002 702//1002 701//1002
f 701//1002 702//1002 703//1002
f 704//1003 707//1003 705//1003
f 705//1004 707//1004 706//1004
f 688//1005 695//1005 698//1005
f 709//1006 695//1006 701//1006
f 701//1007 695//1007 700//1007
f 708//1008 703//1008 696//1008
f 702//1009 696//1009 703//1009
f 695//1010 689//1010 694//1010
f 696//1011 697//1011 691//1011
f 696//1012 691//1012 692//1012
f 696//1013 692//1013 706//1013
f 708//1014 696//1014 707//1014
f 696//1015 706//1015 707//1015
f 708//1016 707//1016 709//1016
f 709//1017 707//1017 704//1017
f 709//1018 704//1018 695//1018
f 695//1019 704//1019 705//1019
f 695//1020 705//1020 687//1020
f 695//1021 687//1021 689//1021
f 714//1022 723//1022 720//1022
f 717//1023 714//1023 720//1023
f 710//1024 719//1024 712//1024
f 713//1025 715//1025 718//1025
f 718//1026 715//1026 721//1026
f 723//1027 714//1027 722//1027
f 722//1027 714//1027 712//1027
f 732//1028 733//1028 727//1028
f 727//1029 733//1029 725//1029
f 730//1030 716//1030 729//1030
f 729//1030 716//1030 711//1030
f 710//1031 717//1031 724//1031
f 724//1032 717//1032 726//1032
f 711//1033 716//1033 713//1033
f 713//1033 716//1033 715//1033
f 712//1034 714//1034 710//1034
f 710//1034 714//1034 717//1034
f 718//1035 721//1035 719//1035
f 724//1036 719//1036 710//1036
f 726//1037 717//1037 720//1037
f 724//1038 726//1038 725//1038
f 725//1038 726//1038 727//1038
f 728//1039 731//1039 729//1039
f 729//1039 731//1039 730//1039
f 712//1040 719//1040 722//1040
f 733//1041 719//1041 725//1041
f 725//1042 719//1042 724//1042
f 732//1043 727//1043 720//1043
f 726//1044 720//1044 727//1044
f 719//1045 713//1045 718//1045
f 720//1046 721//1046 715//1046
f 720//1047 715//1047 716//1047
f 720//1048 716//1048 730//1048
f 732//1049 720//1049 731//1049
f 720//1050 730//1050 731//1050
f 732//1051 731//1051 733//1051
f 733//1052 731//1052 728//1052
f 733//1053 728//1053 719//1053
f 719//1054 728//1054 729//1054
f 719//1055 729//1055 711//1055
f 719//1056 711//1056 713//1056
f 738//1057 747//1057 744//1057
f 741//1058 738//1058 744//1058
f 734//1059 743//1059 736//1059
f 739//1060 745//1060 737//1060
f 737//1060 745//1060 742//1060
f 747//1061 738//1061 746//1061
f 746//1062 738//1062 736//1062
f 756//1063 757//1063 751//1063
f 751//1063 757//1063 749//1063
f 754//1064 740//1064 753//1064
f 753//1064 740//1064 735//1064
f 734//1065 741//1065 748//1065
f 748//1066 741//1066 750//1066
f 735//1067 740//1067 737//1067
f 737//1068 740//1068 739//1068
f 736//1069 738//1069 734//1069
f 734//1069 738//1069 741//1069
f 748//1070 743//1070 734//1070
f 750//1071 741//1071 744//1071
f 748//1072 750//1072 749//1072
f 749//1072 750//1072 751//1072
f 752//1073 755//1073 753//1073
f 753//1073 755//1073 754//1073
f 736//1074 743//1074 746//1074
f 757//1075 743//1075 749//1075
f 749//1076 743//1076 748//1076
f 756//1077 751//1077 744//1077
f 750//1078 744//1078 751//1078
f 743//1079 737//1079 742//1079
f 744//1080 745//1080 739//1080
f 744//1081 739//1081 740//1081
f 744//1082 740//1082 754//1082
f 756//1083 744//1083 755//1083
f 744//1084 754//1084 755//1084
f 756//1085 755//1085 757//1085
f 757//1085 755//1085 752//1085
f 757//1086 752//1086 743//1086
f 743//1087 752//1087 753//1087
f 743//1088 753//1088 735//1088
f 743//1089 735//1089 737//1089
f 758//1090 759//1090 763//1090
f 763//1090 759//1090 764//1090
f 759//1091 760//1091 764//1091
f 764//1091 760//1091 765//1091
f 761//1092 766//1092 760//1092
f 760//1093 766//1093 765//1093
f 761//1094 762//1094 766//1094
f 762//1095 767//1095 766//1095
f 762//1096 758//1096 767//1096
f 767//1097 758//1097 763//1097
f 764//1098 769//1098 763//1098
f 763//1099 769//1099 768//1099
f 764//1100 765//1100 769//1100
f 765//1101 766//1101 769//1101
f 769//1102 766//1102 770//1102
f 766//1103 771//1103 770//1103
f 766//1104 767//1104 771//1104
f 771//1104 767//1104 772//1104
f 763//1105 768//1105 767//1105
f 767//1105 768//1105 772//1105
f 769//1106 774//1106 768//1106
f 768//1107 774//1107 773//1107
f 769//1108 775//1108 774//1108
f 769//1109 770//1109 775//1109
f 775//1109 770//1109 776//1109
f 770//1110 771//1110 776//1110
f 776//1110 771//1110 777//1110
f 771//1111 772//1111 777//1111
f 777//1112 772//1112 773//1112
f 772//1113 768//1113 773//1113
f 778//1114 783//1114 782//1114
f 779//1115 784//1115 778//1115
f 778//1116 784//1116 783//1116
f 780//1117 785//1117 779//1117
f 779//1118 785//1118 784//1118
f 780//1119 786//1119 785//1119
f 780//1120 781//1120 786//1120
f 786//1121 781//1121 787//1121
f 778//1122 782//1122 781//1122
f 781//1123 782//1123 787//1123
f 783//1124 789//1124 782//1124
f 782//1125 789//1125 788//1125
f 784//1126 790//1126 783//1126
f 783//1127 790//1127 789//1127
f 784//1128 785//1128 790//1128
f 790//1129 785//1129 791//1129
f 785//1130 786//1130 791//1130
f 791//1131 786//1131 792//1131
f 786//1132 787//1132 792//1132
f 792//1133 787//1133 793//1133
f 782//1134 788//1134 787//1134
f 787//1135 788//1135 793//1135
f 794//1136 795//1136 802//1136
f 796//1137 803//1137 795//1137
f 795//1138 803//1138 802//1138
f 796//1139 797//1139 803//1139
f 803//1139 797//1139 804//1139
f 797//1140 798//1140 804//1140
f 804//1140 798//1140 805//1140
f 799//1141 806//1141 798//1141
f 798//1142 806//1142 805//1142
f 799//1143 807//1143 806//1143
f 799//1144 800//1144 807//1144
f 807//1145 800//1145 808//1145
f 800//1146 801//1146 808//1146
f 801//1147 794//1147 808//1147
f 808//1147 794//1147 802//1147
f 802//1148 810//1148 809//1148
f 802//1149 803//1149 810//1149
f 804//1150 811//1150 803//1150
f 803//1150 811//1150 810//1150
f 804//1151 812//1151 811//1151
f 804//1152 805//1152 812//1152
f 806//1153 813//1153 805//1153
f 805//1154 813//1154 812//1154
f 806//1155 807//1155 813//1155
f 813//1156 807//1156 814//1156
f 807//1157 808//1157 814//1157
f 808//1158 809//1158 814//1158
f 808//1159 802//1159 809//1159
f 809//1160 810//1160 815//1160
f 810//1161 816//1161 815//1161
f 810//1162 811//1162 816//1162
f 812//1163 817//1163 811//1163
f 811//1164 817//1164 816//1164
f 812//1165 813//1165 817//1165
f 813//1166 814//1166 817//1166
f 814//1167 818//1167 817//1167
f 814//1168 809//1168 818//1168
f 809//1169 815//1169 818//1169
f 819//1170 820//1170 848//1170
f 820//1171 847//1171 848//1171
f 820//1171 821//1171 847//1171
f 822//1172 846//1172 821//1172
f 821//1173 846//1173 847//1173
f 822//1174 845//1174 846//1174
f 822//1175 823//1175 845//1175
f 845//1175 823//1175 844//1175
f 823//1176 843//1176 844//1176
f 823//1176 824//1176 843//1176
f 824//1177 819//1177 843//1177
f 843//1177 819//1177 849//1177
f 819//1170 848//1170 849//1170
f 831//1178 830//1178 832//1178
f 832//1179 833//1179 831//1179
f 831//1180 833//1180 834//1180
f 834//1181 833//1181 835//1181
f 834//1182 835//1182 836//1182
f 835//1183 837//1183 836//1183
f 836//1184 837//1184 838//1184
f 837//1185 839//1185 838//1185
f 838//1186 839//1186 840//1186
f 840//1187 839//1187 842//1187
f 842//1188 839//1188 841//1188
f 841//1189 830//1189 842//1189
f 842//1190 830//1190 831//1190
f 815//1191 832//1191 830//1191
f 816//1192 833//1192 815//1192
f 815//1193 833//1193 832//1193
f 816//1194 835//1194 833//1194
f 816//1195 817//1195 835//1195
f 817//1196 837//1196 835//1196
f 817//1197 839//1197 837//1197
f 817//1198 818//1198 839//1198
f 839//1199 818//1199 841//1199
f 818//1200 830//1200 841//1200
f 818//1201 815//1201 830//1201
f 831//1202 820//1202 819//1202
f 831//1203 834//1203 820//1203
f 834//1204 821//1204 820//1204
f 834//1205 836//1205 821//1205
f 821//1206 836//1206 822//1206
f 836//1207 838//1207 822//1207
f 838//1208 823//1208 822//1208
f 838//1209 840//1209 823//1209
f 842//1210 824//1210 840//1210
f 840//1211 824//1211 823//1211
f 831//1212 819//1212 842//1212
f 842//1213 819//1213 824//1213
f 844//1214 843//1214 828//1214
f 845//1215 844//1215 827//1215
f 827//1215 844//1215 828//1215
f 845//1216 827//1216 846//1216
f 846//1217 827//1217 826//1217
f 847//1218 846//1218 826//1218
f 847//1219 826//1219 825//1219
f 848//1220 847//1220 825//1220
f 848//1221 825//1221 849//1221
f 849//1222 825//1222 829//1222
f 843//1223 849//1223 829//1223
f 843//1214 829//1214 828//1214
f 851//1224 856//1224 850//1224
f 850//1225 856//1225 855//1225
f 851//1226 852//1226 856//1226
f 856//1227 852//1227 857//1227
f 852//1228 853//1228 857//1228
f 853//1229 858//1229 857//1229
f 853//1230 854//1230 858//1230
f 858//1231 854//1231 855//1231
f 854//1232 850//1232 855//1232
f 855//1233 856//1233 859//1233
f 857//1234 860//1234 856//1234
f 856//1235 860//1235 859//1235
f 857//1236 861//1236 860//1236
f 857//1237 858//1237 861//1237
f 861//1238 858//1238 862//1238
f 858//1239 855//1239 862//1239
f 862//1239 855//1239 863//1239
f 855//1240 859//1240 863//1240
f 874//1241 864//1241 866//1241
f 866//1242 865//1242 874//1242
f 864//1243 867//1243 866//1243
f 866//1244 867//1244 875//1244
f 868//1245 864//1245 865//1245
f 865//1246 864//1246 874//1246
f 865//1247 866//1247 876//1247
f 878//1248 866//1248 877//1248
f 877//1249 866//1249 875//1249
f 875//1250 867//1250 877//1250
f 877//1251 871//1251 878//1251
f 867//1252 872//1252 879//1252
f 872//1253 867//1253 880//1253
f 880//1254 867//1254 864//1254
f 864//1255 868//1255 880//1255
f 880//1256 873//1256 872//1256
f 868//1257 865//1257 881//1257
f 881//1258 869//1258 868//1258
f 881//1259 865//1259 876//1259
f 870//1260 882//1260 876//1260
f 876//1261 882//1261 881//1261
f 882//1262 869//1262 881//1262
f 876//1263 866//1263 878//1263
f 878//1264 870//1264 876//1264
f 867//1265 879//1265 877//1265
f 877//1266 879//1266 883//1266
f 872//1267 871//1267 879//1267
f 879//1268 871//1268 883//1268
f 871//1269 877//1269 883//1269
f 869//1270 873//1270 868//1270
f 868//1271 873//1271 880//1271
f 870//1272 873//1272 882//1272
f 878//1273 871//1273 870//1273
f 870//1274 871//1274 884//1274
f 872//1275 885//1275 871//1275
f 871//1276 885//1276 884//1276
f 872//1277 873//1277 885//1277
f 890//1278 899//1278 896//1278
f 893//1279 890//1279 896//1279
f 886//1280 895//1280 888//1280
f 889//1281 891//1281 894//1281
f 894//1281 891//1281 897//1281
f 899//1282 890//1282 898//1282
f 898//1282 890//1282 888//1282
f 908//1283 909//1283 903//1283
f 903//1283 909//1283 901//1283
f 906//1284 892//1284 905//1284
f 905//1284 892//1284 887//1284
f 886//1285 893//1285 900//1285
f 900//1286 893//1286 902//1286
f 887//1287 892//1287 889//1287
f 889//1288 892//1288 891//1288
f 888//1289 890//1289 886//1289
f 886//1289 890//1289 893//1289
f 894//1290 897//1290 895//1290
f 895//1290 897//1290 896//1290
f 900//1291 895//1291 886//1291
f 902//1292 893//1292 896//1292
f 900//1293 902//1293 901//1293
f 901//1293 902//1293 903//1293
f 904//1294 907//1294 905//1294
f 905//1294 907//1294 906//1294
f 888//1295 895//1295 898//1295
f 909//1296 895//1296 901//1296
f 901//1297 895//1297 900//1297
f 908//1298 903//1298 896//1298
f 902//1299 896//1299 903//1299
f 895//1300 889//1300 894//1300
f 896//1301 897//1301 891//1301
f 896//1302 891//1302 892//1302
f 896//1303 892//1303 906//1303
f 908//1304 896//1304 907//1304
f 896//1305 906//1305 907//1305
f 908//1306 907//1306 909//1306
f 909//1306 907//1306 904//1306
f 909//1307 904//1307 895//1307
f 895//1308 904//1308 905//1308
f 895//1309 905//1309 887//1309
f 895//1310 887//1310 889//1310
f 910//1311 920//1311 912//1311
f 912//1312 920//1312 913//1312
f 920//1313 914//1313 913//1313
f 910//1314 911//1314 920//1314
f 920//1315 911//1315 921//1315
f 911//1316 915//1316 921//1316
f 915//1317 914//1317 921//1317
f 921//1318 914//1318 920//1318
f 911//1319 910//1319 923//1319
f 923//1320 910//1320 922//1320
f 910//1321 912//1321 922//1321
f 922//1322 917//1322 923//1322
f 913//1323 914//1323 918//1323
f 915//1324 919//1324 914//1324
f 925//1325 915//1325 911//1325
f 911//1326 923//1326 925//1326
f 923//1327 916//1327 925//1327
f 923//1328 917//1328 916//1328
f 922//1329 912//1329 924//1329
f 924//1330 912//1330 926//1330
f 926//1331 917//1331 924//1331
f 924//1332 917//1332 922//1332
f 913//1333 918//1333 912//1333
f 912//1334 918//1334 927//1334
f 919//1335 918//1335 914//1335
f 916//1336 928//1336 925//1336
f 925//1337 928//1337 915//1337
f 928//1338 919//1338 915//1338
f 919//1339 928//1339 917//1339
f 917//1340 928//1340 916//1340
f 926//1341 919//1341 917//1341
f 912//1342 927//1342 926//1342
f 926//1343 927//1343 929//1343
f 918//1344 919//1344 927//1344
f 927//1345 919//1345 929//1345
f 919//1346 926//1346 929//1346