mtllib ship-wreck.mtl
v 2.000000 2.939782 -3.800000
v 2.100000 2.939782 -3.800000
v 2.000000 3.194495 -3.694495
v 2.100000 3.194495 -3.694495
v 2.100000 3.316478 -3.400000
v 2.000000 3.316478 -3.400000
v 2.100000 3.194495 -3.105505
v 2.000000 3.194495 -3.105505
v 2.100000 2.939782 -3.000000
v 2.000000 2.939782 -3.000000
v 2.100000 2.200000 -3.000000
v 2.000000 2.200000 -3.000000
v 2.050000 2.300000 -3.200000
v 2.100000 2.300000 -3.200000
v 2.050000 2.900000 -3.200000
v 2.100000 2.900000 -3.200000
v 2.050000 3.041421 -3.258579
v 2.100000 3.041421 -3.258579
v 2.100000 3.100000 -3.400000
v 2.050000 3.100000 -3.400000
v 2.100000 3.041421 -3.541421
v 2.050000 3.041421 -3.541421
v 2.100000 2.900000 -3.600000
v 2.050000 2.900000 -3.600000
v 2.100000 2.300000 -3.600000
v 2.050000 2.300000 -3.600000
v 2.000000 2.200000 -3.800000
v 2.100000 2.200000 -3.800000
v 2.100000 2.100000 -3.100000
v 2.100000 2.100000 -3.700000
v 2.000000 2.100000 -3.100000
v 2.000000 2.100000 -3.700000
v 2.100000 2.129289 -3.770710
v 2.000000 2.129289 -3.770710
v 2.100000 2.129289 -3.029289
v 2.000000 2.129289 -3.029289
v 0.400000 2.939782 -2.300000
v 0.400000 2.939782 -2.100000
v 0.294495 3.194495 -2.300000
v 0.294495 3.194495 -2.100000
v -0.000000 3.316478 -2.100000
v 0.000000 3.316478 -2.300000
v -0.294495 3.194495 -2.100000
v -0.294495 3.194495 -2.300000
v -0.400000 2.939782 -2.100000
v -0.400000 2.939782 -2.300000
v -0.200000 2.100000 -2.250000
v -0.200000 2.100000 -2.100000
v -0.200000 2.900000 -2.250000
v -0.200000 2.900000 -2.100000
v -0.141421 3.041421 -2.250000
v -0.141421 3.041421 -2.100000
v -0.000000 3.100000 -2.100000
v 0.000000 3.100000 -2.250000
v 0.141421 3.041421 -2.100000
v 0.141421 3.041421 -2.250000
v 0.200000 2.900000 -2.100000
v 0.200000 2.900000 -2.250000
v 0.200000 2.100000 -2.100000
v 0.200000 2.100000 -2.250000
v -0.400000 2.100000 -2.100000
v -0.400000 2.100000 -2.300000
v 0.400000 2.100000 -2.100000
v 0.400000 2.100000 -2.300000
v -0.830000 3.500000 -3.353000
v -0.830000 3.500000 -2.945750
v -1.800000 3.500000 -3.353000
v -1.800000 3.500000 -2.945750
v -0.830000 3.150000 -3.002000
v -0.830000 3.150000 -2.594750
v -1.800000 3.150000 -3.002000
v -1.800000 3.150000 -2.594750
v -0.830000 3.325000 -2.902000
v -1.800000 3.325000 -2.902000
v -0.830000 3.456250 -2.902000
v -1.800000 3.456250 -2.902000
v -0.830000 3.325000 -3.002000
v -1.800000 3.325000 -3.002000
v -0.830000 2.975000 -2.551000
v -1.800000 2.975000 -2.551000
v -0.830000 3.106250 -2.551000
v -1.800000 3.106250 -2.551000
v -0.830000 2.975000 -2.651000
v -1.800000 2.975000 -2.651000
v -0.830000 2.625000 -2.200000
v -1.800000 2.625000 -2.200000
v -0.830000 2.756250 -2.200000
v -1.800000 2.756250 -2.200000
v -0.830000 2.625000 -2.300000
v -1.800000 2.625000 -2.300000
v -0.830000 2.275000 -1.849000
v -1.800000 2.275000 -1.849000
v -0.830000 2.406250 -1.849000
v -1.800000 2.406250 -1.849000
v -0.830000 2.275000 -1.949000
v -1.800000 2.275000 -1.949000
v -0.830000 2.450000 -2.300000
v -0.830000 2.450000 -1.892750
v -1.800000 2.450000 -2.300000
v -1.800000 2.450000 -1.892750
v -0.830000 2.800000 -2.651000
v -0.830000 2.800000 -2.243750
v -1.800000 2.800000 -2.651000
v -1.800000 2.800000 -2.243750
v 0.174071 2.100000 3.065823
v 0.174071 2.100000 2.864822
v 0.000000 2.100000 3.166322
v 0.000000 2.100000 2.764323
v -0.174071 2.100000 3.065823
v -0.174071 2.100000 2.864822
v 0.000000 6.643000 3.115323
v -0.129904 6.643000 3.040323
v -0.129904 6.643000 2.890322
v 0.129904 6.643000 2.890322
v 0.129904 6.643000 3.040323
v 0.000000 6.643000 2.815322
v 0.830000 3.500000 -3.353000
v 0.830000 3.500000 -2.945750
v 1.800000 3.500000 -3.353000
v 1.800000 3.500000 -2.945750
v 0.830000 3.150000 -3.002000
v 0.830000 3.150000 -2.594750
v 1.800000 3.150000 -3.002000
v 1.800000 3.150000 -2.594750
v 0.830000 3.325000 -2.902000
v 1.800000 3.325000 -2.902000
v 0.830000 3.456250 -2.902000
v 1.800000 3.456250 -2.902000
v 0.830000 3.325000 -3.002000
v 1.800000 3.325000 -3.002000
v 0.830000 2.975000 -2.551000
v 1.800000 2.975000 -2.551000
v 0.830000 3.106250 -2.551000
v 1.800000 3.106250 -2.551000
v 0.830000 2.975000 -2.651000
v 1.800000 2.975000 -2.651000
v 0.830000 2.625000 -2.200000
v 1.800000 2.625000 -2.200000
v 0.830000 2.756250 -2.200000
v 1.800000 2.756250 -2.200000
v 0.830000 2.625000 -2.300000
v 1.800000 2.625000 -2.300000
v 0.830000 2.275000 -1.849000
v 1.800000 2.275000 -1.849000
v 0.830000 2.406250 -1.849000
v 1.800000 2.406250 -1.849000
v 0.830000 2.275000 -1.949000
v 1.800000 2.275000 -1.949000
v 0.830000 2.450000 -2.300000
v 0.830000 2.450000 -1.892750
v 1.800000 2.450000 -2.300000
v 1.800000 2.450000 -1.892750
v 0.830000 2.800000 -2.651000
v 0.830000 2.800000 -2.243750
v 1.800000 2.800000 -2.651000
v 1.800000 2.800000 -2.243750
v 0.174071 2.100000 0.780734
v 0.174071 2.100000 0.579734
v -0.000000 2.100000 0.881234
v -0.000000 2.100000 0.479234
v -0.174071 2.100000 0.780734
v -0.174071 2.100000 0.579734
v -0.000000 9.963520 0.830234
v -0.129904 9.963520 0.755234
v -0.129904 9.963520 0.605234
v 0.129904 9.963520 0.605234
v 0.129904 9.963520 0.755234
v -0.000000 9.963520 0.530234
v -2.050000 3.100000 -3.400000
v -2.050000 3.041421 -3.541421
v -2.100000 3.100000 -3.400000
v -2.100000 3.041421 -3.541421
v -2.050000 2.900000 -3.600000
v -2.100000 2.900000 -3.600000
v -2.100000 2.939782 -3.800000
v -2.000000 2.939782 -3.800000
v -2.100000 3.194495 -3.694495
v -2.000000 3.194495 -3.694495
v -2.100000 2.200000 -3.800000
v -2.000000 2.200000 -3.800000
v -2.050000 2.300000 -3.600000
v -2.050000 2.300000 -3.200000
v -2.100000 2.300000 -3.600000
v -2.100000 2.300000 -3.200000
v -2.100000 2.129289 -3.770710
v -2.000000 2.129289 -3.770710
v -2.000000 2.939782 -3.000000
v -2.100000 2.939782 -3.000000
v -2.000000 3.194495 -3.105505
v -2.100000 3.194495 -3.105505
v -2.000000 3.316478 -3.400000
v -2.100000 3.316478 -3.400000
v -2.100000 2.900000 -3.200000
v -2.050000 2.900000 -3.200000
v -2.000000 2.129289 -3.029289
v -2.100000 2.129289 -3.029289
v -2.000000 2.200000 -3.000000
v -2.100000 2.200000 -3.000000
v -2.000000 2.100000 -3.700000
v -2.100000 2.100000 -3.700000
v -2.100000 2.100000 -3.100000
v -2.100000 3.041421 -3.258579
v -2.000000 2.100000 -3.100000
v -2.050000 3.041421 -3.258579
v 0.282136 4.282136 -2.646240
v 0.362746 4.201526 -2.646240
v 0.282136 4.282136 -2.400000
v 0.362746 4.201526 -2.400000
v -0.282136 4.282136 -2.646240
v -0.282136 4.282136 -2.400000
v -0.362746 4.201526 -2.646240
v -0.362746 4.201526 -2.400000
v -0.362746 3.637254 -2.646240
v -0.362746 3.637254 -2.400000
v -0.282136 3.556644 -2.646240
v -0.282136 3.556644 -2.400000
v 0.000000 3.838780 -2.646240
v -0.080610 3.919390 -2.646240
v 0.080610 3.919390 -2.646240
v 0.362746 3.637254 -2.646240
v 0.282136 3.556644 -2.646240
v 0.000000 4.000000 -2.646240
v 0.000000 4.000000 -2.400000
v 0.080610 3.919390 -2.400000
v -0.080610 3.919390 -2.400000
v 0.000000 3.838780 -2.400000
v 0.362746 3.637254 -2.400000
v 0.282136 3.556644 -2.400000
v 0.175286 3.824714 -2.461560
v 0.175286 3.824714 -2.584680
v 0.264366 3.735634 -2.461560
v 0.264366 3.735634 -2.584680
v 0.094676 3.744104 -2.461560
v 0.094676 3.744104 -2.584680
v 0.183756 3.655024 -2.461560
v 0.183756 3.655024 -2.584680
v 0.175286 4.014066 -2.461560
v 0.264366 4.103146 -2.461560
v 0.175286 4.014066 -2.584680
v 0.264366 4.103146 -2.584680
v -0.264366 3.735634 -2.584680
v -0.175286 3.824714 -2.584680
v -0.264366 3.735634 -2.461560
v -0.175286 3.824714 -2.461560
v 0.094676 4.094676 -2.584680
v 0.183756 4.183756 -2.584680
v 0.094676 4.094676 -2.461560
v 0.183756 4.183756 -2.461560
v -0.183756 4.183756 -2.461560
v -0.183756 4.183756 -2.584680
v -0.094676 4.094676 -2.461560
v -0.094676 4.094676 -2.584680
v -0.183756 3.655024 -2.584680
v -0.094676 3.744104 -2.584680
v -0.183756 3.655024 -2.461560
v -0.094676 3.744104 -2.461560
v -0.264366 4.103146 -2.461560
v -0.264366 4.103146 -2.584680
v -0.175286 4.014066 -2.461560
v -0.175286 4.014066 -2.584680
v -0.750000 2.100000 -0.112500
v -0.750000 2.300000 -0.112500
v -0.650000 2.100000 -0.012500
v -0.650000 2.300000 -0.012500
v -0.750000 2.100000 -1.412500
v -0.750000 2.300000 -1.412500
v -0.650000 2.100000 -1.512500
v -0.650000 2.300000 -1.512500
v 0.650000 2.100000 -0.012500
v 0.650000 2.300000 -0.012500
v 0.750000 2.300000 -1.412500
v 0.750000 2.300000 -0.112500
v 0.650000 2.300000 -1.512500
v 0.550000 2.300000 -1.312500
v 0.550000 2.300000 -0.212500
v -0.550000 2.300000 -1.312500
v -0.550000 2.300000 -0.212500
v 0.650000 2.100000 -1.512500
v 0.750000 2.100000 -1.412500
v 0.750000 2.100000 -0.112500
v -1.172410 0.000000 -0.112500
v -1.172410 0.000000 -0.987500
v -1.868686 0.580230 -0.112500
v -1.868686 0.580230 -0.987500
v -2.200000 1.463733 -0.987500
v -2.200000 1.463733 -0.112500
v -1.100000 2.100000 -0.987500
v -2.200000 2.100000 -0.987500
v -1.100000 1.463733 -0.987500
v 1.100000 1.463733 -0.987500
v 2.200000 1.463733 -0.987500
v 2.200000 2.100000 -0.987500
v 1.100000 2.100000 -0.987500
v 1.868686 0.580230 -0.987500
v 1.172410 0.000000 -0.987500
v 1.868686 0.580230 -0.112500
v 1.172410 0.000000 -0.112500
v 2.200000 1.463733 -0.112500
v 2.200000 2.100000 -0.112500
v 1.100000 2.100000 -0.112500
v 1.100000 1.463733 -0.112500
v -1.100000 1.463733 -0.112500
v -1.100000 2.100000 -0.112500
v -2.200000 2.100000 -0.112500
v -0.630000 3.800000 -3.353000
v -0.630000 3.500000 -3.353000
v -0.630000 3.941421 -3.294421
v -0.630000 3.500000 -2.400000
v -0.630000 4.000000 -3.153000
v -0.630000 4.000000 -2.400000
v 0.630000 3.500000 -3.353000
v 0.630000 3.800000 -3.353000
v 0.630000 3.500000 -2.400000
v 0.630000 3.941421 -3.294421
v 0.630000 4.000000 -3.153000
v 0.630000 4.000000 -2.400000
v 0.930000 3.800000 -3.353000
v 0.930000 3.941421 -3.294421
v 0.930000 3.500000 -3.353000
v 0.930000 3.500000 -2.300000
v 0.930000 4.000000 -3.153000
v 0.930000 4.000000 -2.300000
v 0.871421 3.500000 -2.158579
v 0.730000 3.500000 -2.100000
v 0.871421 4.000000 -2.158579
v 0.730000 4.000000 -2.100000
v -0.930000 3.500000 -2.300000
v -0.930000 4.000000 -2.300000
v -0.871421 3.500000 -2.158579
v -0.871421 4.000000 -2.158579
v -0.730000 3.500000 -2.100000
v -0.730000 4.000000 -2.100000
v -0.930000 3.941421 -3.294421
v -0.930000 4.000000 -3.153000
v -0.930000 3.800000 -3.353000
v -0.930000 3.500000 -3.353000
v -2.200000 2.100000 -0.112500
v -2.200000 2.475000 -0.112500
v -2.200000 2.100000 1.258292
v -2.200000 2.600000 0.012500
v -2.200000 2.600000 1.258292
v -1.800000 2.100000 -0.112500
v -1.800000 2.475000 -0.112500
v -1.800000 2.600000 0.012500
v -1.800000 2.100000 1.141708
v -1.800000 2.600000 1.141708
v 2.200000 2.100000 -0.112500
v 1.800000 2.100000 -0.112500
v 2.200000 2.100000 1.258292
v 1.800000 2.100000 1.141708
v 0.389727 2.100000 4.100000
v 0.170273 2.100000 3.700000
v -0.389727 2.100000 4.100000
v -0.170273 2.100000 3.700000
v 1.800000 2.475000 -0.112500
v 2.200000 2.475000 -0.112500
v 1.800000 2.600000 0.012500
v 2.200000 2.600000 0.012500
v 1.800000 2.400000 0.635396
v 1.800000 2.600000 0.422352
v 1.800000 2.600000 0.848441
v 1.800000 2.600000 1.141708
v 2.200000 2.400000 0.635396
v 2.200000 2.600000 0.422352
v 2.200000 2.600000 0.848441
v 2.200000 2.600000 1.258292
v 1.729930 2.600000 1.996193
v 1.322498 3.100000 2.635766
v 0.930831 2.900000 3.250593
v 1.048356 3.100000 3.066105
v 0.813306 3.100000 3.435080
v 0.389727 3.100000 4.100000
v 1.392568 2.600000 1.781281
v 0.985137 3.100000 2.420854
v 0.710994 3.100000 2.851193
v 0.593469 2.900000 3.035681
v 0.475944 3.100000 3.220168
v 0.170273 3.100000 3.700000
v -0.170273 3.100000 3.700000
v -1.392568 2.600000 1.781281
v -0.985137 3.100000 2.420854
v -0.389727 3.100000 4.100000
v -1.729930 2.600000 1.996193
v -1.322498 3.100000 2.635766
v -2.053553 3.500000 -5.153553
v -2.053553 4.200000 -5.153553
v -2.200000 3.500000 -4.800000
v -2.200000 4.200000 -4.800000
v 1.700000 3.500000 -5.300000
v 2.053553 3.500000 -5.153553
v 1.700000 4.200000 -5.300000
v 2.053553 4.200000 -5.153553
v -1.800000 2.600000 -1.112500
v -1.800000 2.475000 -0.987500
v -2.200000 2.600000 -1.112500
v -2.200000 2.475000 -0.987500
v 2.200000 2.600000 -1.370741
v 1.800000 2.600000 -1.370741
v 2.200000 3.886619 -2.224743
v 1.800000 3.886619 -2.224743
v 2.200000 4.200000 -4.800000
v 2.200000 3.500000 -4.800000
v 2.200000 4.000000 -2.436084
v 1.800000 4.000000 -2.436084
v -1.800000 2.100000 -0.987500
v -2.200000 2.100000 -0.987500
v -1.800000 2.600000 -1.370741
v -2.200000 2.600000 -1.370741
v 2.200000 4.000000 -3.773911
v 1.800000 4.000000 -3.773911
v -1.700000 3.500000 -5.300000
v -1.700000 4.200000 -5.300000
v 2.200000 2.100000 -0.987500
v 1.800000 2.100000 -0.987500
v 2.200000 2.475000 -0.987500
v 1.800000 2.475000 -0.987500
v 2.200000 2.600000 -1.112500
v 1.800000 2.600000 -1.112500
v 1.500000 4.200000 -4.900000
v 1.800000 4.200000 -4.900000
v 1.500000 4.000000 -4.900000
v 1.800000 3.500000 -4.900000
v -1.800000 3.500000 -4.900000
v -1.500000 4.000000 -4.900000
v -1.800000 4.200000 -4.900000
v -1.500000 4.200000 -4.900000
v -1.800000 4.200000 -4.600000
v -1.800000 3.500000 -4.800000
v -1.800000 4.000000 -4.600000
v -1.800000 3.500000 -2.568241
v -1.800000 4.000000 -2.436084
v -1.800000 2.100000 -1.638982
v -1.800000 3.886619 -2.224743
v 2.200000 2.100000 -1.638982
v 1.800000 2.100000 -1.638982
v 1.800000 3.500000 -2.568241
v 2.200000 3.500000 -2.568241
v -2.200000 3.500000 -2.568241
v 1.800000 3.500000 -4.800000
v -2.200000 2.100000 -1.638982
v 1.500000 4.000000 -5.300000
v -1.500000 4.000000 -5.300000
v 1.500000 4.200000 -5.300000
v 1.800000 4.200000 -4.600000
v 2.200000 4.200000 -4.600000
v 1.800000 4.000000 -4.600000
v 2.200000 4.000000 -4.600000
v -2.200000 4.000000 -4.600000
v -2.200000 4.200000 -4.600000
v -2.200000 3.886619 -2.224743
v -2.200000 4.000000 -2.436084
v -1.500000 4.200000 -5.300000
v 2.200000 4.000000 -4.200000
v 2.200000 3.800000 -3.986955
v 1.800000 4.000000 -4.200000
v 1.800000 3.800000 -3.986955
v 1.077905 0.907810 2.407034
v 1.160605 1.057855 2.361456
v 1.106098 0.907810 2.455865
v -2.000000 1.900000 0.087500
v -2.300000 1.900000 0.087500
v -2.000000 2.100000 0.087500
v -2.300000 2.100000 0.087500
v -2.400000 2.100000 -0.012500
v -2.400000 1.900000 -0.012500
v -2.400000 2.100000 -1.087500
v -2.400000 1.900000 -1.087500
v -2.300000 1.900000 -1.187500
v -2.000000 1.900000 -1.187500
v -2.300000 2.100000 -1.187500
v -2.000000 2.100000 -1.187500
v 2.000000 1.900000 -1.187500
v 2.300000 1.900000 -1.187500
v 2.000000 2.100000 -1.187500
v 2.300000 2.100000 -1.187500
v 2.400000 2.100000 -1.087500
v 2.400000 1.900000 -1.087500
v 2.400000 2.100000 -0.012500
v 2.400000 1.900000 -0.012500
v 2.300000 1.900000 0.087500
v 2.000000 1.900000 0.087500
v 2.300000 2.100000 0.087500
v 2.000000 2.100000 0.087500
v -0.830000 2.100000 -1.949000
v -1.800000 2.100000 -1.949000
v -0.830000 2.100000 -2.300000
v -0.830000 2.625000 -2.651000
v 0.346410 7.700000 0.881234
v 0.346410 7.700000 0.481234
v -0.000000 7.700000 1.081234
v -0.000000 7.700000 0.281234
v -0.346410 7.700000 0.881234
v -0.346410 7.700000 0.481234
v 0.484974 8.500000 0.401234
v 0.484974 8.500000 0.961234
v -0.000000 8.500000 0.121234
v -0.484974 8.500000 0.401234
v -0.484974 8.500000 0.961234
v -0.000000 8.500000 1.241234
v 0.322523 7.800000 0.495025
v 0.322523 7.800000 0.867443
v -0.000000 7.800000 0.308817
v -0.000000 7.800000 1.053651
v -0.322523 7.800000 0.495025
v -0.322523 7.800000 0.867443
v -0.000000 8.500000 0.308817
v -0.322523 8.500000 0.495025
v -0.322523 8.500000 0.867443
v -0.000000 8.500000 1.053651
v 0.322523 8.500000 0.867443
v 0.322523 8.500000 0.495025
v 0.280000 3.002534 4.100000
v 0.280000 2.600000 4.100000
v 0.210000 3.002534 5.300000
v 0.210000 2.826741 5.300000
v -0.280000 2.600000 4.100000
v -0.210000 2.826741 5.300000
v -0.280000 3.002534 4.100000
v -0.210000 3.002534 5.300000
v 0.179875 3.100000 4.100000
v 0.109875 3.100000 5.300000
v -0.179875 3.100000 4.100000
v -0.109875 3.100000 5.300000
v 0.248024 2.900000 0.537037
v 0.248024 2.900000 0.823431
v -0.000000 2.900000 0.393840
v -0.000000 2.900000 0.966627
v -0.248024 2.900000 0.537037
v -0.248024 2.900000 0.823431
v 0.340118 2.100000 0.483867
v 0.340118 2.100000 0.876601
v 0.000000 2.100000 0.287500
v 0.000000 2.100000 1.072968
v -0.340118 2.100000 0.876601
v -0.340118 2.100000 0.483867
v 0.830000 2.100000 -1.949000
v 1.800000 2.100000 -1.949000
v 0.830000 2.100000 -2.300000
v 0.830000 2.625000 -2.651000
v 0.830000 2.100000 -2.300000
v -0.830000 2.100000 -2.300000
v 0.830000 3.500000 -2.300000
v -0.830000 3.500000 -2.300000
v 1.800000 2.100000 -1.638982
v 1.800000 3.500000 -2.568241
v 2.000000 2.100000 -1.638982
v 2.000000 3.500000 -2.568241
v 2.000000 3.500000 -5.100000
v 2.000000 3.500000 -3.353000
v 0.830000 3.500000 -5.100000
v 1.800000 3.500000 -3.353000
v 0.830000 3.500000 -3.353000
v -0.830000 3.500000 -5.100000
v -0.830000 3.500000 -3.353000
v -2.000000 3.500000 -5.100000
v -1.800000 3.500000 -3.353000
v -2.000000 3.500000 -3.353000
v -1.800000 3.500000 -2.568241
v -2.000000 3.500000 -2.568241
v 1.800000 2.100000 -3.353000
v -1.800000 2.100000 -1.638982
v -2.000000 2.100000 -1.638982
v -1.800000 2.100000 -3.353000
v 0.830000 2.100000 -3.353000
v -0.830000 2.100000 -3.353000
v 0.340480 3.919390 -2.584680
v 0.340480 3.919390 -2.461560
v 0.000000 4.259870 -2.584680
v 0.000000 4.259870 -2.461560
v -0.214502 3.919390 -2.584680
v -0.214502 3.919390 -2.461560
v 0.000000 4.133893 -2.461560
v 0.000000 4.133893 -2.584680
v -0.340480 3.919390 -2.584680
v -0.340480 3.919390 -2.461560
v -0.000000 3.704888 -2.584680
v -0.000000 3.704888 -2.461560
v 0.214502 3.919390 -2.584680
v -0.000000 3.578910 -2.584680
v 0.214502 3.919390 -2.461560
v -0.000000 3.578910 -2.461560
v 0.280000 2.100000 3.900000
v 2.000000 2.100000 1.200000
v -0.280000 2.100000 3.900000
v -2.000000 2.100000 1.200000
v 2.000000 2.100000 -2.300000
v -2.000000 2.100000 -2.300000
v -1.700000 0.700000 1.200000
v -2.000000 1.500000 1.200000
v -0.280000 1.089000 3.900000
v 1.733652 1.819700 1.368909
v 1.345802 1.567660 0.697133
v 0.957952 1.567660 1.368909
v -1.100000 0.200000 1.200000
v 1.345802 1.567660 2.040685
v 1.071251 0.872242 2.395509
v 0.852165 0.468689 2.016042
v 0.280000 1.089000 3.900000
v 1.809124 1.770655 1.499630
v 1.892399 1.768120 1.368909
v -1.100000 0.200000 -4.100000
v 1.100000 0.200000 -4.100000
v -1.700000 0.700000 -4.100000
v 1.700000 0.700000 -4.100000
v 1.106098 0.907810 0.281952
v 1.106098 0.205081 0.281952
v 0.478543 0.907810 1.368909
v 1.100000 0.200000 0.292514
v 0.576063 0.200000 1.200000
v 0.478543 0.255615 1.368909
v 2.000000 1.500000 0.654561
v 2.000000 1.567660 0.697133
v 2.000000 1.500000 -1.638982
v 2.000000 1.646617 0.907581
v 2.000000 1.701472 1.200000
v 2.000000 2.100000 -1.638982
v 2.000000 3.500000 -2.568241
v 2.000000 3.500000 -3.353000
v 2.000000 1.500000 -4.600000
v 2.000000 2.100000 -4.600000
v 2.000000 2.800000 -5.100000
v 2.000000 3.500000 -5.100000
v 1.377733 1.351307 2.176815
v 1.464453 1.567660 2.040685
v -1.100000 0.200000 -1.638982
v 1.100000 0.200000 -1.638982
v -1.700000 0.700000 -1.638982
v 1.777929 0.907810 0.281952
v -2.000000 1.500000 -4.600000
v -2.000000 1.500000 -1.638982
v -2.000000 2.100000 -4.600000
v -2.000000 3.500000 -3.353000
v -2.000000 3.500000 -5.100000
v -2.000000 2.800000 -5.100000
v -2.000000 3.500000 -2.568241
v -2.000000 2.100000 -1.638982
v 1.700000 0.700000 -1.638982
v 1.700000 0.700000 0.281952
v -0.830000 3.500000 -5.100000
v 0.830000 3.500000 -5.100000
v -2.200000 1.500000 -2.668241
v -2.200000 1.900000 -2.668241
v -2.100000 1.500000 -2.568241
v -2.100000 1.900000 -2.568241
v -2.000000 1.500000 -2.568241
v -2.000000 1.500000 -4.600000
v -2.100000 1.500000 -4.800000
v -2.200000 1.500000 -4.700000
v 2.000000 1.500000 -4.600000
v 2.100000 1.500000 -4.800000
v 2.000000 1.500000 -2.568241
v 2.100000 1.500000 -2.568241
v 2.200000 1.500000 -4.700000
v 2.200000 1.500000 -2.668241
v 2.200000 1.900000 -4.700000
v 2.200000 1.900000 -2.668241
v 2.100000 1.900000 -4.800000
v 2.100000 1.900000 -2.568241
v 2.000000 1.900000 -4.600000
v 2.000000 1.900000 -2.568241
v -2.100000 1.900000 -4.800000
v -2.000000 1.900000 -4.600000
v -2.000000 1.900000 -2.568241
v -2.200000 1.900000 -4.700000
v 0.550000 1.600000 -1.312500
v 0.550000 1.600000 -0.212500
v -0.550000 1.600000 -1.312500
v -0.550000 1.600000 -0.212500
v -1.498614 2.100000 0.781053
v -1.548444 2.100000 0.885037
v -1.540365 2.200194 0.753207
v -1.596304 2.200194 0.869940
v -1.352979 2.389669 0.652475
v -1.268391 2.389669 0.693010
v -1.392134 2.413946 0.734181
v -1.307545 2.413946 0.774717
v -1.370829 2.100000 0.913479
v -1.275062 2.100000 0.957456
v -1.323117 2.327955 0.920045
v -1.210361 2.294452 0.974078
v -1.440741 2.159644 1.170085
v -1.462870 2.254087 1.175024
v -1.387913 2.202214 1.059845
v -1.424589 2.284935 1.095140
v -1.557474 2.159644 1.114145
v -1.542938 2.100000 1.093277
v -1.433582 2.100000 1.145681
v -1.426137 2.327955 0.763897
v -1.309404 2.327955 0.819836
v -1.432703 2.100000 0.811609
v -1.342478 2.100000 0.854846
v -1.641459 2.135472 0.704762
v -1.621350 2.100000 0.717384
v -1.509178 2.284935 1.054604
v -1.547459 2.254087 1.134488
v -1.372103 2.294452 0.651142
v -1.255371 2.294452 0.707081
v -1.504646 2.202214 1.003906
v -1.486284 2.100000 0.981109
v -1.381648 2.100000 1.031252
v -1.718072 2.225616 0.791825
v -1.644816 2.272516 0.826930
v -1.697398 2.135472 0.821495
v -1.266301 2.294452 1.090811
v -1.211694 2.389669 0.993202
v -1.252230 2.389669 1.077791
v -1.379056 2.327955 1.036778
v -1.333937 2.413946 1.038637
v -1.293401 2.413946 0.954048
v -1.677536 2.225616 0.707236
v -1.604280 2.272516 0.742341
v -1.319791 2.100000 1.050796
v -1.414066 2.100000 1.003704
v -1.388726 2.100000 0.715843
v -1.674962 2.100000 0.829261
v -1.295386 2.100000 0.760572
v 1.036064 2.100000 -1.467631
v 1.150608 2.100000 -1.454399
v 1.023340 2.200194 -1.419086
v 1.151929 2.200194 -1.404231
v 0.867052 2.389669 -1.563427
v 0.877816 2.389669 -1.656607
v 0.957057 2.413946 -1.553030
v 0.967821 2.413946 -1.646210
v 1.119630 2.100000 -1.631589
v 1.130005 2.100000 -1.736459
v 1.110293 2.327955 -1.678838
v 1.124641 2.294452 -1.803045
v 1.385013 2.159644 -1.649097
v 1.396892 2.254087 -1.629784
v 1.263576 2.202214 -1.663125
v 1.308894 2.284935 -1.639949
v 1.370158 2.159644 -1.520508
v 1.345692 2.100000 -1.527451
v 1.359608 2.100000 -1.647914
v 0.996230 2.327955 -1.530564
v 1.011084 2.327955 -1.659153
v 1.043478 2.100000 -1.539901
v 1.054960 2.100000 -1.639290
v 1.010476 2.135472 -1.307724
v 1.015858 2.100000 -1.330849
v 1.298130 2.284935 -1.546769
v 1.386128 2.254087 -1.536604
v 0.872023 2.294452 -1.544912
v 0.886877 2.294452 -1.673501
v 1.248722 2.202214 -1.534536
v 1.221187 2.100000 -1.544468
v 1.234502 2.100000 -1.659732
v 1.117750 2.225616 -1.263657
v 1.127071 2.272516 -1.344354
v 1.139065 2.135472 -1.292870
v 1.253230 2.294452 -1.788191
v 1.143156 2.389669 -1.808016
v 1.236336 2.389669 -1.797252
v 1.238882 2.327955 -1.663983
v 1.225939 2.413946 -1.707246
v 1.132759 2.413946 -1.718010
v 1.024569 2.225616 -1.274421
v 1.033891 2.272516 -1.355118
v 1.232826 2.100000 -1.724581
v 1.219019 2.100000 -1.620108
v 0.938609 2.100000 -1.550277
v 1.139097 2.100000 -1.316612
v 0.950487 2.100000 -1.653097
v -0.498311 2.225000 2.405888
v -0.395455 2.225000 2.458006
v -0.527073 2.325194 2.447012
v -0.411607 2.325194 2.505521
v -0.623635 2.514669 2.257444
v -0.581238 2.514669 2.173773
v -0.542815 2.538946 2.298397
v -0.500417 2.538946 2.214725
v -0.363090 2.225000 2.281064
v -0.317005 2.225000 2.186294
v -0.355469 2.452955 2.233509
v -0.298954 2.419452 2.121977
v -0.108094 2.284644 2.356637
v -0.103646 2.379087 2.378870
v -0.217137 2.327214 2.301383
v -0.182663 2.409935 2.338831
v -0.166602 2.284644 2.472103
v -0.187144 2.225000 2.457109
v -0.132333 2.225000 2.348940
v -0.513859 2.452955 2.333049
v -0.455350 2.452955 2.217582
v -0.466303 2.225000 2.340669
v -0.421081 2.225000 2.251423
v -0.577743 2.260472 2.547009
v -0.564679 2.225000 2.527184
v -0.225060 2.409935 2.422502
v -0.146043 2.379087 2.462542
v -0.625391 2.419452 2.276534
v -0.566882 2.419452 2.161067
v -0.275646 2.327214 2.416849
v -0.298030 2.225000 2.397988
v -0.245585 2.225000 2.294487
v -0.492397 2.350616 2.625530
v -0.455680 2.397516 2.553069
v -0.462277 2.260472 2.605518
v -0.183488 2.419452 2.180485
v -0.279865 2.514669 2.123732
v -0.196193 2.514669 2.166130
v -0.240003 2.452955 2.292017
v -0.237146 2.538946 2.246950
v -0.320817 2.538946 2.204553
v -0.576068 2.350616 2.583133
v -0.539351 2.397516 2.510671
v -0.224677 2.225000 2.233078
v -0.273844 2.225000 2.326287
v -0.561074 2.225000 2.294584
v -0.454017 2.225000 2.583259
v -0.514290 2.225000 2.202256
v -1.008551 2.225000 1.776653
v -0.990761 2.225000 1.890579
v -1.058731 2.325194 1.777334
v -1.038760 2.325194 1.905228
v -0.961289 2.514669 1.588217
v -0.868612 2.514669 1.573745
v -0.947310 2.538946 1.677736
v -0.854633 2.538946 1.663264
v -0.828246 2.225000 1.813475
v -0.724407 2.225000 1.795512
v -0.785198 2.452955 1.791878
v -0.661662 2.419452 1.772588
v -0.740610 2.284644 2.064581
v -0.756056 2.379087 2.081180
v -0.759470 2.327214 1.943801
v -0.769723 2.409935 1.993658
v -0.868505 2.284644 2.084552
v -0.868336 2.225000 2.059120
v -0.748524 2.225000 2.040412
v -0.958518 2.452955 1.721481
v -0.830623 2.452955 1.701510
v -0.936920 2.225000 1.764529
v -0.838068 2.225000 1.749093
v -1.169491 2.260472 1.794629
v -1.145769 2.225000 1.793650
v -0.862400 2.409935 2.008130
v -0.848733 2.379087 2.095652
v -0.977808 2.419452 1.597944
v -0.849914 2.419452 1.577974
v -0.887364 2.327214 1.963772
v -0.885134 2.225000 1.934586
v -0.770493 2.225000 1.916685
v -1.183359 2.350616 1.909769
v -1.103098 2.397516 1.897237
v -1.149520 2.260472 1.922523
v -0.641691 2.419452 1.900482
v -0.651934 2.514669 1.789107
v -0.637463 2.514669 1.881784
v -0.765227 2.452955 1.919772
v -0.726982 2.538946 1.895762
v -0.741453 2.538946 1.803085
v -1.197830 2.350616 1.817092
v -1.117570 2.397516 1.804560
v -0.708438 2.225000 1.897777
v -0.812810 2.225000 1.912327
v -0.954883 2.225000 1.660689
v -1.126629 2.225000 1.916224
v -0.852618 2.225000 1.644721
v -0.332591 3.625000 -4.415974
v -0.318852 3.625000 -4.530459
v -0.284102 3.725194 -4.403036
v -0.268679 3.725194 -4.531558
v -0.429134 3.914669 -4.247388
v -0.522266 3.914669 -4.258564
v -0.418339 3.938946 -4.337347
v -0.511470 3.938946 -4.348523
v -0.496178 3.625000 -4.500265
v -0.601000 3.625000 -4.511105
v -0.543467 3.852955 -4.491138
v -0.667609 3.819453 -4.506035
v -0.512510 3.684644 -4.765723
v -0.493145 3.779088 -4.777516
v -0.527076 3.727214 -4.644350
v -0.503700 3.809935 -4.689565
v -0.383989 3.684644 -4.750299
v -0.391040 3.625000 -4.725864
v -0.511440 3.625000 -4.740313
v -0.395700 3.852955 -4.376419
v -0.524222 3.852955 -4.391843
v -0.404827 3.625000 -4.423708
v -0.504164 3.625000 -4.435630
v -0.172799 3.660472 -4.389679
v -0.195899 3.625000 -4.395163
v -0.410568 3.809935 -4.678389
v -0.400013 3.779088 -4.766340
v -0.410598 3.819453 -4.252277
v -0.539119 3.819453 -4.267700
v -0.398554 3.727214 -4.628926
v -0.408608 3.625000 -4.601436
v -0.523811 3.625000 -4.615261
v -0.128258 3.750616 -4.496757
v -0.208912 3.797516 -4.506435
v -0.157376 3.660472 -4.518200
v -0.652186 3.819453 -4.634557
v -0.672498 3.914669 -4.524572
v -0.661322 3.914669 -4.617703
v -0.528044 3.852955 -4.619659
v -0.571364 3.938946 -4.606908
v -0.582540 3.938946 -4.513776
v -0.139434 3.750616 -4.403625
v -0.220089 3.797516 -4.413303
v -0.588668 3.625000 -4.613872
v -0.484257 3.625000 -4.599602
v -0.415667 3.625000 -4.318886
v -0.181118 3.625000 -4.518338
v -0.518434 3.625000 -4.331219
v 0.969894 3.500000 -4.088646
v 1.062572 3.500000 -4.157248
v 0.993772 3.600194 -4.044506
v 1.097814 3.600194 -4.121519
v 0.781032 3.789669 -4.043114
v 0.725225 3.789669 -4.118507
v 0.853856 3.813946 -4.097020
v 0.798049 3.813946 -4.172412
v 0.918885 3.500000 -4.265461
v 0.854808 3.500000 -4.349123
v 0.879785 3.727955 -4.293581
v 0.805395 3.694453 -4.394078
v 1.100698 3.559644 -4.459570
v 1.122568 3.654088 -4.453586
v 1.002444 3.602214 -4.386841
v 1.051369 3.684935 -4.400883
v 1.177712 3.559644 -4.355529
v 1.155103 3.500000 -4.343882
v 1.082956 3.500000 -4.441349
v 0.897808 3.727955 -4.107381
v 0.820795 3.727955 -4.211422
v 0.925929 3.500000 -4.146482
v 0.866403 3.500000 -4.226897
v 1.060468 3.535472 -3.954403
v 1.048598 3.500000 -3.974965
v 1.107176 3.684935 -4.325490
v 1.178375 3.654088 -4.378193
v 0.797312 3.694453 -4.032991
v 0.720298 3.694453 -4.137033
v 1.079458 3.602214 -4.282799
v 1.052566 3.500000 -4.271238
v 0.983533 3.500000 -4.364498
v 1.168906 3.625616 -3.995522
v 1.120576 3.672516 -4.060814
v 1.164510 3.535472 -4.031416
v 0.909437 3.694453 -4.471091
v 0.815518 3.789669 -4.410357
v 0.890910 3.789669 -4.466165
v 0.983826 3.727955 -4.370595
v 0.944816 3.813946 -4.393341
v 0.869423 3.813946 -4.337534
v 1.093513 3.625616 -3.939715
v 1.045183 3.672516 -4.005007
v 0.938000 3.500000 -4.410704
v 0.999301 3.500000 -4.324986
v 0.842266 3.500000 -4.082404
v 1.148311 3.500000 -4.048774
v 0.780686 3.500000 -4.165596
v -0.275678 1.600000 -1.089070
v -0.325508 1.600000 -0.985086
v -0.317429 1.700194 -1.116916
v -0.373368 1.700194 -1.000183
v -0.130043 1.889669 -1.217648
v -0.045454 1.889669 -1.177112
v -0.169198 1.913946 -1.135941
v -0.084609 1.913946 -1.095406
v -0.147893 1.600000 -0.956644
v -0.052126 1.600000 -0.912667
v -0.100180 1.827955 -0.950077
v 0.012575 1.794453 -0.896044
v -0.217805 1.659644 -0.700038
v -0.239934 1.754087 -0.695099
v -0.164977 1.702214 -0.810278
v -0.201653 1.784935 -0.774983
v -0.334538 1.659644 -0.755977
v -0.320002 1.600000 -0.776846
v -0.210646 1.600000 -0.724442
v -0.203201 1.827955 -1.106226
v -0.086468 1.827955 -1.050286
v -0.209767 1.600000 -1.058513
v -0.119542 1.600000 -1.015277
v -0.418523 1.635472 -1.165360
v -0.398413 1.600000 -1.152738
v -0.286242 1.784935 -0.815519
v -0.324523 1.754087 -0.735635
v -0.149167 1.794453 -1.218981
v -0.032435 1.794453 -1.163041
v -0.281710 1.702214 -0.866217
v -0.263348 1.600000 -0.889013
v -0.158712 1.600000 -0.838871
v -0.495136 1.725616 -1.078297
v -0.421880 1.772516 -1.043193
v -0.474462 1.635472 -1.048628
v -0.043365 1.794453 -0.779311
v 0.011242 1.889669 -0.876920
v -0.029294 1.889669 -0.792331
v -0.156120 1.827955 -0.833345
v -0.111000 1.913946 -0.831486
v -0.070465 1.913946 -0.916075
v -0.454600 1.725616 -1.162887
v -0.381344 1.772516 -1.127782
v -0.096855 1.600000 -0.819327
v -0.191129 1.600000 -0.866419
v -0.165790 1.600000 -1.154280
v -0.452026 1.600000 -1.040862
v -0.072450 1.600000 -1.109551
v 2.019951 2.100000 -0.525481
v 1.999143 2.100000 -0.638894
v 2.070096 2.200194 -0.527494
v 2.046736 2.200194 -0.654813
v 1.977709 2.389669 -0.335857
v 1.885449 2.389669 -0.318929
v 1.961359 2.413946 -0.424973
v 1.869099 2.413946 -0.408046
v 1.838733 2.100000 -0.557503
v 1.735407 2.100000 -0.536790
v 1.796273 2.327955 -0.534771
v 1.673293 2.294452 -0.512207
v 1.744461 2.159644 -0.806194
v 1.759460 2.254087 -0.823197
v 1.766521 2.202214 -0.685957
v 1.775446 2.284935 -0.736069
v 1.871779 2.159644 -0.829554
v 1.872286 2.100000 -0.804126
v 1.753013 2.100000 -0.782243
v 1.971401 2.327955 -0.469000
v 1.844082 2.327955 -0.445640
v 1.948668 2.100000 -0.511459
v 1.850261 2.100000 -0.493405
v 2.180357 2.135472 -0.547724
v 2.156670 2.100000 -0.546116
v 1.867706 2.284935 -0.752996
v 1.851720 2.254087 -0.840124
v 1.993964 2.294452 -0.346019
v 1.866645 2.294452 -0.322660
v 1.893839 2.202214 -0.709317
v 1.892385 2.100000 -0.680082
v 1.778259 2.100000 -0.659143
v 2.191163 2.225616 -0.663192
v 2.111264 2.272516 -0.648533
v 2.156998 2.135472 -0.675043
v 1.649933 2.294452 -0.639526
v 1.663130 2.389669 -0.528462
v 1.646203 2.389669 -0.620722
v 1.772914 2.327955 -0.662089
v 1.735319 2.413946 -0.637072
v 1.752246 2.413946 -0.544812
v 2.208090 2.225616 -0.570932
v 2.128191 2.272516 -0.556273
v 1.716729 2.100000 -0.638595
v 1.820678 2.100000 -0.655910
v 1.969381 2.100000 -0.408134
v 2.134282 2.100000 -0.668138
v 1.867577 2.100000 -0.389455
v 1.569520 2.600000 1.757605
v 1.683648 2.600000 1.774051
v 1.555437 2.700194 1.805773
v 1.683558 2.700194 1.824236
v 1.403268 2.889669 1.657097
v 1.416646 2.889669 1.564256
v 1.492945 2.913946 1.670019
v 1.506324 2.913946 1.577178
v 1.657661 2.600000 1.596060
v 1.670980 2.600000 1.491524
v 1.649656 2.827955 1.548568
v 1.667490 2.794452 1.424813
v 1.923431 2.659644 1.586018
v 1.934763 2.754087 1.605657
v 1.802437 2.702214 1.568583
v 1.847086 2.784935 1.593023
v 1.904969 2.659644 1.714139
v 1.880708 2.600000 1.706510
v 1.898003 2.600000 1.586486
v 1.531471 2.827955 1.693577
v 1.549933 2.827955 1.565456
v 1.578963 2.600000 1.685572
v 1.593233 2.600000 1.586545
v 1.539448 2.635472 1.916729
v 1.545478 2.600000 1.893765
v 1.833707 2.784935 1.685864
v 1.921384 2.754087 1.698498
v 1.407716 2.794452 1.675744
v 1.426178 2.794452 1.547623
v 1.783975 2.702214 1.696703
v 1.756730 2.600000 1.686001
v 1.773279 2.600000 1.571157
v 1.645441 2.725616 1.963794
v 1.657027 2.772516 1.883391
v 1.667569 2.635472 1.935192
v 1.795610 2.794452 1.443275
v 1.686137 2.889669 1.420364
v 1.778978 2.889669 1.433743
v 1.777777 2.827955 1.567030
v 1.766055 2.913946 1.523421
v 1.673214 2.913946 1.510042
v 1.552600 2.725616 1.950415
v 1.564186 2.772516 1.870012
v 1.773426 2.600000 1.506286
v 1.756688 2.600000 1.610330
v 1.474427 2.600000 1.672253
v 1.668268 2.600000 1.911460
v 1.489189 2.600000 1.569807
v -0.163549 2.100000 3.195394
v -0.472307 2.100000 3.086209
v -0.237473 2.225000 2.947448
v -0.484478 2.225000 2.860100
v -1.611909 2.225000 1.719489
v -1.881595 2.100000 1.660445
v -1.626140 2.225000 1.560947
v -1.899384 2.100000 1.462268
v -1.756734 2.100000 1.271901
v -1.346061 2.100000 1.272593
v -0.310038 2.100000 0.877601
v -1.649682 2.100000 1.926570
v -0.767056 2.100000 0.622347
v -1.134984 2.100000 0.780922
v 0.102621 2.100000 1.000769
v -1.546381 2.100000 2.256835
v 0.280310 2.100000 1.519860
v -1.260203 2.100000 2.583186
v 0.480288 2.100000 1.787821
v 0.512892 2.100000 2.039752
v -0.671454 2.100000 2.851195
v 0.415163 2.100000 2.274233
v 0.341124 2.100000 2.428932
v 0.339300 2.100000 2.617628
v 0.330584 2.100000 2.816232
v 0.145207 2.100000 3.086209
v -1.114795 2.225000 2.457681
v -1.343738 2.225000 2.196601
v 0.277597 2.225000 1.821390
v 0.117615 2.225000 1.607021
v -0.024537 2.225000 1.191749
v -0.354664 2.225000 1.093214
v -1.183482 2.225000 1.409207
v -1.014621 2.225000 1.015870
v -0.643796 2.225000 2.672089
v 0.157834 2.225000 2.644119
v 0.164806 2.225000 2.485235
v -1.512021 2.225000 1.408654
v 0.166266 2.225000 2.334279
v 0.225497 2.225000 2.210520
v 0.303680 2.225000 2.022935
v 0.009532 2.225000 2.860100
v -1.426379 2.225000 1.932389
v -0.720278 2.225000 0.889010
v 2.194246 7.456244 0.666628
v 2.162932 7.233434 0.666628
v 2.194246 7.456244 0.891628
v 2.162932 7.233434 0.891628
v -2.194247 7.845796 0.666628
v -2.162933 8.068606 0.666628
v -2.194247 7.845796 0.891628
v -2.162933 8.068606 0.891628
v 2.169224 3.734581 0.666628
v 2.197035 3.511306 0.666628
v 2.169224 3.734581 0.891628
v 2.197035 3.511306 0.891628
v -2.169225 2.967459 0.666628
v -2.197036 3.190734 0.666628
v -2.169225 2.967459 0.891628
v -2.197036 3.190734 0.891628
v -0.504844 2.100000 0.487237
v -0.820314 2.100000 0.487237
v -0.562579 2.100000 0.718177
v -0.762579 2.100000 0.718177
v -0.462579 2.173205 0.444972
v -0.462579 2.273205 0.618177
v -0.862579 2.173205 0.444972
v -0.862579 2.273205 0.618177
v -0.862579 2.346410 0.344972
v -0.862579 2.446410 0.518177
v -0.662579 2.519615 0.244972
v -0.662579 2.619615 0.418177
v -0.462579 2.346410 0.344972
v -0.462579 2.446410 0.518177
v -0.208197 2.173205 0.885575
v -0.265932 2.100000 0.901045
v -0.121594 2.346410 0.935575
v -0.423667 2.100000 1.174250
v -0.134991 2.519615 1.158780
v -0.321594 2.346410 1.281985
v -0.408197 2.173205 1.231985
v -0.494799 2.100000 0.835575
v -0.594799 2.100000 1.008780
v -0.358197 2.273205 0.798972
v -0.271594 2.446410 0.848972
v -0.284992 2.619615 1.072177
v -0.558196 2.273205 1.145382
v -0.471594 2.446410 1.195382
v -1.059226 2.100000 0.901045
v -0.830359 2.100000 0.835575
v -1.116961 2.173205 0.885575
v -0.966961 2.273205 0.798972
v -0.730359 2.100000 1.008780
v -0.901491 2.100000 1.174250
v -1.053564 2.446410 0.848972
v -1.040166 2.619615 1.072177
v -1.203564 2.346410 0.935575
v -1.190166 2.519615 1.158780
v -0.916961 2.173205 1.231985
v -1.003564 2.346410 1.281985
v -0.766961 2.273205 1.145382
v -0.853564 2.446410 1.195382
v -0.933711 2.100000 0.552707
v -0.762578 2.100000 0.718177
v -0.949181 2.152708 0.494972
v -0.799181 2.224708 0.581575
v -1.035784 2.277415 0.444972
v -0.885784 2.349415 0.531575
v -1.085783 2.349415 0.877985
v -1.235784 2.277415 0.791382
v -1.072386 2.474123 0.654780
v -1.222386 2.402123 0.568177
v -0.862578 2.100000 0.891382
v -1.091446 2.100000 0.825912
v -1.149181 2.152708 0.841383
v -0.999181 2.224708 0.927985
v -0.694801 2.402123 1.481985
v -0.894800 2.277415 1.381985
v -0.694801 2.474123 1.308780
v -0.894800 2.349415 1.208780
v -0.494801 2.224708 1.108780
v -0.494801 2.349415 1.208780
v -0.594801 2.100000 1.008780
v -0.794801 2.100000 1.008780
v -0.894800 2.224708 1.108780
v -0.494801 2.152708 1.281985
v -0.537065 2.100000 1.239720
v -0.494800 2.277415 1.381985
v -0.852536 2.100000 1.239720
v -0.894800 2.152708 1.281985
v -0.303815 2.349415 0.877985
v -0.317213 2.474123 0.654780
v -0.153815 2.277415 0.791382
v -0.167213 2.402123 0.568177
v -0.440418 2.152708 0.494972
v -0.590418 2.224708 0.581575
v -0.455888 2.100000 0.552707
v -0.627020 2.100000 0.718177
v -0.298153 2.100000 0.825912
v -0.527020 2.100000 0.891382
v -0.503815 2.349415 0.531575
v -0.353815 2.277415 0.444972
v -0.240418 2.152708 0.841382
v -0.390418 2.224708 0.927985
v -0.570245 4.350000 -2.374809
v -0.570245 4.200001 -2.374809
v -0.689554 4.425001 -2.426192
v -0.689554 4.125000 -2.426192
v -0.808864 4.350000 -2.477575
v -0.808864 4.200001 -2.477575
v 0.388665 4.418197 -4.302747
v 0.388665 4.131804 -4.302747
v 0.160868 4.561394 -4.400852
v 0.160868 3.988606 -4.400852
v -0.066929 4.418197 -4.498956
v -0.066929 4.131804 -4.498956
v 0.789685 4.471367 -5.001077
v 0.789685 4.078633 -5.001077
v 0.477305 4.667734 -5.135609
v 0.477305 3.882266 -5.135609
v 0.164925 4.078633 -5.270141
v 0.164925 4.471367 -5.270141
v 0.000993 4.174500 -4.469705
v 0.160868 4.074000 -4.400852
v 0.000993 4.375500 -4.469705
v 0.320743 4.375500 -4.331998
v 0.320743 4.174500 -4.331998
v 0.160868 4.476000 -4.400852
v -0.971784 3.500000 -4.621085
v -1.287254 3.500000 -4.621085
v -1.029519 3.500000 -4.390145
v -1.229519 3.500000 -4.390145
v -0.929519 3.573205 -4.663350
v -0.929519 3.673205 -4.490145
v -1.329519 3.573205 -4.663350
v -1.329519 3.673205 -4.490145
v -1.329519 3.746410 -4.763350
v -1.329519 3.846410 -4.590145
v -1.129519 3.919615 -4.863350
v -1.129519 4.019615 -4.690145
v -0.929519 3.746410 -4.763350
v -0.929519 3.846410 -4.590145
v -0.675137 3.573205 -4.222747
v -0.732872 3.500000 -4.207277
v -0.588534 3.746410 -4.172747
v -0.890607 3.500000 -3.934072
v -0.601932 3.919615 -3.949542
v -0.788534 3.746410 -3.826337
v -0.875137 3.573205 -3.876337
v -0.961739 3.500000 -4.272747
v -1.061739 3.500000 -4.099542
v -0.825137 3.673205 -4.309350
v -0.738534 3.846410 -4.259350
v -0.751932 4.019615 -4.036145
v -1.025137 3.673205 -3.962940
v -0.938534 3.846410 -3.912940
v -1.526166 3.500000 -4.207277
v -1.297299 3.500000 -4.272747
v -1.583901 3.573205 -4.222747
v -1.433901 3.673205 -4.309350
v -1.197299 3.500000 -4.099542
v -1.368431 3.500000 -3.934072
v -1.520504 3.846410 -4.259350
v -1.507107 4.019615 -4.036145
v -1.670504 3.746410 -4.172747
v -1.657107 3.919615 -3.949542
v -1.383901 3.573205 -3.876337
v -1.470504 3.746410 -3.826337
v -1.233901 3.673205 -3.962940
v -1.320504 3.846410 -3.912940
v -1.400651 3.500000 -4.555614
v -1.229519 3.500000 -4.390145
v -1.416121 3.552708 -4.613349
v -1.266121 3.624708 -4.526747
v -1.502724 3.677415 -4.663350
v -1.352724 3.749415 -4.576747
v -1.552724 3.749415 -4.230337
v -1.702724 3.677415 -4.316939
v -1.539326 3.874123 -4.453542
v -1.689326 3.802123 -4.540144
v -1.329519 3.500000 -4.216939
v -1.558386 3.500000 -4.282410
v -1.616121 3.552708 -4.266940
v -1.466121 3.624708 -4.180337
v -1.161741 3.802123 -3.626337
v -1.361741 3.677415 -3.726337
v -1.161741 3.874123 -3.799542
v -1.361741 3.749415 -3.899542
v -0.961741 3.624708 -3.999542
v -0.961741 3.749415 -3.899542
v -1.061741 3.500000 -4.099542
v -1.261741 3.500000 -4.099542
v -1.361741 3.624708 -3.999542
v -0.961741 3.552708 -3.826337
v -1.004006 3.500000 -3.868602
v -0.961741 3.677415 -3.726337
v -1.319476 3.500000 -3.868602
v -1.361741 3.552708 -3.826337
v -0.770755 3.749415 -4.230337
v -0.784153 3.874123 -4.453542
v -0.620755 3.677415 -4.316940
v -0.634153 3.802123 -4.540145
v -0.907358 3.552708 -4.613350
v -1.057358 3.624708 -4.526747
v -0.922828 3.500000 -4.555615
v -1.093960 3.500000 -4.390145
v -0.765093 3.500000 -4.282410
v -0.993960 3.500000 -4.216940
v -0.970755 3.749415 -4.576747
v -0.820755 3.677415 -4.663350
v -0.707358 3.552708 -4.266940
v -0.857358 3.624708 -4.180337
v 0.213976 3.500000 -2.604241
v -0.094781 3.500000 -2.713426
v 0.140053 3.625000 -2.852187
v -0.106953 3.625000 -2.939535
v -1.234383 3.625000 -4.080146
v -1.504069 3.500000 -4.139190
v -1.248614 3.625000 -4.238688
v -1.521858 3.500000 -4.337367
v -1.379208 3.500000 -4.527734
v -0.968535 3.500000 -4.527042
v 0.067487 3.500000 -4.922034
v -1.272156 3.500000 -3.873065
v -0.389530 3.500000 -5.177288
v -0.757458 3.500000 -5.018713
v 0.480146 3.500000 -4.798865
v -1.168856 3.500000 -3.542800
v 0.657836 3.500000 -4.279775
v -0.882677 3.500000 -3.216449
v 0.857814 3.500000 -4.011814
v 0.890418 3.500000 -3.759882
v -0.293928 3.500000 -2.948440
v 0.792689 3.500000 -3.525402
v 0.718650 3.500000 -3.370703
v 0.716826 3.500000 -3.182007
v 0.708110 3.500000 -2.983403
v 0.522733 3.500000 -2.713426
v -0.737269 3.625000 -3.341954
v -0.966212 3.625000 -3.603034
v 0.655123 3.625000 -3.978245
v 0.495141 3.625000 -4.192614
v 0.352989 3.625000 -4.607886
v 0.022862 3.625000 -4.706421
v -0.805956 3.625000 -4.390428
v -0.637095 3.625000 -4.783765
v -0.266271 3.625000 -3.127546
v 0.535360 3.625000 -3.155516
v 0.542332 3.625000 -3.314399
v -1.134495 3.625000 -4.390981
v 0.543792 3.625000 -3.465356
v 0.603023 3.625000 -3.589115
v 0.681206 3.625000 -3.776700
v 0.387058 3.625000 -2.939535
v -1.048853 3.625000 -3.867246
v -0.342752 3.625000 -4.910625
vn 0.000000 0.195090 -0.980785
vn 0.000000 0.707107 -0.707107
vn 0.000000 1.000000 0.000000
vn 0.000000 0.707107 0.707107
vn 0.000000 0.195090 0.980785
vn 0.000000 -0.195090 0.980785
vn 0.000000 0.000000 -1.000000
vn 0.000000 -0.382683 -0.923879
vn 0.000000 -0.707107 -0.707107
vn 0.000000 -1.000000 0.000000
vn 0.000000 -0.707107 0.707107
vn 0.000000 -0.382683 0.923879
vn 0.000000 0.000000 1.000000
vn 0.000000 -0.195090 -0.980785
vn 0.000000 -0.980785 0.195090
vn 0.000000 -0.980785 -0.195090
vn 1.000000 0.000000 0.000000
vn 0.980785 0.195090 0.000000
vn 0.707107 0.707107 0.000000
vn -0.707107 0.707107 -0.000000
vn -0.980785 0.195090 -0.000000
vn 1.000000 0.000000 0.000000
vn 0.923880 -0.382683 0.000000
vn 0.707107 -0.707107 0.000000
vn -0.707107 -0.707107 -0.000000
vn -0.923880 -0.382683 -0.000000
vn -1.000000 0.000000 -0.000000
vn -0.000000 0.000000 1.000000
vn 0.000000 0.923879 0.382683
vn 0.000000 0.011225 0.999937
vn -0.865971 0.011225 0.499968
vn -0.865971 0.011225 -0.499968
vn 0.865971 0.011225 -0.499968
vn 0.865971 0.011225 0.499968
vn 0.000000 0.011225 -0.999937
vn 0.000000 0.006486 0.999979
vn -0.866007 0.006486 0.499989
vn -0.866007 0.006486 -0.499989
vn 0.866007 0.006486 -0.499989
vn 0.866007 0.006486 0.499989
vn 0.000000 0.006486 -0.999979
vn -1.000000 0.000000 0.000000
vn 0.707107 0.707107 0.000000
vn -0.707107 0.707107 0.000000
vn -0.707107 -0.707107 0.000000
vn 0.707107 -0.707107 0.000000
vn -0.923879 0.000000 0.382683
vn -0.382683 0.000000 0.923879
vn -0.923879 0.000000 -0.382683
vn -0.382683 0.000000 -0.923879
vn 0.382683 0.000000 0.923879
vn 0.382683 0.000000 -0.923879
vn 0.923879 0.000000 -0.382683
vn 0.923879 0.000000 0.382683
vn -0.340425 -0.940272 0.000000
vn -0.815378 -0.578929 0.000000
vn -0.983954 -0.178425 0.000000
vn 0.815378 -0.578929 0.000000
vn 0.340425 -0.940272 0.000000
vn 0.983954 -0.178425 0.000000
vn 0.000000 0.195090 -0.980785
vn 0.980785 0.000000 0.195090
vn 0.707107 0.000000 0.707107
vn 0.195090 0.000000 0.980785
vn 0.000000 0.980785 -0.195090
vn -0.980785 0.000000 0.195090
vn -0.707107 0.000000 0.707107
vn -0.195090 0.000000 0.980785
vn 0.000000 0.382683 -0.923879
vn 0.000000 0.923879 -0.382683
vn 0.843404 0.000000 0.537280
vn 0.480999 0.000000 0.876721
vn -0.843404 0.000000 -0.537280
vn 0.843404 0.000000 -0.537280
vn -0.480999 0.000000 0.876721
vn -0.843404 0.000000 0.537280
vn -0.154388 0.957825 -0.242353
vn 0.000000 0.729074 -0.684434
vn 0.000000 0.729074 0.684434
vn 0.362548 0.738015 -0.569116
vn -0.362548 0.738015 0.569116
vn -0.707107 0.000000 -0.707107
vn -0.980785 0.000000 -0.195090
vn 0.195090 0.000000 -0.980785
vn 0.707107 0.000000 -0.707107
vn 0.000000 0.382683 0.923879
vn 0.000000 0.553021 0.833168
vn 0.000000 0.739406 0.673260
vn 0.980785 0.000000 -0.195090
vn 0.000000 0.969845 0.243723
vn -0.195090 0.000000 -0.980785
vn 0.000000 -0.553021 -0.833168
vn -0.733000 0.532555 0.423198
vn -0.000000 0.000000 1.000000
vn 0.000000 0.000000 -1.000000
vn 0.849208 -0.196116 -0.490290
vn 0.849208 -0.196116 0.490290
vn 0.000000 -0.196116 -0.980581
vn -0.849208 -0.196116 -0.490290
vn -0.849208 -0.196116 0.490290
vn 0.000000 -0.196116 0.980581
vn 0.866025 0.000000 0.500000
vn 0.866025 0.000000 -0.500000
vn -0.866025 0.000000 -0.500000
vn -0.866025 0.000000 0.500000
vn 0.922072 0.383262 0.053788
vn 0.998303 0.000000 0.058234
vn 0.917727 0.393588 0.053534
vn 0.000000 -0.982613 0.185666
vn -0.998303 0.000000 0.058234
vn -0.922072 0.383262 0.053788
vn -0.917727 0.393588 0.053534
vn 0.388219 0.921289 0.022646
vn 0.364269 0.931052 0.021249
vn -0.388219 0.921289 0.022646
vn -0.364269 0.931052 0.021249
vn 0.858474 0.131766 -0.495640
vn 0.858474 0.131766 0.495640
vn 0.000000 0.131766 -0.991281
vn 0.000000 0.131766 0.991281
vn -0.858474 0.131766 0.495640
vn -0.858474 0.131766 -0.495640
vn 0.923879 0.382683 0.000000
vn -0.382683 0.923879 0.000000
vn 0.382683 -0.923879 0.000000
vn -0.923879 0.382683 0.000000
vn -0.382683 -0.923879 0.000000
vn -0.923879 -0.382683 0.000000
vn 0.382683 0.923879 0.000000
vn 0.923879 -0.382683 0.000000
vn -0.736664 -0.496648 0.458985
vn -0.844961 -0.133006 0.518025
vn -0.836085 -0.138320 0.530877
vn 0.323310 -0.762812 0.559990
vn 0.646620 -0.762812 0.000000
vn -0.584372 -0.701246 0.408367
vn 0.323310 -0.762812 -0.559990
vn 0.692619 -0.566930 0.445947
vn 0.584372 -0.701246 0.408367
vn 0.836085 -0.138320 0.530877
vn -0.107164 -0.949648 -0.294422
vn -0.308377 -0.949087 0.064328
vn 0.000000 -0.399056 -0.916926
vn 0.479499 -0.283412 0.830517
vn 0.675358 0.000000 0.737490
vn 0.958998 -0.283412 0.000000
vn 0.994829 0.000000 0.101569
vn 0.993175 -0.116635 0.000000
vn 0.989843 -0.142163 0.000000
vn 0.690506 -0.547943 -0.472186
vn 0.000000 -0.532555 -0.846395
vn 0.000000 -0.826852 -0.562420
vn -0.836860 -0.547417 0.000000
vn -0.640184 -0.768221 0.000000
vn 0.000000 -0.336222 0.941783
vn 0.000000 -0.532555 0.846395
vn 0.000000 -0.775016 0.631942
vn -0.989843 -0.142163 0.000000
vn 0.936329 -0.351123 0.000000
vn 0.836860 -0.547417 0.000000
vn -0.050611 -0.944332 0.325079
vn -0.304213 -0.936272 0.175638
vn 0.822377 -0.313467 -0.474799
vn 0.000000 -0.305177 -0.952295
vn 0.000000 -0.581238 -0.813733
vn 0.000000 -0.245610 -0.969369
vn 0.640184 -0.768221 0.000000
vn 0.000000 -0.949838 0.312743
vn 0.846154 -0.073279 0.527877
vn 0.822837 -0.308564 0.477208
vn 0.154388 0.957825 -0.242353
vn 0.807921 0.444262 0.387163
vn 0.754045 0.548494 0.361345
vn -0.177562 0.516026 -0.837967
vn 0.764376 0.516026 -0.386582
vn -0.613567 0.786365 0.071876
vn 0.328372 0.786365 0.523261
vn 0.416534 -0.061053 -0.907068
vn 0.444738 0.054992 -0.893971
vn 0.892247 0.053766 0.448334
vn 0.162018 0.464916 0.870404
vn 0.588295 0.808419 -0.019141
vn -0.415542 -0.274568 0.867143
vn -0.398314 -0.387900 0.831192
vn -0.410381 0.313392 0.856372
vn -0.423660 0.197248 0.884084
vn 0.405779 0.049305 -0.912640
vn 0.459786 -0.054739 -0.886341
vn -0.353643 0.808419 -0.470525
vn -0.779921 0.464916 0.419019
vn 0.423116 -0.203407 -0.882949
vn 0.399360 0.382099 -0.833374
vn 0.416280 0.268518 -0.868682
vn -0.937546 0.322719 0.129843
vn -0.121803 0.844973 0.520754
vn -0.457121 0.049305 0.888037
vn 0.882949 -0.203407 0.423116
vn 0.837967 0.516026 -0.177562
vn 0.386582 0.516026 0.764376
vn -0.856372 0.313392 -0.410381
vn -0.523261 0.786365 0.328372
vn -0.071876 0.786365 -0.613567
vn -0.486162 0.322719 -0.812096
vn 0.329581 0.844973 -0.421185
vn 0.854579 -0.319354 0.409521
vn -0.805387 -0.449884 -0.385948
vn -0.884084 0.197248 -0.423660
vn 0.908981 -0.059691 0.412541
vn -0.446039 -0.061053 0.892929
vn -0.418162 0.054992 0.906706
vn -0.907068 -0.061053 -0.416534
vn -0.893971 0.054992 -0.444738
vn -0.908430 0.053766 -0.414565
vn -0.402787 -0.054739 0.913655
vn 0.892929 -0.061053 0.446039
vn 0.906706 0.054992 0.418162
vn -0.891015 -0.059691 -0.450032
vn 0.409521 -0.319354 -0.854579
vn -0.750921 -0.553739 -0.359848
vn 0.102809 0.444262 -0.889979
vn 0.095953 0.548494 -0.830631
vn -0.734392 0.516026 0.440892
vn -0.614530 0.516026 -0.596716
vn 0.267860 0.786365 0.556670
vn 0.387723 0.786365 -0.480938
vn -0.993285 -0.061053 -0.098274
vn -0.990092 0.054992 -0.129207
vn 0.133168 0.053766 -0.989634
vn 0.770124 0.464916 -0.436764
vn -0.209769 0.808419 -0.549959
vn 0.955216 -0.274568 0.110345
vn 0.915613 -0.387900 0.105770
vn 0.943351 0.313392 0.108974
vn 0.973877 0.197248 0.112500
vn -0.995049 0.049305 -0.086291
vn -0.987781 -0.054739 -0.145920
vn -0.329631 0.808419 0.487649
vn 0.650261 0.464916 0.600844
vn -0.972626 -0.203407 -0.112356
vn -0.918017 0.382099 -0.106047
vn -0.956911 0.268518 -0.110540
vn 0.428220 0.322719 0.844085
vn 0.532024 0.844973 -0.054509
vn 0.988516 0.049305 0.142847
vn 0.112356 -0.203407 -0.972626
vn -0.440892 0.516026 -0.734392
vn 0.596716 0.516026 -0.614530
vn -0.108974 0.313392 0.943351
vn 0.480938 0.786365 0.387723
vn -0.556670 0.786365 0.267860
vn -0.609388 0.322719 0.724223
vn -0.505584 0.844973 -0.174372
vn 0.108746 -0.319354 -0.941375
vn -0.102486 -0.449884 0.887187
vn -0.112500 0.197248 0.973877
vn 0.093876 -0.059691 -0.993793
vn 0.989530 -0.061053 0.130776
vn 0.993474 0.054992 0.099931
vn -0.098274 -0.061053 0.993285
vn -0.129207 0.054992 0.990092
vn -0.095969 0.053766 0.993931
vn 0.995034 -0.054739 0.083131
vn 0.130776 -0.061053 -0.989530
vn 0.099931 0.054992 -0.993474
vn -0.135175 -0.059691 0.989022
vn -0.941375 -0.319354 -0.108746
vn -0.095555 -0.553739 0.827190
vn 0.404944 0.444262 -0.799157
vn 0.377941 0.548494 -0.745865
vn -0.841691 0.516026 0.158977
vn -0.369574 0.516026 -0.772743
vn 0.058282 0.786365 0.615007
vn 0.530399 0.786365 -0.316714
vn -0.897629 -0.061053 -0.436503
vn -0.883911 0.054992 -0.464410
vn 0.467967 0.053766 -0.882109
vn 0.873776 0.464916 -0.142719
vn -0.006119 0.808419 -0.588575
vn 0.857736 -0.274568 0.434628
vn 0.822175 -0.387900 0.416608
vn 0.847082 0.313392 0.429229
vn 0.874494 0.197248 0.443119
vn -0.903438 0.049305 -0.425873
vn -0.875950 -0.054739 -0.479286
vn -0.478235 0.808419 0.343146
vn 0.401660 0.464916 0.789001
vn -0.873370 -0.203407 -0.442549
vn -0.824334 0.382099 -0.417702
vn -0.859259 0.268518 -0.435399
vn 0.109066 0.322719 0.940190
vn 0.517931 0.844973 0.133296
vn 0.877705 0.049305 0.476658
vn 0.442549 -0.203407 -0.873370
vn -0.158977 0.516026 -0.841691
vn 0.772743 0.516026 -0.369574
vn -0.429229 0.313392 0.847082
vn 0.316714 0.786365 0.530399
vn -0.615007 0.786365 0.058282
vn -0.822654 0.322719 0.468073
vn -0.413789 0.844973 -0.338820
vn 0.428330 -0.319354 -0.845308
vn -0.403674 -0.449884 0.796650
vn -0.443119 0.197248 0.874494
vn 0.432553 -0.059691 -0.899630
vn 0.882841 -0.061053 0.465688
vn 0.897232 0.054992 0.438122
vn -0.436503 -0.061053 0.897629
vn -0.464410 0.054992 0.883911
vn -0.434564 0.053766 0.899035
vn 0.904520 -0.054739 0.422904
vn 0.465688 -0.061053 -0.882841
vn 0.438122 0.054992 -0.897232
vn -0.469637 -0.059691 0.880839
vn -0.845308 -0.319354 -0.428330
vn -0.376375 -0.553739 0.742775
vn 0.885170 0.444262 -0.138220
vn 0.826143 0.548494 -0.129003
vn -0.620750 0.516026 -0.590243
vn 0.411252 0.516026 -0.751391
vn -0.465093 0.786365 0.406595
vn 0.566909 0.786365 0.245447
vn -0.170136 -0.061053 -0.983527
vn -0.139472 0.054992 -0.988698
vn 0.989313 0.053766 -0.135532
vn 0.626299 0.464916 0.625782
vn 0.474115 0.808419 -0.348817
vn 0.148352 -0.274568 0.950055
vn 0.142201 -0.387900 0.910666
vn 0.146509 0.313392 0.938254
vn 0.151250 0.197248 0.968616
vn -0.182156 0.049305 -0.982033
vn -0.122748 -0.054739 -0.990927
vn -0.557887 0.808419 -0.187669
vn -0.405703 0.464916 0.786930
vn -0.151056 -0.203407 -0.967372
vn -0.142575 0.382099 -0.913057
vn -0.148615 0.268518 -0.951741
vn -0.699344 0.322719 0.637786
vn 0.194396 0.844973 0.498228
vn 0.125906 0.049305 0.990816
vn 0.967372 -0.203407 -0.151056
vn 0.590243 0.516026 -0.620750
vn 0.751391 0.516026 0.411252
vn -0.938254 0.313392 0.146509
vn -0.245447 0.786365 0.566909
vn -0.406595 0.786365 -0.465093
vn -0.860492 0.322719 -0.394216
vn 0.033248 0.844973 -0.533775
vn 0.936289 -0.319354 -0.146202
vn -0.882394 -0.449884 0.137787
vn -0.968616 0.197248 0.151250
vn 0.982844 -0.059691 -0.174511
vn 0.137810 -0.061053 0.988575
vn 0.168590 0.054992 0.984151
vn -0.983527 -0.061053 0.170136
vn -0.988698 0.054992 0.139472
vn -0.983536 0.053766 0.172530
vn 0.185198 -0.054739 0.981176
vn 0.988575 -0.061053 -0.137810
vn 0.984151 0.054992 -0.168590
vn -0.989258 -0.059691 0.133435
vn -0.146202 -0.319354 -0.936289
vn -0.822721 -0.553739 0.128469
vn -0.889515 0.444262 -0.106746
vn -0.830198 0.548494 -0.099628
vn 0.437637 0.516026 0.736336
vn -0.599430 0.516026 0.611882
vn 0.557850 0.786365 -0.265394
vn -0.479217 0.786365 -0.389848
vn -0.102669 -0.061053 0.992840
vn -0.133587 0.054992 0.989510
vn -0.989035 0.053766 -0.137547
vn -0.433351 0.464916 -0.772049
vn -0.550882 0.808419 0.207332
vn 0.114571 -0.274568 -0.954718
vn 0.109821 -0.387900 -0.915135
vn 0.113148 0.313392 -0.942859
vn 0.116809 0.197248 -0.973370
vn -0.090694 0.049305 0.994658
vn -0.150290 -0.054739 0.987125
vn 0.486185 0.808419 0.331786
vn 0.603716 0.464916 -0.647596
vn -0.116659 -0.203407 0.972120
vn -0.110109 0.382099 0.917538
vn -0.114775 0.268518 0.956412
vn 0.845972 0.322719 -0.424480
vn -0.052154 0.844973 -0.532260
vn 0.147221 0.049305 -0.987874
vn -0.972120 -0.203407 -0.116659
vn -0.736336 0.516026 0.437637
vn -0.611882 0.516026 -0.599430
vn 0.942859 0.313392 0.113148
vn 0.389848 0.786365 -0.479217
vn 0.265394 0.786365 0.557850
vn 0.721519 0.322719 0.612587
vn -0.176608 0.844973 0.504807
vn -0.940885 -0.319354 -0.112911
vn 0.886725 -0.449884 0.106412
vn 0.973370 0.197248 0.116809
vn -0.993368 -0.059691 -0.098274
vn 0.135155 -0.061053 -0.988942
vn 0.104327 0.054992 -0.993022
vn 0.992840 -0.061053 0.102670
vn 0.989510 0.054992 0.133587
vn 0.993497 0.053766 0.100367
vn 0.087534 -0.054739 -0.994657
vn -0.988942 -0.061053 -0.135155
vn -0.993022 0.054992 -0.104327
vn 0.988414 -0.059691 0.139551
vn -0.112911 -0.319354 0.940885
vn 0.826758 -0.553739 0.099215
vn -0.533020 0.444262 -0.720084
vn -0.497476 0.548494 -0.672066
vn -0.234989 0.516026 0.823709
vn -0.856427 0.516026 -0.015822
vn 0.575936 0.786365 0.223447
vn -0.045502 0.786365 -0.616084
vn -0.792417 -0.061053 0.606916
vn -0.811221 0.054992 0.582148
vn -0.578943 0.053766 -0.813593
vn 0.263900 0.464916 -0.845110
vn -0.528933 0.808419 -0.258239
vn 0.772867 -0.274568 -0.572091
vn 0.740824 -0.387900 -0.548373
vn 0.763267 0.313392 -0.564985
vn 0.787967 0.197248 -0.583268
vn -0.785518 0.049305 0.616872
vn -0.820953 -0.054739 0.568366
vn 0.092504 0.808419 0.581292
vn 0.885337 0.464916 -0.005578
vn -0.786955 -0.203407 0.582519
vn -0.742769 0.382099 0.549813
vn -0.774239 0.268518 0.573107
vn 0.889406 0.322719 0.323742
vn 0.351226 0.844973 -0.403313
vn 0.819390 0.049305 -0.571112
vn -0.582519 -0.203407 -0.786955
vn -0.823709 0.516026 -0.234989
vn 0.015822 0.516026 -0.856427
vn 0.564985 0.313392 0.763267
vn 0.616084 0.786365 -0.045502
vn -0.223447 0.786365 0.575936
vn 0.049875 0.322719 0.945180
vn -0.488306 0.844973 0.218124
vn -0.563802 -0.319354 -0.761669
vn 0.531348 -0.449884 0.717825
vn 0.583268 0.197248 0.787967
vn -0.610475 -0.059691 -0.789783
vn 0.811883 -0.061053 -0.580619
vn 0.793687 0.054992 -0.605835
vn 0.606916 -0.061053 0.792417
vn 0.582148 0.054992 0.811221
vn 0.609041 0.053766 0.791314
vn 0.783348 -0.054739 -0.619169
vn -0.580619 -0.061053 -0.811883
vn -0.605835 0.054992 -0.793687
vn 0.577060 -0.059691 0.814518
vn -0.761669 -0.319354 0.563802
vn 0.495415 -0.553739 0.669281
vn -0.881189 0.444262 0.161674
vn -0.822427 0.548494 0.150893
vn 0.636203 0.516026 0.573553
vn -0.391157 0.516026 0.762045
vn 0.454133 0.786365 -0.418800
vn -0.573226 0.786365 -0.230308
vn 0.196190 -0.061053 0.978663
vn 0.165674 0.054992 0.984646
vn -0.985366 0.053766 0.161751
vn -0.642694 0.464916 -0.608932
vn -0.464686 0.808419 0.361282
vn -0.173525 -0.274568 -0.945781
vn -0.166330 -0.387900 -0.906569
vn -0.171369 0.313392 -0.934033
vn -0.176915 0.197248 -0.964258
vn 0.208166 0.049305 0.976850
vn 0.149015 -0.054739 0.987319
vn 0.562674 0.808419 0.172790
vn 0.384666 0.464916 -0.797424
vn 0.176687 -0.203407 0.963020
vn 0.166767 0.382099 0.908949
vn 0.173833 0.268518 0.947460
vn 0.682163 0.322719 -0.656129
vn -0.207556 0.844973 -0.492891
vn -0.152169 0.049305 -0.987124
vn -0.963020 -0.203407 0.176687
vn -0.573553 0.516026 0.636202
vn -0.762045 0.516026 -0.391157
vn 0.934033 0.313392 -0.171369
vn 0.230308 0.786365 -0.573226
vn 0.418800 0.786365 0.454133
vn 0.870655 0.322719 0.371230
vn -0.019064 0.844973 0.534469
vn -0.932077 -0.319354 0.171010
vn 0.878425 -0.449884 -0.161166
vn 0.964258 0.197248 -0.176915
vn -0.977864 -0.059691 0.200544
vn -0.164009 -0.061053 -0.984568
vn -0.194661 0.054992 -0.979328
vn 0.978663 -0.061053 -0.196190
vn 0.984646 0.054992 -0.165674
vn 0.978608 0.053766 -0.198583
vn -0.211184 -0.054739 -0.975912
vn -0.984568 -0.061053 0.164009
vn -0.979328 0.054992 0.194660
vn 0.985367 -0.059691 -0.159654
vn 0.171010 -0.319354 0.932077
vn 0.819020 -0.553739 -0.150267
vn 0.127781 0.444262 -0.886738
vn 0.119260 0.548494 -0.827606
vn -0.746493 0.516026 0.420077
vn -0.597516 0.516026 -0.613752
vn 0.252109 0.786365 0.563978
vn 0.401086 0.786365 -0.469851
vn -0.990131 -0.061053 -0.126152
vn -0.986069 0.054992 -0.156982
vn 0.160929 0.053766 -0.985501
vn 0.782095 0.464916 -0.414947
vn -0.194229 0.808419 -0.555638
vn 0.951737 -0.274568 0.137147
vn 0.912278 -0.387900 0.131461
vn 0.939915 0.313392 0.135444
vn 0.970331 0.197248 0.139827
vn -0.992231 0.049305 -0.114222
vn -0.983290 -0.054739 -0.173624
vn -0.343206 0.808419 0.478192
vn 0.633118 0.464916 0.618882
vn -0.969084 -0.203407 -0.139647
vn -0.914674 0.382099 -0.131806
vn -0.953426 0.268518 -0.137391
vn 0.404328 0.322719 0.855787
vn 0.533346 0.844973 -0.039535
vn 0.984111 0.049305 0.170573
vn 0.139647 -0.203407 -0.969084
vn -0.420077 0.516026 -0.746493
vn 0.613752 0.516026 -0.597516
vn -0.135444 0.313392 0.939915
vn 0.469851 0.786365 0.401086
vn -0.563978 0.786365 0.252109
vn -0.629502 0.322719 0.706810
vn -0.500484 0.844973 -0.188512
vn 0.135160 -0.319354 -0.937947
vn -0.127380 -0.449884 0.883956
vn -0.139827 0.197248 0.970331
vn 0.121770 -0.059691 -0.990762
vn 0.985464 -0.061053 0.158536
vn 0.990273 0.054992 0.127813
vn -0.126152 -0.061053 0.990131
vn -0.156982 0.054992 0.986069
vn -0.123866 0.053766 0.990841
vn 0.992305 -0.054739 0.111063
vn 0.158536 -0.061053 -0.985464
vn 0.127813 0.054992 -0.990273
vn -0.162918 -0.059691 0.984832
vn -0.937947 -0.319354 -0.135160
vn -0.118766 -0.553739 0.824177
vn 0.019322 0.895080 0.445487
vn -0.276110 0.834776 0.476354
vn -0.035089 0.888149 0.458215
vn -0.402482 0.791807 0.459402
vn -0.453267 0.847616 0.275857
vn -0.441938 0.885390 0.144140
vn -0.383738 0.917983 -0.100263
vn -0.379509 0.918333 -0.112418
vn 0.000000 -1.000000 0.000000
vn -0.339172 0.833147 0.436840
vn -0.455885 0.856197 0.243098
vn -0.319194 0.830195 0.457047
vn -0.446571 0.853443 0.268717
vn 0.493367 0.849817 -0.185473
vn 0.485728 0.846330 -0.218617
vn 0.496120 0.827980 -0.261368
vn 0.495842 0.827982 -0.261890
vn 0.364629 0.871586 -0.327695
vn 0.189601 0.865955 -0.462789
vn 0.322450 0.876003 -0.358670
vn 0.201302 0.864922 -0.459769
vn -0.310100 0.855817 -0.414023
vn -0.225928 0.837543 -0.497472
vn -0.354029 0.888668 -0.291431
vn -0.295246 0.897915 -0.326465
vn -0.413370 0.775418 0.477339
vn -0.342596 0.794417 0.501528
vn 0.451701 0.873597 0.181091
vn 0.501984 0.856737 0.118377
vn 0.572886 0.819424 0.018606
vn 0.576253 0.817183 0.012052
vn -0.124696 0.833311 -0.538557
vn -0.245324 0.893018 -0.377273
vn 0.540438 0.834906 0.104205
vn 0.525940 0.839423 0.136952
vn 0.485523 0.847011 0.216427
vn 0.485031 0.846949 0.217769
vn 0.507983 0.858926 0.064807
vn 0.507224 0.858733 0.072807
vn 0.256250 0.902815 0.345343
vn 0.272244 0.901934 0.335259
vn -0.479318 0.845273 0.236153
vn -0.470620 0.826328 0.309353
vn 0.062347 0.899448 -0.432558
vn 0.003931 0.905185 -0.425000
vn 0.000000 1.000000 0.000000
vn 0.990268 -0.139173 0.000000
vn -0.990268 0.139173 0.000000
vn -0.098410 -0.700225 0.707107
vn 0.098410 0.700225 0.707107
vn -0.098410 -0.700225 -0.707107
vn 0.098410 0.700225 -0.707107
vn 0.992332 0.123602 0.000000
vn -0.992332 -0.123602 0.000000
vn 0.087399 -0.701685 0.707107
vn -0.087399 0.701685 0.707107
vn 0.087399 -0.701685 -0.707107
vn -0.087399 0.701685 -0.707107
vn 0.973249 -0.198972 0.114876
vn 0.894427 -0.387298 0.223607
vn -0.973249 -0.198972 0.114876
vn -0.894427 -0.387298 0.223607
vn -0.923879 0.331414 -0.191342
vn 0.000000 0.866025 -0.500000
vn 0.923879 0.331414 -0.191342
vn 0.000000 -0.500000 -0.866025
vn 0.000000 0.500000 0.866025
vn 0.750000 -0.500000 0.433013
vn -0.750000 0.500000 -0.433013
vn 0.387138 -0.198972 -0.900297
vn 0.627647 0.331414 -0.704432
vn -0.296233 0.331414 0.895774
vn 0.433013 0.866025 0.250000
vn -0.586110 -0.198972 0.785420
vn 0.253564 -0.387298 -0.886400
vn -0.640863 -0.387298 0.662793
vn -0.253564 -0.387298 -0.886400
vn -0.387138 -0.198972 -0.900297
vn -0.627647 0.331414 -0.704432
vn -0.433013 0.866025 0.250000
vn 0.586110 -0.198972 0.785420
vn 0.296233 0.331414 0.895774
vn 0.750000 0.500000 -0.433013
vn 0.640863 -0.387298 0.662793
vn -0.750000 -0.500000 0.433013
vn 0.600394 -0.503946 -0.620939
vn 0.564729 -0.219679 -0.795501
vn 0.582008 -0.306590 -0.753173
vn 0.262236 0.468455 -0.843672
vn 0.336632 0.350101 -0.874133
vn -0.588705 0.350101 0.728598
vn -0.599523 0.468455 0.648939
vn -0.332423 0.923396 -0.191924
vn -0.675634 -0.625587 -0.390077
vn 0.675634 0.625587 0.390077
vn -0.237552 -0.503946 0.830426
vn -0.361263 -0.306590 0.880620
vn -0.406560 -0.219679 0.886820
vn 0.000000 0.923396 0.383848
vn -0.861760 0.468455 0.194733
vn -0.925337 0.350101 0.145535
vn -0.000000 0.625587 -0.780155
vn 0.000000 -0.625587 0.780155
vn -0.971289 -0.219679 -0.091319
vn -0.943271 -0.306590 -0.127447
vn -0.837946 -0.503946 -0.209486
vn 0.861759 0.468455 0.194733
vn 0.925337 0.350101 0.145534
vn 0.971289 -0.219679 -0.091319
vn 0.943271 -0.306590 -0.127447
vn 0.837946 -0.503946 -0.209487
vn 0.588705 0.350101 0.728598
vn 0.332423 0.923396 -0.191924
vn 0.599523 0.468455 0.648939
vn -0.564729 -0.219679 -0.795501
vn -0.582008 -0.306590 -0.753173
vn -0.600394 -0.503946 -0.620939
vn -0.336632 0.350101 -0.874133
vn -0.262236 0.468455 -0.843672
vn 0.406560 -0.219679 0.886820
vn 0.237552 -0.503946 0.830426
vn 0.361263 -0.306590 0.880620
vn -0.675634 0.625587 0.390077
vn 0.675634 -0.625587 -0.390077
vn -0.395545 0.000000 0.918446
vn -0.395545 0.000000 0.918446
vn 0.736343 0.495640 0.460586
vn 0.736343 -0.495640 0.460586
vn -0.052120 0.991281 0.121020
vn -0.052120 -0.991281 0.121020
vn -0.840582 -0.495640 -0.218545
vn -0.840582 0.495640 -0.218545
vn 0.395545 -0.000000 -0.918446
vn -0.804554 -0.499859 -0.320676
vn -0.009380 -0.999719 0.021780
vn -0.804554 0.499859 -0.320676
vn 0.785794 0.499860 0.364236
vn 0.785794 -0.499859 0.364236
vn -0.009380 0.999719 0.021780
usemtl colormap
f 3/2/2 2/1/1 1/1/1
f 2/1/1 3/2/2 4/2/2
f 3/2/2 5/3/3 4/2/2
f 5/3/3 3/2/2 6/3/3
f 6/3/3 7/2/4 5/3/3
f 7/2/4 6/3/3 8/2/4
f 7/2/4 10/1/5 9/1/5
f 10/1/5 7/2/4 8/2/4
f 9/1/5 12/4/6 11/4/6
f 12/4/6 9/1/5 10/1/5
f 15/6/7 14/5/7 13/5/7
f 14/5/7 15/6/7 16/6/7
f 17/7/9 16/6/8 15/6/8
f 16/6/8 17/7/9 18/7/9
f 17/7/9 19/8/10 18/7/9
f 19/8/10 17/7/9 20/8/10
f 20/8/10 21/7/11 19/8/10
f 21/7/11 20/8/10 22/7/11
f 21/7/11 24/6/12 23/6/12
f 24/6/12 21/7/11 22/7/11
f 23/6/13 26/5/13 25/5/13
f 26/5/13 23/6/13 24/6/13
f 26/5/3 14/5/3 25/5/3
f 14/5/3 26/5/3 13/5/3
f 1/1/1 28/4/14 27/4/14
f 28/4/14 1/1/1 2/1/1
f 31/9/15 30/9/16 29/9/15
f 30/9/16 31/9/15 32/9/16
f 32/9/16 33/10/9 30/9/16
f 33/10/9 32/9/16 34/10/9
f 27/4/14 33/10/9 34/10/9
f 33/10/9 27/4/14 28/4/14
f 11/4/6 36/10/11 35/10/11
f 36/10/11 11/4/6 12/4/6
f 36/10/11 29/9/15 35/10/11
f 29/9/15 36/10/11 31/9/15
f 4/2/17 28/4/17 2/1/17
f 28/4/17 4/2/17 33/10/17
f 33/10/17 4/2/17 30/9/17
f 30/9/17 4/2/17 25/5/17
f 30/9/17 25/5/17 29/9/17
f 25/5/17 4/2/17 23/6/17
f 4/2/17 21/7/17 23/6/17
f 21/7/17 4/2/17 5/3/17
f 21/7/17 5/3/17 19/8/17
f 19/8/17 5/3/17 7/2/17
f 19/8/17 7/2/17 18/7/17
f 18/7/17 7/2/17 16/6/17
f 16/6/17 7/2/17 14/5/17
f 29/9/17 25/5/17 14/5/17
f 29/9/17 14/5/17 7/2/17
f 29/9/17 7/2/17 9/1/17
f 29/9/17 9/1/17 35/10/17
f 35/10/17 9/1/17 11/4/17
f 39/2/19 38/1/18 37/1/18
f 38/1/18 39/2/19 40/2/19
f 39/2/19 41/3/3 40/2/19
f 41/3/3 39/2/19 42/3/3
f 42/3/3 43/2/20 41/3/3
f 43/2/20 42/3/3 44/2/20
f 43/2/20 46/1/21 45/1/21
f 46/1/21 43/2/20 44/2/20
f 49/6/22 48/9/22 47/9/22
f 48/9/22 49/6/22 50/6/22
f 51/7/24 50/6/23 49/6/23
f 50/6/23 51/7/24 52/7/24
f 51/7/24 53/8/10 52/7/24
f 53/8/10 51/7/24 54/8/10
f 54/8/10 55/7/25 53/8/10
f 55/7/25 54/8/10 56/7/25
f 55/7/25 58/6/26 57/6/26
f 58/6/26 55/7/25 56/7/25
f 57/6/27 60/9/27 59/9/27
f 60/9/27 57/6/27 58/6/27
f 45/1/21 62/9/27 61/9/27
f 62/9/27 45/1/21 46/1/21
f 61/9/28 43/2/28 45/1/28
f 48/9/28 43/2/28 61/9/28
f 50/6/28 43/2/28 48/9/28
f 52/7/28 43/2/28 50/6/28
f 53/8/28 43/2/28 52/7/28
f 53/8/28 41/3/28 43/2/28
f 55/7/28 41/3/28 53/8/28
f 55/7/28 40/2/28 41/3/28
f 40/2/28 55/7/28 57/6/28
f 59/9/28 40/2/28 57/6/28
f 63/9/28 40/2/28 59/9/28
f 40/2/28 63/9/28 38/1/28
f 37/1/18 63/9/22 64/9/22
f 63/9/22 37/1/18 38/1/18
f 67/3/3 66/3/29 65/3/3
f 66/3/29 67/3/3 68/3/29
f 71/11/3 70/11/29 69/11/3
f 70/11/29 71/11/3 72/11/29
f 75/13/13 74/12/11 73/12/11
f 74/12/11 75/13/13 76/13/13
f 74/12/11 77/12/10 73/12/11
f 77/12/10 74/12/11 78/12/10
f 81/15/13 80/14/11 79/14/11
f 80/14/11 81/15/13 82/15/13
f 80/14/11 83/14/10 79/14/11
f 83/14/10 80/14/11 84/14/10
f 87/17/13 86/16/11 85/16/11
f 86/16/11 87/17/13 88/17/13
f 86/16/11 89/16/10 85/16/11
f 89/16/10 86/16/11 90/16/10
f 93/19/13 92/18/11 91/18/11
f 92/18/11 93/19/13 94/19/13
f 92/18/11 95/18/10 91/18/11
f 95/18/10 92/18/11 96/18/10
f 99/20/3 98/20/29 97/20/3
f 98/20/29 99/20/3 100/20/29
f 98/20/29 94/19/4 93/19/4
f 94/19/4 98/20/29 100/20/29
f 66/3/29 76/13/4 75/13/4
f 76/13/4 66/3/29 68/3/29
f 70/11/29 82/15/4 81/15/4
f 82/15/4 70/11/29 72/11/29
f 103/21/3 102/21/29 101/21/3
f 102/21/29 103/21/3 104/21/29
f 102/21/29 88/17/4 87/17/4
f 88/17/4 102/21/29 104/21/29
f 107/9/10 106/9/10 105/9/10
f 106/9/10 107/9/10 108/9/10
f 108/9/10 107/9/10 109/9/10
f 108/9/10 109/9/10 110/9/10
f 111/3/30 109/9/31 107/9/30
f 109/9/31 111/3/30 112/3/31
f 109/9/31 113/3/32 110/9/32
f 113/3/32 109/9/31 112/3/31
f 114/3/33 105/9/34 106/9/33
f 105/9/34 114/3/33 115/3/34
f 115/3/34 107/9/30 105/9/34
f 107/9/30 115/3/34 111/3/30
f 116/3/35 106/9/33 108/9/35
f 106/9/33 116/3/35 114/3/33
f 113/3/32 108/9/35 110/9/32
f 108/9/35 113/3/32 116/3/35
f 156/21/29 154/21/29 140/17/4
f 139/17/4 140/17/4 154/21/29
f 156/21/29 155/21/3 154/21/29
f 153/21/3 154/21/29 155/21/3
f 124/11/29 122/11/29 134/15/4
f 133/15/4 134/15/4 122/11/29
f 120/3/29 118/3/29 128/13/4
f 127/13/4 128/13/4 118/3/29
f 152/20/29 150/20/29 146/19/4
f 145/19/4 146/19/4 150/20/29
f 152/20/29 151/20/3 150/20/29
f 149/20/3 150/20/29 151/20/3
f 148/18/10 144/18/11 147/18/10
f 143/18/11 147/18/10 144/18/11
f 146/19/13 145/19/13 144/18/11
f 143/18/11 144/18/11 145/19/13
f 142/16/10 138/16/11 141/16/10
f 137/16/11 141/16/10 138/16/11
f 140/17/13 139/17/13 138/16/11
f 137/16/11 138/16/11 139/17/13
f 136/14/10 132/14/11 135/14/10
f 131/14/11 135/14/10 132/14/11
f 134/15/13 133/15/13 132/14/11
f 131/14/11 132/14/11 133/15/13
f 130/12/10 126/12/11 129/12/10
f 125/12/11 129/12/10 126/12/11
f 128/13/13 127/13/13 126/12/11
f 125/12/11 126/12/11 127/13/13
f 124/11/29 123/11/3 122/11/29
f 121/11/3 122/11/29 123/11/3
f 120/3/29 119/3/3 118/3/29
f 117/3/3 118/3/29 119/3/3
f 159/9/10 158/9/10 157/9/10
f 158/9/10 159/9/10 160/9/10
f 160/9/10 159/9/10 161/9/10
f 160/9/10 161/9/10 162/9/10
f 163/3/36 161/9/37 159/9/36
f 161/9/37 163/3/36 164/3/37
f 161/9/37 165/3/38 162/9/38
f 165/3/38 161/9/37 164/3/37
f 166/3/39 157/9/40 158/9/39
f 157/9/40 166/3/39 167/3/40
f 167/3/40 159/9/36 157/9/40
f 159/9/36 167/3/40 163/3/36
f 168/3/41 158/9/39 160/9/41
f 158/9/39 168/3/41 166/3/39
f 165/3/38 160/9/41 162/9/38
f 160/9/41 165/3/38 168/3/41
f 171/8/10 170/7/11 169/8/10
f 170/7/11 171/8/10 172/7/11
f 170/7/11 174/6/12 173/6/12
f 174/6/12 170/7/11 172/7/11
f 177/2/2 176/1/1 175/1/1
f 176/1/1 177/2/2 178/2/2
f 175/1/1 180/4/14 179/4/14
f 180/4/14 175/1/1 176/1/1
f 183/5/3 182/5/3 181/5/3
f 182/5/3 183/5/3 184/5/3
f 179/4/14 186/10/9 185/10/9
f 186/10/9 179/4/14 180/4/14
f 189/2/4 188/1/5 187/1/5
f 188/1/5 189/2/4 190/2/4
f 192/3/3 189/2/4 191/3/3
f 189/2/4 192/3/3 190/2/4
f 177/2/2 191/3/3 178/2/2
f 191/3/3 177/2/2 192/3/3
f 193/6/7 182/5/7 184/5/7
f 182/5/7 193/6/7 194/6/7
f 197/4/6 196/10/11 195/10/11
f 196/10/11 197/4/6 198/4/6
f 200/9/16 186/10/9 199/9/16
f 186/10/9 200/9/16 185/10/9
f 185/10/42 175/1/42 179/4/42
f 175/1/42 185/10/42 177/2/42
f 177/2/42 185/10/42 200/9/42
f 177/2/42 200/9/42 183/5/42
f 183/5/42 200/9/42 201/9/42
f 174/6/42 177/2/42 183/5/42
f 172/7/42 177/2/42 174/6/42
f 177/2/42 172/7/42 192/3/42
f 192/3/42 172/7/42 171/8/42
f 183/5/42 201/9/42 184/5/42
f 192/3/42 171/8/42 190/2/42
f 190/2/42 171/8/42 202/7/42
f 190/2/42 202/7/42 193/6/42
f 184/5/42 201/9/42 193/6/42
f 193/6/42 201/9/42 190/2/42
f 190/2/42 201/9/42 188/1/42
f 188/1/42 201/9/42 196/10/42
f 188/1/42 196/10/42 198/4/42
f 187/1/5 198/4/6 197/4/6
f 198/4/6 187/1/5 188/1/5
f 196/10/11 203/9/15 195/10/11
f 203/9/15 196/10/11 201/9/15
f 202/7/9 194/6/8 193/6/8
f 194/6/8 202/7/9 204/7/9
f 202/7/9 169/8/10 204/7/9
f 169/8/10 202/7/9 171/8/10
f 173/6/13 183/5/13 181/5/13
f 183/5/13 173/6/13 174/6/13
f 201/9/15 199/9/16 203/9/15
f 199/9/16 201/9/15 200/9/16
f 207/3/43 206/22/43 205/3/43
f 206/22/43 207/3/43 208/22/43
f 211/22/44 210/3/44 209/3/44
f 210/3/44 211/22/44 212/22/44
f 215/9/45 214/23/45 213/23/45
f 214/23/45 215/9/45 216/9/45
f 213/23/7 217/24/7 215/9/7
f 217/24/7 213/23/7 218/21/7
f 219/21/7 217/24/7 218/21/7
f 219/21/7 218/21/7 211/22/7
f 220/23/7 217/24/7 219/21/7
f 217/24/7 220/23/7 221/9/7
f 219/21/7 211/22/7 222/25/7
f 222/25/7 211/22/7 209/3/7
f 222/25/7 206/22/7 219/21/7
f 206/22/7 222/25/7 205/3/7
f 223/25/13 208/22/13 207/3/13
f 208/22/13 223/25/13 224/21/13
f 212/22/13 224/21/13 223/25/13
f 212/22/13 223/25/13 210/3/13
f 225/21/13 224/21/13 212/22/13
f 226/24/13 224/21/13 225/21/13
f 214/23/13 226/24/13 225/21/13
f 226/24/13 214/23/13 216/9/13
f 226/24/13 227/23/13 224/21/13
f 227/23/13 226/24/13 228/9/13
f 227/23/46 221/9/46 220/23/46
f 221/9/46 227/23/46 228/9/46
f 230/26/43 224/21/43 229/26/43
f 229/26/43 224/21/43 231/27/43
f 230/26/43 219/21/43 224/21/43
f 227/23/43 231/27/43 224/21/43
f 219/21/43 230/26/43 220/23/43
f 227/23/43 232/27/43 231/27/43
f 220/23/43 232/27/43 227/23/43
f 232/27/43 220/23/43 230/26/43
f 226/24/45 234/28/45 233/28/45
f 226/24/45 233/28/45 235/29/45
f 217/24/45 234/28/45 226/24/45
f 235/29/45 228/9/45 226/24/45
f 234/28/45 217/24/45 221/9/45
f 236/29/45 228/9/45 235/29/45
f 221/9/45 236/29/45 234/28/45
f 236/29/45 221/9/45 228/9/45
f 238/31/46 224/21/46 237/30/46
f 237/30/46 224/21/46 239/30/46
f 238/31/46 208/22/46 224/21/46
f 219/21/46 239/30/46 224/21/46
f 208/22/46 238/31/46 206/22/46
f 219/21/46 240/31/46 239/30/46
f 206/22/46 240/31/46 219/21/46
f 240/31/46 206/22/46 238/31/46
f 242/26/44 213/23/44 241/27/44
f 241/27/44 213/23/44 243/27/44
f 242/26/44 218/21/44 213/23/44
f 214/23/44 243/27/44 213/23/44
f 218/21/44 242/26/44 225/21/44
f 214/23/44 244/26/44 243/27/44
f 225/21/44 244/26/44 214/23/44
f 244/26/44 225/21/44 242/26/44
f 246/33/44 222/25/44 245/32/44
f 245/32/44 222/25/44 247/32/44
f 246/33/44 205/3/44 222/25/44
f 223/25/44 247/32/44 222/25/44
f 205/3/44 246/33/44 207/3/44
f 223/25/44 248/33/44 247/32/44
f 207/3/44 248/33/44 223/25/44
f 248/33/44 207/3/44 246/33/44
f 250/33/43 210/3/43 249/33/43
f 249/33/43 210/3/43 251/32/43
f 250/33/43 209/3/43 210/3/43
f 223/25/43 251/32/43 210/3/43
f 209/3/43 250/33/43 222/25/43
f 223/25/43 252/32/43 251/32/43
f 222/25/43 252/32/43 223/25/43
f 252/32/43 222/25/43 250/33/43
f 215/9/46 254/28/46 253/29/46
f 215/9/46 253/29/46 255/29/46
f 217/24/46 254/28/46 215/9/46
f 255/29/46 216/9/46 215/9/46
f 254/28/46 217/24/46 226/24/46
f 256/28/46 216/9/46 255/29/46
f 216/9/46 256/28/46 226/24/46
f 254/28/46 226/24/46 256/28/46
f 212/22/45 258/31/45 257/31/45
f 212/22/45 257/31/45 259/30/45
f 211/22/45 258/31/45 212/22/45
f 259/30/45 225/21/45 212/22/45
f 258/31/45 211/22/45 218/21/45
f 260/30/45 225/21/45 259/30/45
f 218/21/45 260/30/45 258/31/45
f 260/30/45 218/21/45 225/21/45
f 263/34/48 262/3/47 261/34/47
f 262/3/47 263/34/48 264/3/48
f 261/34/47 266/3/49 265/34/49
f 266/3/49 261/34/47 262/3/47
f 265/34/49 268/3/50 267/34/50
f 268/3/50 265/34/49 266/3/49
f 270/3/51 263/34/48 269/34/51
f 263/34/48 270/3/51 264/3/48
f 273/3/3 272/3/3 271/3/3
f 272/3/3 273/3/3 270/3/3
f 270/3/3 273/3/3 274/3/3
f 274/3/3 273/3/3 268/3/3
f 275/3/3 270/3/3 274/3/3
f 274/3/3 268/3/3 276/3/3
f 270/3/3 275/3/3 264/3/3
f 276/3/3 268/3/3 277/3/3
f 264/3/3 275/3/3 277/3/3
f 264/3/3 277/3/3 268/3/3
f 264/3/3 268/3/3 266/3/3
f 264/3/3 266/3/3 262/3/3
f 271/3/53 278/34/52 273/3/52
f 278/34/52 271/3/53 279/34/53
f 268/3/50 278/34/52 267/34/50
f 278/34/52 268/3/50 273/3/52
f 272/3/54 279/34/53 271/3/53
f 279/34/53 272/3/54 280/34/54
f 270/3/51 280/34/54 272/3/54
f 280/34/54 270/3/51 269/34/51
f 283/35/56 282/11/55 281/11/55
f 282/11/55 283/35/56 284/35/56
f 283/35/56 285/36/57 284/35/56
f 285/36/57 283/35/56 286/36/57
f 289/36/7 288/20/7 287/20/7
f 288/20/7 289/36/7 285/36/7
f 290/36/7 285/36/7 289/36/7
f 291/36/7 285/36/7 290/36/7
f 291/36/7 284/35/7 285/36/7
f 291/36/7 290/36/7 292/20/7
f 292/20/7 290/36/7 293/20/7
f 294/35/7 284/35/7 291/36/7
f 294/35/7 282/11/7 284/35/7
f 282/11/7 294/35/7 295/11/7
f 297/11/59 294/35/58 296/35/58
f 294/35/58 297/11/59 295/11/59
f 298/36/60 294/35/58 291/36/60
f 294/35/58 298/36/60 296/35/58
f 299/20/17 291/36/60 292/20/17
f 291/36/60 299/20/17 298/36/60
f 281/11/55 295/11/59 297/11/59
f 295/11/59 281/11/55 282/11/55
f 301/36/13 299/20/13 300/20/13
f 299/20/13 301/36/13 298/36/13
f 286/36/13 298/36/13 301/36/13
f 286/36/13 301/36/13 302/36/13
f 286/36/13 302/36/13 303/20/13
f 286/36/13 303/20/13 304/20/13
f 283/35/13 298/36/13 286/36/13
f 283/35/13 296/35/13 298/36/13
f 281/11/13 296/35/13 283/35/13
f 296/35/13 281/11/13 297/11/13
f 286/36/57 288/20/42 285/36/57
f 288/20/42 286/36/57 304/20/42
f 307/38/17 306/20/17 305/37/17
f 306/20/17 307/38/17 308/20/17
f 308/20/17 307/38/17 309/11/17
f 308/20/17 309/11/17 310/11/17
f 313/20/42 312/37/42 311/20/42
f 312/37/42 313/20/42 314/38/42
f 314/38/42 313/20/42 315/11/42
f 315/11/42 313/20/42 316/11/42
f 314/38/2 317/37/61 312/37/61
f 317/37/61 314/38/2 318/38/2
f 318/38/17 319/20/17 317/37/17
f 319/20/17 318/38/17 320/20/62
f 320/20/62 318/38/17 321/11/17
f 320/20/62 321/11/17 322/11/62
f 325/11/63 324/20/64 323/20/63
f 324/20/64 325/11/63 326/11/64
f 312/37/61 319/20/7 311/20/7
f 319/20/7 312/37/61 317/37/61
f 325/11/63 320/20/62 322/11/62
f 320/20/62 325/11/63 323/20/63
f 314/38/2 321/11/65 318/38/2
f 321/11/65 314/38/2 315/11/65
f 329/20/67 328/11/66 327/20/66
f 328/11/66 329/20/67 330/11/67
f 332/11/68 329/20/67 331/20/68
f 329/20/67 332/11/68 330/11/67
f 333/38/2 309/11/65 307/38/2
f 309/11/65 333/38/2 334/11/65
f 333/38/2 305/37/61 335/37/61
f 305/37/61 333/38/2 307/38/2
f 327/20/66 335/37/42 336/20/42
f 335/37/42 327/20/66 333/38/42
f 333/38/42 327/20/66 334/11/42
f 334/11/42 327/20/66 328/11/66
f 326/11/64 331/20/68 324/20/64
f 331/20/68 326/11/64 332/11/68
f 335/37/61 306/20/7 336/20/7
f 306/20/7 335/37/61 305/37/61
f 334/11/65 310/11/3 309/11/65
f 310/11/3 334/11/65 332/11/3
f 332/11/3 316/11/3 310/11/3
f 332/11/3 334/11/65 330/11/3
f 330/11/3 334/11/65 328/11/3
f 326/11/3 316/11/3 332/11/3
f 326/11/3 315/11/65 316/11/3
f 325/11/3 315/11/65 326/11/3
f 322/11/3 315/11/65 325/11/3
f 315/11/65 322/11/3 321/11/65
f 336/20/10 329/20/10 327/20/10
f 336/20/10 331/20/10 329/20/10
f 306/20/10 331/20/10 336/20/10
f 308/20/10 331/20/10 306/20/10
f 313/20/10 331/20/10 308/20/10
f 331/20/10 313/20/10 324/20/10
f 311/20/10 324/20/10 313/20/10
f 311/20/10 323/20/10 324/20/10
f 319/20/10 323/20/10 311/20/10
f 323/20/10 319/20/10 320/20/10
f 310/11/7 313/20/7 308/20/7
f 313/20/7 310/11/7 316/11/7
f 339/20/42 338/39/42 337/20/42
f 338/39/42 339/20/42 340/21/42
f 340/21/42 339/20/42 341/21/42
f 338/39/69 342/20/7 337/20/7
f 342/20/7 338/39/69 343/39/69
f 344/21/17 342/20/17 343/39/17
f 342/20/17 344/21/17 345/20/17
f 345/20/17 344/21/17 346/21/17
f 340/21/70 343/39/69 338/39/69
f 343/39/69 340/21/70 344/21/70
f 349/20/10 348/20/10 347/20/10
f 348/20/10 349/20/10 350/20/10
f 350/20/10 349/20/10 351/20/10
f 350/20/10 351/20/10 352/20/10
f 352/20/10 351/20/10 353/20/10
f 352/20/10 353/20/10 354/20/10
f 354/20/10 353/20/10 345/20/10
f 345/20/10 353/20/10 339/20/10
f 345/20/10 339/20/10 337/20/10
f 337/20/10 342/20/10 345/20/10
f 355/39/69 347/20/7 348/20/7
f 347/20/7 355/39/69 356/39/69
f 357/21/70 356/39/69 355/39/69
f 356/39/69 357/21/70 358/21/70
f 350/20/42 355/39/42 348/20/42
f 355/39/42 350/20/42 357/21/42
f 357/21/42 350/20/42 359/40/42
f 357/21/42 359/40/42 360/21/42
f 359/40/42 350/20/42 361/21/42
f 361/21/42 350/20/42 362/21/42
f 358/21/17 347/20/17 356/39/17
f 347/20/17 358/21/17 349/20/17
f 349/20/17 358/21/17 363/40/17
f 363/40/17 358/21/17 364/21/17
f 349/20/17 363/40/17 365/21/17
f 349/20/17 365/21/17 366/21/17
f 357/21/70 364/21/3 358/21/70
f 364/21/3 357/21/70 360/21/3
f 367/21/71 349/20/71 366/21/71
f 349/20/71 367/21/71 351/20/72
f 351/20/72 367/21/71 368/11/71
f 351/20/72 368/11/71 369/41/71
f 369/41/71 368/11/71 370/11/71
f 351/20/72 369/41/71 371/11/71
f 351/20/72 371/11/71 372/11/72
f 352/20/73 362/21/73 350/20/73
f 362/21/73 352/20/73 373/21/73
f 373/21/73 352/20/73 374/11/73
f 374/11/73 352/20/73 375/11/73
f 375/11/73 352/20/73 376/41/73
f 376/41/73 352/20/73 377/11/73
f 377/11/73 352/20/73 378/11/73
f 379/11/7 352/20/7 354/20/7
f 352/20/7 379/11/7 378/11/7
f 380/21/74 345/20/74 346/21/74
f 345/20/74 380/21/74 354/20/74
f 354/20/74 380/21/74 381/11/74
f 354/20/74 381/11/74 379/11/74
f 372/11/72 353/20/75 351/20/72
f 353/20/75 372/11/72 382/11/75
f 353/20/75 341/21/76 339/20/76
f 341/21/76 353/20/75 383/21/76
f 383/21/76 353/20/75 384/11/76
f 384/11/76 353/20/75 382/11/75
f 380/21/77 384/11/77 381/11/77
f 384/11/77 380/21/77 383/21/77
f 340/21/70 346/21/3 344/21/70
f 341/21/3 346/21/3 340/21/70
f 383/21/77 346/21/3 341/21/3
f 346/21/3 383/21/77 380/21/77
f 359/40/3 365/21/78 363/40/3
f 365/21/78 359/40/3 361/21/78
f 360/21/79 363/40/3 364/21/79
f 363/40/3 360/21/79 359/40/3
f 376/41/3 371/11/80 369/41/3
f 371/11/80 376/41/3 377/11/80
f 375/11/81 369/41/3 370/11/81
f 369/41/3 375/11/81 376/41/3
f 377/11/3 372/11/3 371/11/3
f 372/11/3 377/11/3 378/11/3
f 372/11/3 378/11/3 382/11/3
f 382/11/3 378/11/3 379/11/3
f 382/11/3 379/11/3 381/11/77
f 382/11/3 381/11/77 384/11/77
f 387/42/83 386/11/82 385/42/82
f 386/11/82 387/42/83 388/11/83
f 391/11/84 390/42/85 389/42/84
f 390/42/85 391/11/84 392/11/85
f 395/43/29 394/44/86 393/43/29
f 394/44/86 395/43/29 396/44/86
f 399/45/88 398/43/87 397/43/87
f 398/43/87 399/45/88 400/45/88
f 401/11/89 390/42/85 392/11/85
f 390/42/85 401/11/89 402/42/89
f 404/46/90 399/45/88 403/46/90
f 399/45/88 404/46/90 400/45/88
f 394/44/86 406/20/13 405/20/13
f 406/20/13 394/44/86 396/44/86
f 408/43/3 393/43/29 407/43/3
f 393/43/29 408/43/3 395/43/29
f 409/46/3 404/46/90 403/46/90
f 404/46/90 409/46/3 410/46/3
f 386/11/82 411/42/91 385/42/82
f 411/42/91 386/11/82 412/11/91
f 415/44/86 414/20/13 413/20/13
f 414/20/13 415/44/86 416/44/86
f 398/43/3 417/43/29 397/43/3
f 417/43/29 398/43/3 418/43/29
f 418/43/29 415/44/86 417/43/29
f 415/44/86 418/43/29 416/44/86
f 421/46/13 420/11/13 419/11/13
f 421/46/13 422/42/13 420/11/13
f 422/42/13 421/46/13 423/42/13
f 424/46/13 423/42/13 421/46/13
f 423/42/13 424/46/13 425/11/13
f 425/11/13 424/46/13 426/11/13
f 427/11/17 423/42/17 425/11/17
f 423/42/17 427/11/17 428/42/17
f 428/42/17 427/11/17 429/46/17
f 428/42/17 429/46/17 430/42/17
f 430/42/17 429/46/17 431/46/17
f 430/42/17 431/46/17 432/20/17
f 432/20/17 431/46/17 433/45/17
f 432/20/17 433/45/17 407/43/17
f 432/20/17 407/43/17 405/20/17
f 405/20/17 407/43/17 393/43/17
f 405/20/17 393/43/17 394/44/17
f 414/20/10 434/20/10 413/20/10
f 434/20/10 414/20/10 435/20/10
f 436/42/92 434/20/92 435/20/92
f 434/20/92 436/42/92 437/42/92
f 438/42/10 428/42/10 430/42/10
f 428/42/10 438/42/10 423/42/10
f 423/42/10 438/42/10 385/42/10
f 385/42/10 438/42/10 387/42/10
f 411/42/10 423/42/10 385/42/10
f 389/42/10 423/42/10 411/42/10
f 389/42/10 422/42/10 423/42/10
f 390/42/10 422/42/10 389/42/10
f 390/42/10 439/42/10 422/42/10
f 390/42/10 436/42/10 439/42/10
f 402/42/10 436/42/10 390/42/10
f 436/42/10 402/42/10 437/42/10
f 406/20/10 432/20/10 405/20/10
f 432/20/10 406/20/10 440/20/10
f 438/42/92 432/20/92 440/20/92
f 432/20/92 438/42/92 430/42/92
f 442/46/3 421/46/3 441/46/3
f 421/46/3 442/46/3 424/46/3
f 419/11/3 391/11/3 443/11/3
f 420/11/3 391/11/3 419/11/3
f 391/11/3 420/11/3 392/11/3
f 444/11/3 392/11/3 420/11/3
f 445/11/3 392/11/3 444/11/3
f 392/11/3 445/11/3 401/11/3
f 447/46/13 444/11/13 446/46/13
f 444/11/13 447/46/13 445/11/13
f 421/46/42 443/11/42 441/46/42
f 443/11/42 421/46/42 419/11/42
f 427/11/13 448/46/13 429/46/13
f 448/46/13 427/11/13 449/11/13
f 395/43/42 406/20/42 396/44/42
f 408/43/42 406/20/42 395/43/42
f 408/43/42 440/20/42 406/20/42
f 450/45/42 440/20/42 408/43/42
f 451/46/42 440/20/42 450/45/42
f 451/46/42 438/42/42 440/20/42
f 448/46/42 438/42/42 451/46/42
f 448/46/42 387/42/83 438/42/42
f 387/42/83 448/46/42 388/11/83
f 449/11/42 388/11/83 448/46/42
f 426/11/17 442/46/17 452/11/17
f 442/46/17 426/11/17 424/46/17
f 442/46/7 412/11/91 452/11/7
f 442/46/7 411/42/91 412/11/91
f 411/42/91 442/46/7 389/42/84
f 441/46/7 389/42/84 442/46/7
f 389/42/84 441/46/7 391/11/84
f 391/11/84 441/46/7 443/11/7
f 455/46/79 454/47/3 453/46/79
f 454/47/3 455/46/79 456/47/3
f 456/47/3 409/46/78 454/47/3
f 409/46/78 456/47/3 410/46/78
f 445/11/17 402/42/89 401/11/89
f 402/42/89 445/11/17 447/46/17
f 402/42/89 447/46/17 454/47/17
f 454/47/17 447/46/17 453/46/17
f 402/42/89 454/47/17 437/42/17
f 437/42/17 454/47/17 409/46/17
f 437/42/17 409/46/17 403/46/17
f 437/42/17 403/46/17 434/20/17
f 434/20/17 403/46/17 399/45/17
f 434/20/17 399/45/17 397/43/17
f 434/20/17 397/43/17 413/20/17
f 413/20/17 397/43/17 417/43/17
f 413/20/17 417/43/17 415/44/17
f 446/46/3 453/46/3 447/46/3
f 453/46/3 446/46/3 455/46/3
f 446/46/42 456/47/42 455/46/42
f 439/42/42 456/47/42 446/46/42
f 444/11/42 439/42/42 446/46/42
f 420/11/42 439/42/42 444/11/42
f 439/42/42 420/11/42 422/42/42
f 456/47/42 439/42/42 436/42/42
f 456/47/42 436/42/42 410/46/42
f 410/46/42 436/42/42 404/46/42
f 404/46/42 436/42/42 435/20/42
f 404/46/42 435/20/42 400/45/42
f 400/45/42 435/20/42 398/43/42
f 398/43/42 435/20/42 414/20/42
f 398/43/42 414/20/42 418/43/42
f 418/43/42 414/20/42 416/44/42
f 22/50/17 26/49/17 24/48/17
f 26/49/17 22/50/17 13/49/17
f 13/49/17 22/50/17 20/51/17
f 13/49/17 20/51/17 17/50/17
f 13/49/17 17/50/17 15/48/17
f 182/49/42 173/48/42 181/49/42
f 173/48/42 182/49/42 170/50/42
f 170/50/42 182/49/42 169/51/42
f 169/51/42 182/49/42 204/50/42
f 204/50/42 182/49/42 194/48/42
f 459/52/93 458/53/93 457/52/93
f 462/55/94 461/54/48 460/54/94
f 461/54/48 462/55/94 463/55/48
f 466/55/49 465/54/47 464/55/47
f 465/54/47 466/55/49 467/54/49
f 470/55/50 469/54/95 468/54/50
f 469/54/95 470/55/50 471/55/95
f 470/55/50 467/54/49 466/55/49
f 467/54/49 470/55/50 468/54/50
f 464/55/47 461/54/48 463/55/48
f 461/54/48 464/55/47 465/54/47
f 468/54/10 465/54/10 467/54/10
f 465/54/10 468/54/10 461/54/10
f 461/54/10 468/54/10 469/54/10
f 461/54/10 469/54/10 460/54/10
f 463/55/3 466/55/3 464/55/3
f 466/55/3 463/55/3 470/55/3
f 470/55/3 463/55/3 462/55/3
f 470/55/3 462/55/3 471/55/3
f 474/55/7 473/54/52 472/54/7
f 473/54/52 474/55/7 475/55/52
f 478/55/54 477/54/53 476/55/53
f 477/54/53 478/55/54 479/54/54
f 482/55/51 481/54/13 480/54/51
f 481/54/13 482/55/51 483/55/13
f 482/55/51 479/54/54 478/55/54
f 479/54/54 482/55/51 480/54/51
f 476/55/53 473/54/52 475/55/52
f 473/54/52 476/55/53 477/54/53
f 480/54/10 477/54/10 479/54/10
f 477/54/10 480/54/10 473/54/10
f 473/54/10 480/54/10 481/54/10
f 473/54/10 481/54/10 472/54/10
f 475/55/3 478/55/3 476/55/3
f 478/55/3 475/55/3 482/55/3
f 482/55/3 475/55/3 474/55/3
f 482/55/3 474/55/3 483/55/3
f 77/57/13 71/56/13 69/56/13
f 71/56/13 77/57/13 78/57/13
f 95/58/13 485/54/13 484/54/13
f 485/54/13 95/58/13 96/58/13
f 83/60/13 103/59/13 101/59/13
f 103/59/13 83/60/13 84/60/13
f 89/62/13 99/61/13 97/61/13
f 99/61/13 89/62/13 90/62/13
f 91/58/17 98/61/17 93/63/17
f 95/58/17 98/61/17 91/58/17
f 98/61/17 95/58/17 97/61/17
f 484/54/17 97/61/17 95/58/17
f 97/61/17 484/54/17 486/54/17
f 102/59/17 487/62/17 101/59/17
f 487/62/17 102/59/17 89/62/17
f 89/62/17 102/59/17 85/62/17
f 85/62/17 102/59/17 87/64/17
f 490/54/10 489/54/10 488/54/10
f 489/54/10 490/54/10 491/54/10
f 491/54/10 490/54/10 492/54/10
f 491/54/10 492/54/10 493/54/10
f 495/55/97 489/54/96 494/55/96
f 489/54/96 495/55/97 488/54/97
f 496/55/98 489/54/96 491/54/98
f 489/54/96 496/55/98 494/55/96
f 493/54/99 498/55/100 497/55/99
f 498/55/100 493/54/99 492/54/100
f 499/55/101 492/54/100 490/54/101
f 492/54/100 499/55/101 498/55/100
f 497/55/99 491/54/98 493/54/99
f 491/54/98 497/55/99 496/55/98
f 495/55/97 490/54/101 488/54/97
f 490/54/101 495/55/97 499/55/101
f 502/58/3 501/58/3 500/58/3
f 501/58/3 502/58/3 503/58/3
f 503/58/3 502/58/3 504/58/3
f 503/58/3 504/58/3 505/58/3
f 506/55/13 504/58/102 502/58/13
f 504/58/102 506/55/13 507/55/102
f 508/55/103 504/58/102 507/55/102
f 504/58/102 508/55/103 505/58/103
f 508/55/103 503/58/7 505/58/103
f 503/58/7 508/55/103 509/55/7
f 509/55/7 501/58/104 503/58/7
f 501/58/104 509/55/7 510/55/104
f 501/58/104 511/55/105 500/58/105
f 511/55/105 501/58/104 510/55/104
f 511/55/105 502/58/13 500/58/105
f 502/58/13 511/55/105 506/55/13
f 499/55/3 508/55/3 498/55/3
f 498/55/3 508/55/3 497/55/3
f 499/55/3 509/55/3 508/55/3
f 507/55/3 497/55/3 508/55/3
f 499/55/3 510/55/3 509/55/3
f 495/55/3 510/55/3 499/55/3
f 507/55/3 496/55/3 497/55/3
f 506/55/3 496/55/3 507/55/3
f 510/55/3 495/55/3 511/55/3
f 511/55/3 496/55/3 506/55/3
f 494/55/3 511/55/3 495/55/3
f 511/55/3 494/55/3 496/55/3
f 514/65/108 513/54/107 512/65/106
f 513/54/107 514/65/108 515/66/107
f 515/66/109 516/54/109 513/54/109
f 516/54/109 515/66/109 517/66/109
f 517/66/110 518/65/111 516/54/110
f 518/65/111 517/66/110 519/65/112
f 522/55/115 521/55/114 520/55/113
f 521/55/114 522/55/115 523/55/116
f 522/55/115 519/65/112 523/55/116
f 519/65/112 522/55/115 518/65/111
f 520/55/113 514/65/108 512/65/106
f 514/65/108 520/55/113 521/55/114
f 518/65/7 513/54/7 516/54/7
f 513/54/7 518/65/7 512/65/7
f 512/65/7 518/65/7 522/55/7
f 512/65/7 522/55/7 520/55/7
f 514/65/13 517/66/13 515/66/13
f 517/66/13 514/65/13 519/65/13
f 519/65/13 514/65/13 521/55/13
f 519/65/13 521/55/13 523/55/13
f 116/55/3 115/55/3 114/55/3
f 115/55/3 116/55/3 111/55/3
f 111/55/3 116/55/3 113/55/3
f 111/55/3 113/55/3 112/55/3
f 526/55/3 525/55/3 524/55/3
f 525/55/3 526/55/3 527/55/3
f 527/55/3 526/55/3 528/55/3
f 527/55/3 528/55/3 529/55/3
f 524/55/117 531/54/118 530/54/117
f 531/54/118 524/55/117 525/55/118
f 526/55/119 530/54/117 532/54/119
f 530/54/117 526/55/119 524/55/117
f 527/55/120 534/54/121 533/54/120
f 534/54/121 527/55/120 529/55/121
f 534/54/121 528/55/122 535/54/122
f 528/55/122 534/54/121 529/55/121
f 525/55/118 533/54/120 531/54/118
f 533/54/120 525/55/118 527/55/120
f 528/55/122 532/54/119 535/54/122
f 532/54/119 528/55/122 526/55/119
f 139/64/42 154/59/42 137/62/42
f 137/62/42 154/59/42 141/62/42
f 141/62/42 154/59/42 539/62/42
f 153/59/42 539/62/42 154/59/42
f 538/54/42 536/54/42 149/61/42
f 147/58/42 149/61/42 536/54/42
f 149/61/42 147/58/42 150/61/42
f 143/58/42 150/61/42 147/58/42
f 145/63/42 150/61/42 143/58/42
f 142/62/13 141/62/13 151/61/13
f 149/61/13 151/61/13 141/62/13
f 136/60/13 135/60/13 155/59/13
f 153/59/13 155/59/13 135/60/13
f 148/58/13 147/58/13 537/54/13
f 536/54/13 537/54/13 147/58/13
f 130/57/13 129/57/13 123/56/13
f 121/56/13 123/56/13 129/57/13
f 542/55/13 541/54/13 540/54/13
f 541/54/13 542/55/13 543/55/13
f 546/54/87 545/55/87 544/54/87
f 545/55/87 546/54/87 547/55/87
f 550/55/3 549/55/3 548/55/3
f 549/55/3 550/55/3 551/55/3
f 551/55/3 547/55/3 549/55/3
f 547/55/3 551/55/3 545/55/3
f 551/55/3 550/55/3 552/55/3
f 553/55/3 552/55/3 550/55/3
f 552/55/3 553/55/3 542/55/3
f 542/55/3 553/55/3 543/55/3
f 543/55/3 553/55/3 554/55/3
f 555/55/3 554/55/3 553/55/3
f 554/55/3 555/55/3 556/55/3
f 556/55/3 555/55/3 557/55/3
f 557/55/3 558/55/3 556/55/3
f 558/55/3 557/55/3 559/55/3
f 537/54/42 551/55/42 560/54/42
f 551/55/42 537/54/42 545/55/42
f 545/55/42 537/54/42 544/54/42
f 558/55/87 562/54/87 561/54/87
f 562/54/87 558/55/87 559/55/87
f 558/55/17 563/54/17 556/55/17
f 563/54/17 558/55/17 485/54/17
f 485/54/17 558/55/17 561/54/17
f 542/55/17 564/54/17 552/55/17
f 564/54/17 542/55/17 540/54/17
f 541/54/42 554/55/42 565/54/42
f 554/55/42 541/54/42 543/55/42
f 168/55/3 167/55/3 166/55/3
f 167/55/3 168/55/3 163/55/3
f 163/55/3 168/55/3 165/55/3
f 163/55/3 165/55/3 164/55/3
f 238/67/123 566/59/17 240/67/123
f 566/59/17 238/67/123 567/59/17
f 250/69/124 569/68/3 568/68/3
f 569/68/3 250/69/124 249/69/124
f 571/59/17 242/70/123 570/59/17
f 242/70/123 571/59/17 244/70/123
f 251/72/125 573/71/10 572/71/10
f 573/71/10 251/72/125 252/72/125
f 250/69/7 573/71/7 252/72/7
f 573/71/7 250/69/7 246/69/7
f 246/69/7 250/69/7 568/68/7
f 246/69/7 245/72/7 573/71/7
f 574/59/42 257/67/126 258/67/126
f 257/67/126 574/59/42 575/59/42
f 576/74/3 233/73/124 234/73/124
f 233/73/124 576/74/3 577/74/3
f 572/71/10 245/72/127 247/72/127
f 245/72/127 572/71/10 573/71/10
f 244/70/13 575/59/13 243/75/13
f 575/59/13 244/70/13 571/59/13
f 575/59/13 571/59/13 259/76/13
f 575/59/13 259/76/13 257/67/13
f 230/70/7 566/59/7 232/75/7
f 566/59/7 230/70/7 578/59/7
f 566/59/7 578/59/7 240/67/7
f 240/67/7 578/59/7 239/76/7
f 254/73/7 576/74/7 253/77/7
f 236/77/7 253/77/7 576/74/7
f 236/77/7 576/74/7 234/73/7
f 253/77/7 236/77/7 579/78/7
f 578/59/42 237/76/128 239/76/128
f 237/76/128 578/59/42 580/59/42
f 574/59/7 242/70/7 241/75/7
f 242/70/7 574/59/7 570/59/7
f 570/59/7 574/59/7 260/76/7
f 260/76/7 574/59/7 258/67/7
f 248/69/13 572/71/13 247/72/13
f 249/69/13 572/71/13 248/69/13
f 249/69/13 248/69/13 569/68/13
f 572/71/13 249/69/13 251/72/13
f 256/73/13 255/77/13 577/74/13
f 255/77/13 235/77/13 577/74/13
f 577/74/13 235/77/13 233/73/13
f 235/77/13 255/77/13 581/78/13
f 581/78/10 236/77/125 235/77/125
f 236/77/125 581/78/10 579/78/10
f 568/68/3 248/69/129 246/69/129
f 248/69/129 568/68/3 569/68/3
f 229/70/126 578/59/42 230/70/126
f 578/59/42 229/70/126 580/59/42
f 254/73/129 577/74/3 576/74/3
f 577/74/3 254/73/129 256/73/129
f 255/77/127 579/78/10 581/78/10
f 579/78/10 255/77/127 253/77/127
f 567/59/13 229/70/13 231/75/13
f 229/70/13 567/59/13 580/59/13
f 580/59/13 567/59/13 238/67/13
f 580/59/13 238/67/13 237/76/13
f 567/59/17 232/75/130 566/59/17
f 232/75/130 567/59/17 231/75/130
f 259/76/130 570/59/17 260/76/130
f 570/59/17 259/76/130 571/59/17
f 241/75/128 575/59/42 574/59/42
f 575/59/42 241/75/128 243/75/128
f 582/79/3 280/79/3 269/79/3
f 582/79/3 269/79/3 263/79/3
f 583/79/3 280/79/3 582/79/3
f 582/79/3 263/79/3 584/79/3
f 280/79/3 583/79/3 279/79/3
f 584/79/3 263/79/3 585/79/3
f 586/79/3 279/79/3 583/79/3
f 585/79/3 263/79/3 261/79/3
f 279/79/3 586/79/3 278/79/3
f 585/79/3 261/79/3 587/79/3
f 278/79/3 586/79/3 587/79/3
f 265/79/3 587/79/3 261/79/3
f 278/79/3 587/79/3 267/79/3
f 267/79/3 587/79/3 265/79/3
f 590/82/133 589/81/132 588/80/131
f 593/84/135 592/84/134 591/83/10
f 588/80/131 594/55/136 590/82/133
f 593/84/135 591/83/10 595/84/137
f 598/82/140 597/86/139 596/85/138
f 591/83/10 600/88/142 599/87/141
f 603/80/143 602/55/7 601/55/7
f 602/55/7 603/80/143 604/80/143
f 607/89/146 606/90/145 605/89/144
f 606/90/145 607/89/146 608/55/102
f 608/55/102 607/89/146 609/55/102
f 609/55/102 607/89/146 610/91/147
f 590/82/133 585/92/76 589/81/132
f 585/92/76 590/82/133 584/92/76
f 613/81/60 612/84/17 611/81/148
f 613/81/60 583/92/17 612/84/17
f 612/84/17 583/92/17 614/93/17
f 614/93/17 583/92/17 615/94/17
f 583/92/17 613/81/60 616/92/17
f 613/81/60 617/54/17 616/92/17
f 613/81/60 618/54/17 617/54/17
f 619/81/149 618/54/17 613/81/60
f 620/92/17 618/54/17 619/81/149
f 621/95/17 618/54/17 620/92/17
f 618/54/17 621/95/17 622/54/17
f 595/84/137 623/97/151 458/96/150
f 623/97/151 595/84/137 624/84/152
f 602/55/10 625/55/10 601/55/10
f 625/55/10 602/55/10 626/55/10
f 608/55/10 625/55/10 626/55/10
f 625/55/10 608/55/10 609/55/10
f 625/55/10 609/55/10 594/55/10
f 601/55/154 627/80/56 603/80/153
f 627/80/56 601/55/154 625/55/154
f 594/55/154 627/80/56 625/55/154
f 627/80/56 594/55/154 588/80/56
f 628/89/155 592/84/134 605/89/144
f 592/84/134 628/89/155 611/81/156
f 592/84/134 611/81/156 612/84/157
f 603/80/153 630/81/57 629/81/158
f 630/81/57 603/80/153 627/80/56
f 588/80/56 630/81/57 627/80/56
f 630/81/57 588/80/56 589/81/57
f 630/81/57 631/92/42 629/81/158
f 631/92/42 630/81/57 632/54/42
f 633/54/42 631/92/42 632/54/42
f 631/92/42 633/54/42 634/95/42
f 632/54/42 630/81/57 635/54/42
f 635/54/42 630/81/57 636/92/42
f 589/81/57 636/92/42 630/81/57
f 636/92/42 589/81/57 585/92/42
f 638/80/58 637/80/58 628/89/159
f 637/80/58 611/81/148 628/89/159
f 611/81/148 637/80/58 613/81/60
f 604/80/160 613/81/60 637/80/58
f 613/81/60 604/80/160 619/81/149
f 615/94/162 591/83/10 614/93/161
f 591/83/10 615/94/162 600/88/142
f 457/89/163 610/91/147 607/89/146
f 610/91/147 457/89/163 597/86/103
f 597/86/103 457/89/163 596/85/103
f 633/54/7 621/95/164 634/95/164
f 621/95/164 633/54/7 622/54/7
f 622/54/7 633/54/7 639/54/7
f 622/54/7 639/54/7 640/54/7
f 634/95/164 620/92/165 631/92/165
f 620/92/165 634/95/164 621/95/164
f 582/92/13 590/82/13 598/82/13
f 590/82/13 582/92/13 584/92/13
f 629/81/166 604/80/143 603/80/143
f 604/80/143 629/81/166 619/81/166
f 631/92/7 619/81/166 629/81/166
f 619/81/166 631/92/7 620/92/7
f 604/80/160 626/55/167 602/55/167
f 626/55/167 604/80/160 637/80/58
f 638/80/58 626/55/167 637/80/58
f 626/55/167 638/80/58 606/90/167
f 626/55/167 606/90/167 608/55/167
f 592/84/134 607/89/146 605/89/144
f 607/89/146 592/84/134 593/84/135
f 598/82/168 610/91/168 597/86/168
f 594/55/168 610/91/168 598/82/168
f 594/55/168 598/82/168 590/82/168
f 610/91/168 594/55/168 609/55/168
f 614/93/161 592/84/134 612/84/157
f 592/84/134 614/93/161 591/83/10
f 598/82/140 458/96/170 623/97/169
f 458/96/170 598/82/140 457/89/170
f 598/82/140 596/85/138 457/89/170
f 583/92/71 600/88/71 615/94/71
f 600/88/71 583/92/71 582/92/71
f 600/88/71 582/92/71 599/87/71
f 599/87/71 582/92/71 624/84/71
f 624/84/71 582/92/71 623/97/169
f 623/97/169 582/92/71 598/82/140
f 638/80/13 605/89/144 606/90/145
f 605/89/144 638/80/13 628/89/155
f 624/84/152 591/83/10 599/87/141
f 591/83/10 624/84/152 595/84/137
f 595/84/137 607/89/146 593/84/135
f 607/89/146 595/84/137 457/89/163
f 457/89/163 595/84/137 458/96/150
f 643/61/48 642/56/47 641/61/47
f 642/56/47 643/61/48 644/56/48
f 643/61/10 646/61/10 645/61/10
f 647/61/10 646/61/10 643/61/10
f 647/61/10 643/61/10 641/61/10
f 647/61/10 641/61/10 648/61/10
f 647/61/10 649/61/10 646/61/10
f 650/61/10 649/61/10 647/61/10
f 650/61/10 651/61/10 649/61/10
f 650/61/10 652/61/10 651/61/10
f 653/61/10 652/61/10 650/61/10
f 652/61/10 653/61/10 654/61/10
f 657/56/3 656/56/3 655/56/3
f 656/56/3 657/56/3 658/56/3
f 658/56/3 657/56/3 659/56/3
f 660/56/3 658/56/3 659/56/3
f 659/56/3 657/56/3 661/56/3
f 659/56/3 661/56/3 662/56/3
f 662/56/3 661/56/3 663/56/3
f 663/56/3 661/56/3 644/56/3
f 644/56/3 661/56/3 664/56/3
f 644/56/3 664/56/3 642/56/3
f 641/61/47 664/56/49 648/61/49
f 664/56/49 641/61/47 642/56/47
f 658/56/51 651/61/13 652/61/51
f 651/61/13 658/56/51 660/56/13
f 658/56/51 654/61/54 656/56/54
f 654/61/54 658/56/51 652/61/51
f 655/56/53 650/61/52 657/56/52
f 650/61/52 655/56/53 653/61/53
f 656/56/54 653/61/53 655/56/53
f 653/61/53 656/56/54 654/61/54
f 647/61/50 657/56/52 650/61/52
f 657/56/52 647/61/50 661/56/50
f 648/61/49 661/56/50 647/61/50
f 661/56/50 648/61/49 664/56/49
f 663/56/13 643/61/48 645/61/13
f 643/61/48 663/56/13 644/56/48
f 56/100/28 60/99/28 58/98/28
f 60/99/28 56/100/28 47/99/28
f 47/99/28 56/100/28 54/101/28
f 47/99/28 54/101/28 51/100/28
f 47/99/28 51/100/28 49/98/28
f 666/102/42 274/103/42 665/102/42
f 274/103/42 666/102/42 275/103/42
f 277/103/17 667/102/17 276/103/17
f 667/102/17 277/103/17 668/102/17
f 667/102/3 666/102/3 665/102/3
f 666/102/3 667/102/3 668/102/3
f 277/103/7 666/102/7 668/102/7
f 666/102/7 277/103/7 275/103/7
f 274/103/13 667/102/13 665/102/13
f 667/102/13 274/103/13 276/103/13
f 374/104/171 370/104/3 368/104/171
f 370/104/3 374/104/171 375/104/3
f 373/105/171 368/104/171 367/105/171
f 368/104/171 373/105/171 374/104/171
f 361/105/3 366/105/3 365/105/3
f 366/105/3 361/105/3 362/105/3
f 366/105/3 362/105/3 367/105/171
f 367/105/171 362/105/3 373/105/171
f 433/107/88 408/106/87 407/106/87
f 408/106/87 433/107/88 450/107/88
f 451/108/90 433/107/88 431/108/90
f 433/107/88 451/108/90 450/107/88
f 448/108/3 431/108/90 429/108/3
f 431/108/90 448/108/3 451/108/90
f 412/104/3 426/104/3 452/104/3
f 426/104/3 412/104/3 425/104/3
f 425/104/3 412/104/3 386/104/3
f 425/104/3 386/104/3 427/104/3
f 427/104/3 386/104/3 449/104/3
f 449/104/3 386/104/3 388/104/3
f 3/2/2 2/1/1 1/1/1
f 2/1/1 3/2/2 4/2/2
f 3/2/2 5/3/3 4/2/2
f 5/3/3 3/2/2 6/3/3
f 6/3/3 7/2/4 5/3/3
f 7/2/4 6/3/3 8/2/4
f 7/2/4 10/1/5 9/1/5
f 10/1/5 7/2/4 8/2/4
f 9/1/5 12/4/6 11/4/6
f 12/4/6 9/1/5 10/1/5
f 15/6/7 14/5/7 13/5/7
f 14/5/7 15/6/7 16/6/7
f 17/7/9 16/6/8 15/6/8
f 16/6/8 17/7/9 18/7/9
f 17/7/9 19/8/10 18/7/9
f 19/8/10 17/7/9 20/8/10
f 20/8/10 21/7/11 19/8/10
f 21/7/11 20/8/10 22/7/11
f 21/7/11 24/6/12 23/6/12
f 24/6/12 21/7/11 22/7/11
f 23/6/13 26/5/13 25/5/13
f 26/5/13 23/6/13 24/6/13
f 26/5/3 14/5/3 25/5/3
f 14/5/3 26/5/3 13/5/3
f 1/1/1 28/4/14 27/4/14
f 28/4/14 1/1/1 2/1/1
f 31/9/15 30/9/16 29/9/15
f 30/9/16 31/9/15 32/9/16
f 32/9/16 33/10/9 30/9/16
f 33/10/9 32/9/16 34/10/9
f 27/4/14 33/10/9 34/10/9
f 33/10/9 27/4/14 28/4/14
f 11/4/6 36/10/11 35/10/11
f 36/10/11 11/4/6 12/4/6
f 36/10/11 29/9/15 35/10/11
f 29/9/15 36/10/11 31/9/15
f 4/2/17 28/4/17 2/1/17
f 28/4/17 4/2/17 33/10/17
f 33/10/17 4/2/17 30/9/17
f 30/9/17 4/2/17 25/5/17
f 30/9/17 25/5/17 29/9/17
f 25/5/17 4/2/17 23/6/17
f 4/2/17 21/7/17 23/6/17
f 21/7/17 4/2/17 5/3/17
f 21/7/17 5/3/17 19/8/17
f 19/8/17 5/3/17 7/2/17
f 19/8/17 7/2/17 18/7/17
f 18/7/17 7/2/17 16/6/17
f 16/6/17 7/2/17 14/5/17
f 29/9/17 25/5/17 14/5/17
f 29/9/17 14/5/17 7/2/17
f 29/9/17 7/2/17 9/1/17
f 29/9/17 9/1/17 35/10/17
f 35/10/17 9/1/17 11/4/17
f 39/2/19 38/1/18 37/1/18
f 38/1/18 39/2/19 40/2/19
f 39/2/19 41/3/3 40/2/19
f 41/3/3 39/2/19 42/3/3
f 42/3/3 43/2/20 41/3/3
f 43/2/20 42/3/3 44/2/20
f 43/2/20 46/1/21 45/1/21
f 46/1/21 43/2/20 44/2/20
f 49/6/22 48/9/22 47/9/22
f 48/9/22 49/6/22 50/6/22
f 51/7/24 50/6/23 49/6/23
f 50/6/23 51/7/24 52/7/24
f 51/7/24 53/8/10 52/7/24
f 53/8/10 51/7/24 54/8/10
f 54/8/10 55/7/25 53/8/10
f 55/7/25 54/8/10 56/7/25
f 55/7/25 58/6/26 57/6/26
f 58/6/26 55/7/25 56/7/25
f 57/6/27 60/9/27 59/9/27
f 60/9/27 57/6/27 58/6/27
f 45/1/21 62/9/27 61/9/27
f 62/9/27 45/1/21 46/1/21
f 61/9/28 43/2/28 45/1/28
f 48/9/28 43/2/28 61/9/28
f 50/6/28 43/2/28 48/9/28
f 52/7/28 43/2/28 50/6/28
f 53/8/28 43/2/28 52/7/28
f 53/8/28 41/3/28 43/2/28
f 55/7/28 41/3/28 53/8/28
f 55/7/28 40/2/28 41/3/28
f 40/2/28 55/7/28 57/6/28
f 59/9/28 40/2/28 57/6/28
f 63/9/28 40/2/28 59/9/28
f 40/2/28 63/9/28 38/1/28
f 37/1/18 63/9/22 64/9/22
f 63/9/22 37/1/18 38/1/18
f 67/3/3 66/3/29 65/3/3
f 66/3/29 67/3/3 68/3/29
f 71/11/3 70/11/29 69/11/3
f 70/11/29 71/11/3 72/11/29
f 75/13/13 74/12/11 73/12/11
f 74/12/11 75/13/13 76/13/13
f 74/12/11 77/12/10 73/12/11
f 77/12/10 74/12/11 78/12/10
f 81/15/13 80/14/11 79/14/11
f 80/14/11 81/15/13 82/15/13
f 80/14/11 83/14/10 79/14/11
f 83/14/10 80/14/11 84/14/10
f 87/17/13 86/16/11 85/16/11
f 86/16/11 87/17/13 88/17/13
f 86/16/11 89/16/10 85/16/11
f 89/16/10 86/16/11 90/16/10
f 93/19/13 92/18/11 91/18/11
f 92/18/11 93/19/13 94/19/13
f 92/18/11 95/18/10 91/18/11
f 95/18/10 92/18/11 96/18/10
f 99/20/3 98/20/29 97/20/3
f 98/20/29 99/20/3 100/20/29
f 98/20/29 94/19/4 93/19/4
f 94/19/4 98/20/29 100/20/29
f 66/3/29 76/13/4 75/13/4
f 76/13/4 66/3/29 68/3/29
f 70/11/29 82/15/4 81/15/4
f 82/15/4 70/11/29 72/11/29
f 103/21/3 102/21/29 101/21/3
f 102/21/29 103/21/3 104/21/29
f 102/21/29 88/17/4 87/17/4
f 88/17/4 102/21/29 104/21/29
f 107/9/10 106/9/10 105/9/10
f 106/9/10 107/9/10 108/9/10
f 108/9/10 107/9/10 109/9/10
f 108/9/10 109/9/10 110/9/10
f 111/3/30 109/9/31 107/9/30
f 109/9/31 111/3/30 112/3/31
f 109/9/31 113/3/32 110/9/32
f 113/3/32 109/9/31 112/3/31
f 114/3/33 105/9/34 106/9/33
f 105/9/34 114/3/33 115/3/34
f 115/3/34 107/9/30 105/9/34
f 107/9/30 115/3/34 111/3/30
f 116/3/35 106/9/33 108/9/35
f 106/9/33 116/3/35 114/3/33
f 113/3/32 108/9/35 110/9/32
f 108/9/35 113/3/32 116/3/35
f 156/21/29 154/21/29 140/17/4
f 139/17/4 140/17/4 154/21/29
f 156/21/29 155/21/3 154/21/29
f 153/21/3 154/21/29 155/21/3
f 124/11/29 122/11/29 134/15/4
f 133/15/4 134/15/4 122/11/29
f 120/3/29 118/3/29 128/13/4
f 127/13/4 128/13/4 118/3/29
f 152/20/29 150/20/29 146/19/4
f 145/19/4 146/19/4 150/20/29
f 152/20/29 151/20/3 150/20/29
f 149/20/3 150/20/29 151/20/3
f 148/18/10 144/18/11 147/18/10
f 143/18/11 147/18/10 144/18/11
f 146/19/13 145/19/13 144/18/11
f 143/18/11 144/18/11 145/19/13
f 142/16/10 138/16/11 141/16/10
f 137/16/11 141/16/10 138/16/11
f 140/17/13 139/17/13 138/16/11
f 137/16/11 138/16/11 139/17/13
f 136/14/10 132/14/11 135/14/10
f 131/14/11 135/14/10 132/14/11
f 134/15/13 133/15/13 132/14/11
f 131/14/11 132/14/11 133/15/13
f 130/12/10 126/12/11 129/12/10
f 125/12/11 129/12/10 126/12/11
f 128/13/13 127/13/13 126/12/11
f 125/12/11 126/12/11 127/13/13
f 124/11/29 123/11/3 122/11/29
f 121/11/3 122/11/29 123/11/3
f 120/3/29 119/3/3 118/3/29
f 117/3/3 118/3/29 119/3/3
f 159/9/10 158/9/10 157/9/10
f 158/9/10 159/9/10 160/9/10
f 160/9/10 159/9/10 161/9/10
f 160/9/10 161/9/10 162/9/10
f 163/3/36 161/9/37 159/9/36
f 161/9/37 163/3/36 164/3/37
f 161/9/37 165/3/38 162/9/38
f 165/3/38 161/9/37 164/3/37
f 166/3/39 157/9/40 158/9/39
f 157/9/40 166/3/39 167/3/40
f 167/3/40 159/9/36 157/9/40
f 159/9/36 167/3/40 163/3/36
f 168/3/41 158/9/39 160/9/41
f 158/9/39 168/3/41 166/3/39
f 165/3/38 160/9/41 162/9/38
f 160/9/41 165/3/38 168/3/41
f 171/8/10 170/7/11 169/8/10
f 170/7/11 171/8/10 172/7/11
f 170/7/11 174/6/12 173/6/12
f 174/6/12 170/7/11 172/7/11
f 177/2/2 176/1/1 175/1/1
f 176/1/1 177/2/2 178/2/2
f 175/1/1 180/4/14 179/4/14
f 180/4/14 175/1/1 176/1/1
f 183/5/3 182/5/3 181/5/3
f 182/5/3 183/5/3 184/5/3
f 179/4/14 186/10/9 185/10/9
f 186/10/9 179/4/14 180/4/14
f 189/2/4 188/1/5 187/1/5
f 188/1/5 189/2/4 190/2/4
f 192/3/3 189/2/4 191/3/3
f 189/2/4 192/3/3 190/2/4
f 177/2/2 191/3/3 178/2/2
f 191/3/3 177/2/2 192/3/3
f 193/6/7 182/5/7 184/5/7
f 182/5/7 193/6/7 194/6/7
f 197/4/6 196/10/11 195/10/11
f 196/10/11 197/4/6 198/4/6
f 200/9/16 186/10/9 199/9/16
f 186/10/9 200/9/16 185/10/9
f 185/10/42 175/1/42 179/4/42
f 175/1/42 185/10/42 177/2/42
f 177/2/42 185/10/42 200/9/42
f 177/2/42 200/9/42 183/5/42
f 183/5/42 200/9/42 201/9/42
f 174/6/42 177/2/42 183/5/42
f 172/7/42 177/2/42 174/6/42
f 177/2/42 172/7/42 192/3/42
f 192/3/42 172/7/42 171/8/42
f 183/5/42 201/9/42 184/5/42
f 192/3/42 171/8/42 190/2/42
f 190/2/42 171/8/42 202/7/42
f 190/2/42 202/7/42 193/6/42
f 184/5/42 201/9/42 193/6/42
f 193/6/42 201/9/42 190/2/42
f 190/2/42 201/9/42 188/1/42
f 188/1/42 201/9/42 196/10/42
f 188/1/42 196/10/42 198/4/42
f 187/1/5 198/4/6 197/4/6
f 198/4/6 187/1/5 188/1/5
f 196/10/11 203/9/15 195/10/11
f 203/9/15 196/10/11 201/9/15
f 202/7/9 194/6/8 193/6/8
f 194/6/8 202/7/9 204/7/9
f 202/7/9 169/8/10 204/7/9
f 169/8/10 202/7/9 171/8/10
f 173/6/13 183/5/13 181/5/13
f 183/5/13 173/6/13 174/6/13
f 201/9/15 199/9/16 203/9/15
f 199/9/16 201/9/15 200/9/16
f 207/3/43 206/22/43 205/3/43
f 206/22/43 207/3/43 208/22/43
f 211/22/44 210/3/44 209/3/44
f 210/3/44 211/22/44 212/22/44
f 215/9/45 214/23/45 213/23/45
f 214/23/45 215/9/45 216/9/45
f 213/23/7 217/24/7 215/9/7
f 217/24/7 213/23/7 218/21/7
f 219/21/7 217/24/7 218/21/7
f 219/21/7 218/21/7 211/22/7
f 220/23/7 217/24/7 219/21/7
f 217/24/7 220/23/7 221/9/7
f 219/21/7 211/22/7 222/25/7
f 222/25/7 211/22/7 209/3/7
f 222/25/7 206/22/7 219/21/7
f 206/22/7 222/25/7 205/3/7
f 223/25/13 208/22/13 207/3/13
f 208/22/13 223/25/13 224/21/13
f 212/22/13 224/21/13 223/25/13
f 212/22/13 223/25/13 210/3/13
f 225/21/13 224/21/13 212/22/13
f 226/24/13 224/21/13 225/21/13
f 214/23/13 226/24/13 225/21/13
f 226/24/13 214/23/13 216/9/13
f 226/24/13 227/23/13 224/21/13
f 227/23/13 226/24/13 228/9/13
f 227/23/46 221/9/46 220/23/46
f 221/9/46 227/23/46 228/9/46
f 230/26/43 224/21/43 229/26/43
f 229/26/43 224/21/43 231/27/43
f 230/26/43 219/21/43 224/21/43
f 227/23/43 231/27/43 224/21/43
f 219/21/43 230/26/43 220/23/43
f 227/23/43 232/27/43 231/27/43
f 220/23/43 232/27/43 227/23/43
f 232/27/43 220/23/43 230/26/43
f 226/24/45 234/28/45 233/28/45
f 226/24/45 233/28/45 235/29/45
f 217/24/45 234/28/45 226/24/45
f 235/29/45 228/9/45 226/24/45
f 234/28/45 217/24/45 221/9/45
f 236/29/45 228/9/45 235/29/45
f 221/9/45 236/29/45 234/28/45
f 236/29/45 221/9/45 228/9/45
f 238/31/46 224/21/46 237/30/46
f 237/30/46 224/21/46 239/30/46
f 238/31/46 208/22/46 224/21/46
f 219/21/46 239/30/46 224/21/46
f 208/22/46 238/31/46 206/22/46
f 219/21/46 240/31/46 239/30/46
f 206/22/46 240/31/46 219/21/46
f 240/31/46 206/22/46 238/31/46
f 242/26/44 213/23/44 241/27/44
f 241/27/44 213/23/44 243/27/44
f 242/26/44 218/21/44 213/23/44
f 214/23/44 243/27/44 213/23/44
f 218/21/44 242/26/44 225/21/44
f 214/23/44 244/26/44 243/27/44
f 225/21/44 244/26/44 214/23/44
f 244/26/44 225/21/44 242/26/44
f 246/33/44 222/25/44 245/32/44
f 245/32/44 222/25/44 247/32/44
f 246/33/44 205/3/44 222/25/44
f 223/25/44 247/32/44 222/25/44
f 205/3/44 246/33/44 207/3/44
f 223/25/44 248/33/44 247/32/44
f 207/3/44 248/33/44 223/25/44
f 248/33/44 207/3/44 246/33/44
f 250/33/43 210/3/43 249/33/43
f 249/33/43 210/3/43 251/32/43
f 250/33/43 209/3/43 210/3/43
f 223/25/43 251/32/43 210/3/43
f 209/3/43 250/33/43 222/25/43
f 223/25/43 252/32/43 251/32/43
f 222/25/43 252/32/43 223/25/43
f 252/32/43 222/25/43 250/33/43
f 215/9/46 254/28/46 253/29/46
f 215/9/46 253/29/46 255/29/46
f 217/24/46 254/28/46 215/9/46
f 255/29/46 216/9/46 215/9/46
f 254/28/46 217/24/46 226/24/46
f 256/28/46 216/9/46 255/29/46
f 216/9/46 256/28/46 226/24/46
f 254/28/46 226/24/46 256/28/46
f 212/22/45 258/31/45 257/31/45
f 212/22/45 257/31/45 259/30/45
f 211/22/45 258/31/45 212/22/45
f 259/30/45 225/21/45 212/22/45
f 258/31/45 211/22/45 218/21/45
f 260/30/45 225/21/45 259/30/45
f 218/21/45 260/30/45 258/31/45
f 260/30/45 218/21/45 225/21/45
f 263/34/48 262/3/47 261/34/47
f 262/3/47 263/34/48 264/3/48
f 261/34/47 266/3/49 265/34/49
f 266/3/49 261/34/47 262/3/47
f 265/34/49 268/3/50 267/34/50
f 268/3/50 265/34/49 266/3/49
f 270/3/51 263/34/48 269/34/51
f 263/34/48 270/3/51 264/3/48
f 273/3/3 272/3/3 271/3/3
f 272/3/3 273/3/3 270/3/3
f 270/3/3 273/3/3 274/3/3
f 274/3/3 273/3/3 268/3/3
f 275/3/3 270/3/3 274/3/3
f 274/3/3 268/3/3 276/3/3
f 270/3/3 275/3/3 264/3/3
f 276/3/3 268/3/3 277/3/3
f 264/3/3 275/3/3 277/3/3
f 264/3/3 277/3/3 268/3/3
f 264/3/3 268/3/3 266/3/3
f 264/3/3 266/3/3 262/3/3
f 271/3/53 278/34/52 273/3/52
f 278/34/52 271/3/53 279/34/53
f 268/3/50 278/34/52 267/34/50
f 278/34/52 268/3/50 273/3/52
f 272/3/54 279/34/53 271/3/53
f 279/34/53 272/3/54 280/34/54
f 270/3/51 280/34/54 272/3/54
f 280/34/54 270/3/51 269/34/51
f 283/35/56 282/11/55 281/11/55
f 282/11/55 283/35/56 284/35/56
f 283/35/56 285/36/57 284/35/56
f 285/36/57 283/35/56 286/36/57
f 289/36/7 288/20/7 287/20/7
f 288/20/7 289/36/7 285/36/7
f 290/36/7 285/36/7 289/36/7
f 291/36/7 285/36/7 290/36/7
f 291/36/7 284/35/7 285/36/7
f 291/36/7 290/36/7 292/20/7
f 292/20/7 290/36/7 293/20/7
f 294/35/7 284/35/7 291/36/7
f 294/35/7 282/11/7 284/35/7
f 282/11/7 294/35/7 295/11/7
f 297/11/59 294/35/58 296/35/58
f 294/35/58 297/11/59 295/11/59
f 298/36/60 294/35/58 291/36/60
f 294/35/58 298/36/60 296/35/58
f 299/20/17 291/36/60 292/20/17
f 291/36/60 299/20/17 298/36/60
f 281/11/55 295/11/59 297/11/59
f 295/11/59 281/11/55 282/11/55
f 301/36/13 299/20/13 300/20/13
f 299/20/13 301/36/13 298/36/13
f 286/36/13 298/36/13 301/36/13
f 286/36/13 301/36/13 302/36/13
f 286/36/13 302/36/13 303/20/13
f 286/36/13 303/20/13 304/20/13
f 283/35/13 298/36/13 286/36/13
f 283/35/13 296/35/13 298/36/13
f 281/11/13 296/35/13 283/35/13
f 296/35/13 281/11/13 297/11/13
f 286/36/57 288/20/42 285/36/57
f 288/20/42 286/36/57 304/20/42
f 307/38/17 306/20/17 305/37/17
f 306/20/17 307/38/17 308/20/17
f 308/20/17 307/38/17 309/11/17
f 308/20/17 309/11/17 310/11/17
f 313/20/42 312/37/42 311/20/42
f 312/37/42 313/20/42 314/38/42
f 314/38/42 313/20/42 315/11/42
f 315/11/42 313/20/42 316/11/42
f 314/38/2 317/37/61 312/37/61
f 317/37/61 314/38/2 318/38/2
f 318/38/17 319/20/17 317/37/17
f 319/20/17 318/38/17 320/20/62
f 320/20/62 318/38/17 321/11/17
f 320/20/62 321/11/17 322/11/62
f 325/11/63 324/20/64 323/20/63
f 324/20/64 325/11/63 326/11/64
f 312/37/61 319/20/7 311/20/7
f 319/20/7 312/37/61 317/37/61
f 325/11/63 320/20/62 322/11/62
f 320/20/62 325/11/63 323/20/63
f 314/38/2 321/11/65 318/38/2
f 321/11/65 314/38/2 315/11/65
f 329/20/67 328/11/66 327/20/66
f 328/11/66 329/20/67 330/11/67
f 332/11/68 329/20/67 331/20/68
f 329/20/67 332/11/68 330/11/67
f 333/38/2 309/11/65 307/38/2
f 309/11/65 333/38/2 334/11/65
f 333/38/2 305/37/61 335/37/61
f 305/37/61 333/38/2 307/38/2
f 327/20/66 335/37/42 336/20/42
f 335/37/42 327/20/66 333/38/42
f 333/38/42 327/20/66 334/11/42
f 334/11/42 327/20/66 328/11/66
f 326/11/64 331/20/68 324/20/64
f 331/20/68 326/11/64 332/11/68
f 335/37/61 306/20/7 336/20/7
f 306/20/7 335/37/61 305/37/61
f 334/11/65 310/11/3 309/11/65
f 310/11/3 334/11/65 332/11/3
f 332/11/3 316/11/3 310/11/3
f 332/11/3 334/11/65 330/11/3
f 330/11/3 334/11/65 328/11/3
f 326/11/3 316/11/3 332/11/3
f 326/11/3 315/11/65 316/11/3
f 325/11/3 315/11/65 326/11/3
f 322/11/3 315/11/65 325/11/3
f 315/11/65 322/11/3 321/11/65
f 336/20/10 329/20/10 327/20/10
f 336/20/10 331/20/10 329/20/10
f 306/20/10 331/20/10 336/20/10
f 308/20/10 331/20/10 306/20/10
f 313/20/10 331/20/10 308/20/10
f 331/20/10 313/20/10 324/20/10
f 311/20/10 324/20/10 313/20/10
f 311/20/10 323/20/10 324/20/10
f 319/20/10 323/20/10 311/20/10
f 323/20/10 319/20/10 320/20/10
f 310/11/7 313/20/7 308/20/7
f 313/20/7 310/11/7 316/11/7
f 339/20/42 338/39/42 337/20/42
f 338/39/42 339/20/42 340/21/42
f 340/21/42 339/20/42 341/21/42
f 338/39/69 342/20/7 337/20/7
f 342/20/7 338/39/69 343/39/69
f 344/21/17 342/20/17 343/39/17
f 342/20/17 344/21/17 345/20/17
f 345/20/17 344/21/17 346/21/17
f 340/21/70 343/39/69 338/39/69
f 343/39/69 340/21/70 344/21/70
f 349/20/10 348/20/10 347/20/10
f 348/20/10 349/20/10 350/20/10
f 350/20/10 349/20/10 351/20/10
f 350/20/10 351/20/10 352/20/10
f 352/20/10 351/20/10 353/20/10
f 352/20/10 353/20/10 354/20/10
f 354/20/10 353/20/10 345/20/10
f 345/20/10 353/20/10 339/20/10
f 345/20/10 339/20/10 337/20/10
f 337/20/10 342/20/10 345/20/10
f 355/39/69 347/20/7 348/20/7
f 347/20/7 355/39/69 356/39/69
f 357/21/70 356/39/69 355/39/69
f 356/39/69 357/21/70 358/21/70
f 350/20/42 355/39/42 348/20/42
f 355/39/42 350/20/42 357/21/42
f 357/21/42 350/20/42 359/40/42
f 357/21/42 359/40/42 360/21/42
f 359/40/42 350/20/42 361/21/42
f 361/21/42 350/20/42 362/21/42
f 358/21/17 347/20/17 356/39/17
f 347/20/17 358/21/17 349/20/17
f 349/20/17 358/21/17 363/40/17
f 363/40/17 358/21/17 364/21/17
f 349/20/17 363/40/17 365/21/17
f 349/20/17 365/21/17 366/21/17
f 357/21/70 364/21/3 358/21/70
f 364/21/3 357/21/70 360/21/3
f 367/21/71 349/20/71 366/21/71
f 349/20/71 367/21/71 351/20/72
f 351/20/72 367/21/71 368/11/71
f 351/20/72 368/11/71 369/41/71
f 369/41/71 368/11/71 370/11/71
f 351/20/72 369/41/71 371/11/71
f 351/20/72 371/11/71 372/11/72
f 352/20/73 362/21/73 350/20/73
f 362/21/73 352/20/73 373/21/73
f 373/21/73 352/20/73 374/11/73
f 374/11/73 352/20/73 375/11/73
f 375/11/73 352/20/73 376/41/73
f 376/41/73 352/20/73 377/11/73
f 377/11/73 352/20/73 378/11/73
f 379/11/7 352/20/7 354/20/7
f 352/20/7 379/11/7 378/11/7
f 380/21/74 345/20/74 346/21/74
f 345/20/74 380/21/74 354/20/74
f 354/20/74 380/21/74 381/11/74
f 354/20/74 381/11/74 379/11/74
f 372/11/72 353/20/75 351/20/72
f 353/20/75 372/11/72 382/11/75
f 353/20/75 341/21/76 339/20/76
f 341/21/76 353/20/75 383/21/76
f 383/21/76 353/20/75 384/11/76
f 384/11/76 353/20/75 382/11/75
f 380/21/77 384/11/77 381/11/77
f 384/11/77 380/21/77 383/21/77
f 340/21/70 346/21/3 344/21/70
f 341/21/3 346/21/3 340/21/70
f 383/21/77 346/21/3 341/21/3
f 346/21/3 383/21/77 380/21/77
f 359/40/3 365/21/78 363/40/3
f 365/21/78 359/40/3 361/21/78
f 360/21/79 363/40/3 364/21/79
f 363/40/3 360/21/79 359/40/3
f 376/41/3 371/11/80 369/41/3
f 371/11/80 376/41/3 377/11/80
f 375/11/81 369/41/3 370/11/81
f 369/41/3 375/11/81 376/41/3
f 377/11/3 372/11/3 371/11/3
f 372/11/3 377/11/3 378/11/3
f 372/11/3 378/11/3 382/11/3
f 382/11/3 378/11/3 379/11/3
f 382/11/3 379/11/3 381/11/77
f 382/11/3 381/11/77 384/11/77
f 387/42/83 386/11/82 385/42/82
f 386/11/82 387/42/83 388/11/83
f 391/11/84 390/42/85 389/42/84
f 390/42/85 391/11/84 392/11/85
f 395/43/29 394/44/86 393/43/29
f 394/44/86 395/43/29 396/44/86
f 399/45/88 398/43/87 397/43/87
f 398/43/87 399/45/88 400/45/88
f 401/11/89 390/42/85 392/11/85
f 390/42/85 401/11/89 402/42/89
f 404/46/90 399/45/88 403/46/90
f 399/45/88 404/46/90 400/45/88
f 394/44/86 406/20/13 405/20/13
f 406/20/13 394/44/86 396/44/86
f 408/43/3 393/43/29 407/43/3
f 393/43/29 408/43/3 395/43/29
f 409/46/3 404/46/90 403/46/90
f 404/46/90 409/46/3 410/46/3
f 386/11/82 411/42/91 385/42/82
f 411/42/91 386/11/82 412/11/91
f 415/44/86 414/20/13 413/20/13
f 414/20/13 415/44/86 416/44/86
f 398/43/3 417/43/29 397/43/3
f 417/43/29 398/43/3 418/43/29
f 418/43/29 415/44/86 417/43/29
f 415/44/86 418/43/29 416/44/86
f 421/46/13 420/11/13 419/11/13
f 421/46/13 422/42/13 420/11/13
f 422/42/13 421/46/13 423/42/13
f 424/46/13 423/42/13 421/46/13
f 423/42/13 424/46/13 425/11/13
f 425/11/13 424/46/13 426/11/13
f 427/11/17 423/42/17 425/11/17
f 423/42/17 427/11/17 428/42/17
f 428/42/17 427/11/17 429/46/17
f 428/42/17 429/46/17 430/42/17
f 430/42/17 429/46/17 431/46/17
f 430/42/17 431/46/17 432/20/17
f 432/20/17 431/46/17 433/45/17
f 432/20/17 433/45/17 407/43/17
f 432/20/17 407/43/17 405/20/17
f 405/20/17 407/43/17 393/43/17
f 405/20/17 393/43/17 394/44/17
f 414/20/10 434/20/10 413/20/10
f 434/20/10 414/20/10 435/20/10
f 436/42/92 434/20/92 435/20/92
f 434/20/92 436/42/92 437/42/92
f 438/42/10 428/42/10 430/42/10
f 428/42/10 438/42/10 423/42/10
f 423/42/10 438/42/10 385/42/10
f 385/42/10 438/42/10 387/42/10
f 411/42/10 423/42/10 385/42/10
f 389/42/10 423/42/10 411/42/10
f 389/42/10 422/42/10 423/42/10
f 390/42/10 422/42/10 389/42/10
f 390/42/10 439/42/10 422/42/10
f 390/42/10 436/42/10 439/42/10
f 402/42/10 436/42/10 390/42/10
f 436/42/10 402/42/10 437/42/10
f 406/20/10 432/20/10 405/20/10
f 432/20/10 406/20/10 440/20/10
f 438/42/92 432/20/92 440/20/92
f 432/20/92 438/42/92 430/42/92
f 442/46/3 421/46/3 441/46/3
f 421/46/3 442/46/3 424/46/3
f 419/11/3 391/11/3 443/11/3
f 420/11/3 391/11/3 419/11/3
f 391/11/3 420/11/3 392/11/3
f 444/11/3 392/11/3 420/11/3
f 445/11/3 392/11/3 444/11/3
f 392/11/3 445/11/3 401/11/3
f 447/46/13 444/11/13 446/46/13
f 444/11/13 447/46/13 445/11/13
f 421/46/42 443/11/42 441/46/42
f 443/11/42 421/46/42 419/11/42
f 427/11/13 448/46/13 429/46/13
f 448/46/13 427/11/13 449/11/13
f 395/43/42 406/20/42 396/44/42
f 408/43/42 406/20/42 395/43/42
f 408/43/42 440/20/42 406/20/42
f 450/45/42 440/20/42 408/43/42
f 451/46/42 440/20/42 450/45/42
f 451/46/42 438/42/42 440/20/42
f 448/46/42 438/42/42 451/46/42
f 448/46/42 387/42/83 438/42/42
f 387/42/83 448/46/42 388/11/83
f 449/11/42 388/11/83 448/46/42
f 426/11/17 442/46/17 452/11/17
f 442/46/17 426/11/17 424/46/17
f 442/46/7 412/11/91 452/11/7
f 442/46/7 411/42/91 412/11/91
f 411/42/91 442/46/7 389/42/84
f 441/46/7 389/42/84 442/46/7
f 389/42/84 441/46/7 391/11/84
f 391/11/84 441/46/7 443/11/7
f 455/46/79 454/47/3 453/46/79
f 454/47/3 455/46/79 456/47/3
f 456/47/3 409/46/78 454/47/3
f 409/46/78 456/47/3 410/46/78
f 445/11/17 402/42/89 401/11/89
f 402/42/89 445/11/17 447/46/17
f 402/42/89 447/46/17 454/47/17
f 454/47/17 447/46/17 453/46/17
f 402/42/89 454/47/17 437/42/17
f 437/42/17 454/47/17 409/46/17
f 437/42/17 409/46/17 403/46/17
f 437/42/17 403/46/17 434/20/17
f 434/20/17 403/46/17 399/45/17
f 434/20/17 399/45/17 397/43/17
f 434/20/17 397/43/17 413/20/17
f 413/20/17 397/43/17 417/43/17
f 413/20/17 417/43/17 415/44/17
f 446/46/3 453/46/3 447/46/3
f 453/46/3 446/46/3 455/46/3
f 446/46/42 456/47/42 455/46/42
f 439/42/42 456/47/42 446/46/42
f 444/11/42 439/42/42 446/46/42
f 420/11/42 439/42/42 444/11/42
f 439/42/42 420/11/42 422/42/42
f 456/47/42 439/42/42 436/42/42
f 456/47/42 436/42/42 410/46/42
f 410/46/42 436/42/42 404/46/42
f 404/46/42 436/42/42 435/20/42
f 404/46/42 435/20/42 400/45/42
f 400/45/42 435/20/42 398/43/42
f 398/43/42 435/20/42 414/20/42
f 398/43/42 414/20/42 418/43/42
f 418/43/42 414/20/42 416/44/42
f 22/50/17 26/49/17 24/48/17
f 26/49/17 22/50/17 13/49/17
f 13/49/17 22/50/17 20/51/17
f 13/49/17 20/51/17 17/50/17
f 13/49/17 17/50/17 15/48/17
f 182/49/42 173/48/42 181/49/42
f 173/48/42 182/49/42 170/50/42
f 170/50/42 182/49/42 169/51/42
f 169/51/42 182/49/42 204/50/42
f 204/50/42 182/49/42 194/48/42
f 459/52/93 458/53/93 457/52/93
f 462/55/94 461/54/48 460/54/94
f 461/54/48 462/55/94 463/55/48
f 466/55/49 465/54/47 464/55/47
f 465/54/47 466/55/49 467/54/49
f 470/55/50 469/54/95 468/54/50
f 469/54/95 470/55/50 471/55/95
f 470/55/50 467/54/49 466/55/49
f 467/54/49 470/55/50 468/54/50
f 464/55/47 461/54/48 463/55/48
f 461/54/48 464/55/47 465/54/47
f 468/54/10 465/54/10 467/54/10
f 465/54/10 468/54/10 461/54/10
f 461/54/10 468/54/10 469/54/10
f 461/54/10 469/54/10 460/54/10
f 463/55/3 466/55/3 464/55/3
f 466/55/3 463/55/3 470/55/3
f 470/55/3 463/55/3 462/55/3
f 470/55/3 462/55/3 471/55/3
f 474/55/7 473/54/52 472/54/7
f 473/54/52 474/55/7 475/55/52
f 478/55/54 477/54/53 476/55/53
f 477/54/53 478/55/54 479/54/54
f 482/55/51 481/54/13 480/54/51
f 481/54/13 482/55/51 483/55/13
f 482/55/51 479/54/54 478/55/54
f 479/54/54 482/55/51 480/54/51
f 476/55/53 473/54/52 475/55/52
f 473/54/52 476/55/53 477/54/53
f 480/54/10 477/54/10 479/54/10
f 477/54/10 480/54/10 473/54/10
f 473/54/10 480/54/10 481/54/10
f 473/54/10 481/54/10 472/54/10
f 475/55/3 478/55/3 476/55/3
f 478/55/3 475/55/3 482/55/3
f 482/55/3 475/55/3 474/55/3
f 482/55/3 474/55/3 483/55/3
f 77/57/13 71/56/13 69/56/13
f 71/56/13 77/57/13 78/57/13
f 95/58/13 485/54/13 484/54/13
f 485/54/13 95/58/13 96/58/13
f 83/60/13 103/59/13 101/59/13
f 103/59/13 83/60/13 84/60/13
f 89/62/13 99/61/13 97/61/13
f 99/61/13 89/62/13 90/62/13
f 91/58/17 98/61/17 93/63/17
f 95/58/17 98/61/17 91/58/17
f 98/61/17 95/58/17 97/61/17
f 484/54/17 97/61/17 95/58/17
f 97/61/17 484/54/17 486/54/17
f 102/59/17 487/62/17 101/59/17
f 487/62/17 102/59/17 89/62/17
f 89/62/17 102/59/17 85/62/17
f 85/62/17 102/59/17 87/64/17
f 490/54/10 489/54/10 488/54/10
f 489/54/10 490/54/10 491/54/10
f 491/54/10 490/54/10 492/54/10
f 491/54/10 492/54/10 493/54/10
f 495/55/97 489/54/96 494/55/96
f 489/54/96 495/55/97 488/54/97
f 496/55/98 489/54/96 491/54/98
f 489/54/96 496/55/98 494/55/96
f 493/54/99 498/55/100 497/55/99
f 498/55/100 493/54/99 492/54/100
f 499/55/101 492/54/100 490/54/101
f 492/54/100 499/55/101 498/55/100
f 497/55/99 491/54/98 493/54/99
f 491/54/98 497/55/99 496/55/98
f 495/55/97 490/54/101 488/54/97
f 490/54/101 495/55/97 499/55/101
f 502/58/3 501/58/3 500/58/3
f 501/58/3 502/58/3 503/58/3
f 503/58/3 502/58/3 504/58/3
f 503/58/3 504/58/3 505/58/3
f 506/55/13 504/58/102 502/58/13
f 504/58/102 506/55/13 507/55/102
f 508/55/103 504/58/102 507/55/102
f 504/58/102 508/55/103 505/58/103
f 508/55/103 503/58/7 505/58/103
f 503/58/7 508/55/103 509/55/7
f 509/55/7 501/58/104 503/58/7
f 501/58/104 509/55/7 510/55/104
f 501/58/104 511/55/105 500/58/105
f 511/55/105 501/58/104 510/55/104
f 511/55/105 502/58/13 500/58/105
f 502/58/13 511/55/105 506/55/13
f 499/55/3 508/55/3 498/55/3
f 498/55/3 508/55/3 497/55/3
f 499/55/3 509/55/3 508/55/3
f 507/55/3 497/55/3 508/55/3
f 499/55/3 510/55/3 509/55/3
f 495/55/3 510/55/3 499/55/3
f 507/55/3 496/55/3 497/55/3
f 506/55/3 496/55/3 507/55/3
f 510/55/3 495/55/3 511/55/3
f 511/55/3 496/55/3 506/55/3
f 494/55/3 511/55/3 495/55/3
f 511/55/3 494/55/3 496/55/3
f 514/65/108 513/54/107 512/65/106
f 513/54/107 514/65/108 515/66/107
f 515/66/109 516/54/109 513/54/109
f 516/54/109 515/66/109 517/66/109
f 517/66/110 518/65/111 516/54/110
f 518/65/111 517/66/110 519/65/112
f 522/55/115 521/55/114 520/55/113
f 521/55/114 522/55/115 523/55/116
f 522/55/115 519/65/112 523/55/116
f 519/65/112 522/55/115 518/65/111
f 520/55/113 514/65/108 512/65/106
f 514/65/108 520/55/113 521/55/114
f 518/65/7 513/54/7 516/54/7
f 513/54/7 518/65/7 512/65/7
f 512/65/7 518/65/7 522/55/7
f 512/65/7 522/55/7 520/55/7
f 514/65/13 517/66/13 515/66/13
f 517/66/13 514/65/13 519/65/13
f 519/65/13 514/65/13 521/55/13
f 519/65/13 521/55/13 523/55/13
f 116/55/3 115/55/3 114/55/3
f 115/55/3 116/55/3 111/55/3
f 111/55/3 116/55/3 113/55/3
f 111/55/3 113/55/3 112/55/3
f 526/55/3 525/55/3 524/55/3
f 525/55/3 526/55/3 527/55/3
f 527/55/3 526/55/3 528/55/3
f 527/55/3 528/55/3 529/55/3
f 524/55/117 531/54/118 530/54/117
f 531/54/118 524/55/117 525/55/118
f 526/55/119 530/54/117 532/54/119
f 530/54/117 526/55/119 524/55/117
f 527/55/120 534/54/121 533/54/120
f 534/54/121 527/55/120 529/55/121
f 534/54/121 528/55/122 535/54/122
f 528/55/122 534/54/121 529/55/121
f 525/55/118 533/54/120 531/54/118
f 533/54/120 525/55/118 527/55/120
f 528/55/122 532/54/119 535/54/122
f 532/54/119 528/55/122 526/55/119
f 139/64/42 154/59/42 137/62/42
f 137/62/42 154/59/42 141/62/42
f 141/62/42 154/59/42 539/62/42
f 153/59/42 539/62/42 154/59/42
f 538/54/42 536/54/42 149/61/42
f 147/58/42 149/61/42 536/54/42
f 149/61/42 147/58/42 150/61/42
f 143/58/42 150/61/42 147/58/42
f 145/63/42 150/61/42 143/58/42
f 142/62/13 141/62/13 151/61/13
f 149/61/13 151/61/13 141/62/13
f 136/60/13 135/60/13 155/59/13
f 153/59/13 155/59/13 135/60/13
f 148/58/13 147/58/13 537/54/13
f 536/54/13 537/54/13 147/58/13
f 130/57/13 129/57/13 123/56/13
f 121/56/13 123/56/13 129/57/13
f 542/55/13 541/54/13 540/54/13
f 541/54/13 542/55/13 543/55/13
f 546/54/87 545/55/87 544/54/87
f 545/55/87 546/54/87 547/55/87
f 550/55/3 549/55/3 548/55/3
f 549/55/3 550/55/3 551/55/3
f 551/55/3 547/55/3 549/55/3
f 547/55/3 551/55/3 545/55/3
f 551/55/3 550/55/3 552/55/3
f 553/55/3 552/55/3 550/55/3
f 552/55/3 553/55/3 542/55/3
f 542/55/3 553/55/3 543/55/3
f 543/55/3 553/55/3 554/55/3
f 555/55/3 554/55/3 553/55/3
f 554/55/3 555/55/3 556/55/3
f 556/55/3 555/55/3 557/55/3
f 557/55/3 558/55/3 556/55/3
f 558/55/3 557/55/3 559/55/3
f 537/54/42 551/55/42 560/54/42
f 551/55/42 537/54/42 545/55/42
f 545/55/42 537/54/42 544/54/42
f 558/55/87 562/54/87 561/54/87
f 562/54/87 558/55/87 559/55/87
f 558/55/17 563/54/17 556/55/17
f 563/54/17 558/55/17 485/54/17
f 485/54/17 558/55/17 561/54/17
f 542/55/17 564/54/17 552/55/17
f 564/54/17 542/55/17 540/54/17
f 541/54/42 554/55/42 565/54/42
f 554/55/42 541/54/42 543/55/42
f 168/55/3 167/55/3 166/55/3
f 167/55/3 168/55/3 163/55/3
f 163/55/3 168/55/3 165/55/3
f 163/55/3 165/55/3 164/55/3
f 238/67/123 566/59/17 240/67/123
f 566/59/17 238/67/123 567/59/17
f 250/69/124 569/68/3 568/68/3
f 569/68/3 250/69/124 249/69/124
f 571/59/17 242/70/123 570/59/17
f 242/70/123 571/59/17 244/70/123
f 251/72/125 573/71/10 572/71/10
f 573/71/10 251/72/125 252/72/125
f 250/69/7 573/71/7 252/72/7
f 573/71/7 250/69/7 246/69/7
f 246/69/7 250/69/7 568/68/7
f 246/69/7 245/72/7 573/71/7
f 574/59/42 257/67/126 258/67/126
f 257/67/126 574/59/42 575/59/42
f 576/74/3 233/73/124 234/73/124
f 233/73/124 576/74/3 577/74/3
f 572/71/10 245/72/127 247/72/127
f 245/72/127 572/71/10 573/71/10
f 244/70/13 575/59/13 243/75/13
f 575/59/13 244/70/13 571/59/13
f 575/59/13 571/59/13 259/76/13
f 575/59/13 259/76/13 257/67/13
f 230/70/7 566/59/7 232/75/7
f 566/59/7 230/70/7 578/59/7
f 566/59/7 578/59/7 240/67/7
f 240/67/7 578/59/7 239/76/7
f 254/73/7 576/74/7 253/77/7
f 236/77/7 253/77/7 576/74/7
f 236/77/7 576/74/7 234/73/7
f 253/77/7 236/77/7 579/78/7
f 578/59/42 237/76/128 239/76/128
f 237/76/128 578/59/42 580/59/42
f 574/59/7 242/70/7 241/75/7
f 242/70/7 574/59/7 570/59/7
f 570/59/7 574/59/7 260/76/7
f 260/76/7 574/59/7 258/67/7
f 248/69/13 572/71/13 247/72/13
f 249/69/13 572/71/13 248/69/13
f 249/69/13 248/69/13 569/68/13
f 572/71/13 249/69/13 251/72/13
f 256/73/13 255/77/13 577/74/13
f 255/77/13 235/77/13 577/74/13
f 577/74/13 235/77/13 233/73/13
f 235/77/13 255/77/13 581/78/13
f 581/78/10 236/77/125 235/77/125
f 236/77/125 581/78/10 579/78/10
f 568/68/3 248/69/129 246/69/129
f 248/69/129 568/68/3 569/68/3
f 229/70/126 578/59/42 230/70/126
f 578/59/42 229/70/126 580/59/42
f 254/73/129 577/74/3 576/74/3
f 577/74/3 254/73/129 256/73/129
f 255/77/127 579/78/10 581/78/10
f 579/78/10 255/77/127 253/77/127
f 567/59/13 229/70/13 231/75/13
f 229/70/13 567/59/13 580/59/13
f 580/59/13 567/59/13 238/67/13
f 580/59/13 238/67/13 237/76/13
f 567/59/17 232/75/130 566/59/17
f 232/75/130 567/59/17 231/75/130
f 259/76/130 570/59/17 260/76/130
f 570/59/17 259/76/130 571/59/17
f 241/75/128 575/59/42 574/59/42
f 575/59/42 241/75/128 243/75/128
f 582/79/3 280/79/3 269/79/3
f 582/79/3 269/79/3 263/79/3
f 583/79/3 280/79/3 582/79/3
f 582/79/3 263/79/3 584/79/3
f 280/79/3 583/79/3 279/79/3
f 584/79/3 263/79/3 585/79/3
f 586/79/3 279/79/3 583/79/3
f 585/79/3 263/79/3 261/79/3
f 279/79/3 586/79/3 278/79/3
f 585/79/3 261/79/3 587/79/3
f 278/79/3 586/79/3 587/79/3
f 265/79/3 587/79/3 261/79/3
f 278/79/3 587/79/3 267/79/3
f 267/79/3 587/79/3 265/79/3
f 590/82/133 589/81/132 588/80/131
f 593/84/135 592/84/134 591/83/10
f 588/80/131 594/55/136 590/82/133
f 593/84/135 591/83/10 595/84/137
f 598/82/140 597/86/139 596/85/138
f 591/83/10 600/88/142 599/87/141
f 603/80/143 602/55/7 601/55/7
f 602/55/7 603/80/143 604/80/143
f 607/89/146 606/90/145 605/89/144
f 606/90/145 607/89/146 608/55/102
f 608/55/102 607/89/146 609/55/102
f 609/55/102 607/89/146 610/91/147
f 590/82/133 585/92/76 589/81/132
f 585/92/76 590/82/133 584/92/76
f 613/81/60 612/84/17 611/81/148
f 613/81/60 583/92/17 612/84/17
f 612/84/17 583/92/17 614/93/17
f 614/93/17 583/92/17 615/94/17
f 583/92/17 613/81/60 616/92/17
f 613/81/60 617/54/17 616/92/17
f 613/81/60 618/54/17 617/54/17
f 619/81/149 618/54/17 613/81/60
f 620/92/17 618/54/17 619/81/149
f 621/95/17 618/54/17 620/92/17
f 618/54/17 621/95/17 622/54/17
f 595/84/137 623/97/151 458/96/150
f 623/97/151 595/84/137 624/84/152
f 602/55/10 625/55/10 601/55/10
f 625/55/10 602/55/10 626/55/10
f 608/55/10 625/55/10 626/55/10
f 625/55/10 608/55/10 609/55/10
f 625/55/10 609/55/10 594/55/10
f 601/55/154 627/80/56 603/80/153
f 627/80/56 601/55/154 625/55/154
f 594/55/154 627/80/56 625/55/154
f 627/80/56 594/55/154 588/80/56
f 628/89/155 592/84/134 605/89/144
f 592/84/134 628/89/155 611/81/156
f 592/84/134 611/81/156 612/84/157
f 603/80/153 630/81/57 629/81/158
f 630/81/57 603/80/153 627/80/56
f 588/80/56 630/81/57 627/80/56
f 630/81/57 588/80/56 589/81/57
f 630/81/57 631/92/42 629/81/158
f 631/92/42 630/81/57 632/54/42
f 633/54/42 631/92/42 632/54/42
f 631/92/42 633/54/42 634/95/42
f 632/54/42 630/81/57 635/54/42
f 635/54/42 630/81/57 636/92/42
f 589/81/57 636/92/42 630/81/57
f 636/92/42 589/81/57 585/92/42
f 638/80/58 637/80/58 628/89/159
f 637/80/58 611/81/148 628/89/159
f 611/81/148 637/80/58 613/81/60
f 604/80/160 613/81/60 637/80/58
f 613/81/60 604/80/160 619/81/149
f 615/94/162 591/83/10 614/93/161
f 591/83/10 615/94/162 600/88/142
f 457/89/163 610/91/147 607/89/146
f 610/91/147 457/89/163 597/86/103
f 597/86/103 457/89/163 596/85/103
f 633/54/7 621/95/164 634/95/164
f 621/95/164 633/54/7 622/54/7
f 622/54/7 633/54/7 639/54/7
f 622/54/7 639/54/7 640/54/7
f 634/95/164 620/92/165 631/92/165
f 620/92/165 634/95/164 621/95/164
f 582/92/13 590/82/13 598/82/13
f 590/82/13 582/92/13 584/92/13
f 629/81/166 604/80/143 603/80/143
f 604/80/143 629/81/166 619/81/166
f 631/92/7 619/81/166 629/81/166
f 619/81/166 631/92/7 620/92/7
f 604/80/160 626/55/167 602/55/167
f 626/55/167 604/80/160 637/80/58
f 638/80/58 626/55/167 637/80/58
f 626/55/167 638/80/58 606/90/167
f 626/55/167 606/90/167 608/55/167
f 592/84/134 607/89/146 605/89/144
f 607/89/146 592/84/134 593/84/135
f 598/82/168 610/91/168 597/86/168
f 594/55/168 610/91/168 598/82/168
f 594/55/168 598/82/168 590/82/168
f 610/91/168 594/55/168 609/55/168
f 614/93/161 592/84/134 612/84/157
f 592/84/134 614/93/161 591/83/10
f 598/82/140 458/96/170 623/97/169
f 458/96/170 598/82/140 457/89/170
f 598/82/140 596/85/138 457/89/170
f 583/92/71 600/88/71 615/94/71
f 600/88/71 583/92/71 582/92/71
f 600/88/71 582/92/71 599/87/71
f 599/87/71 582/92/71 624/84/71
f 624/84/71 582/92/71 623/97/169
f 623/97/169 582/92/71 598/82/140
f 638/80/13 605/89/144 606/90/145
f 605/89/144 638/80/13 628/89/155
f 624/84/152 591/83/10 599/87/141
f 591/83/10 624/84/152 595/84/137
f 595/84/137 607/89/146 593/84/135
f 607/89/146 595/84/137 457/89/163
f 457/89/163 595/84/137 458/96/150
f 643/61/48 642/56/47 641/61/47
f 642/56/47 643/61/48 644/56/48
f 643/61/10 646/61/10 645/61/10
f 647/61/10 646/61/10 643/61/10
f 647/61/10 643/61/10 641/61/10
f 647/61/10 641/61/10 648/61/10
f 647/61/10 649/61/10 646/61/10
f 650/61/10 649/61/10 647/61/10
f 650/61/10 651/61/10 649/61/10
f 650/61/10 652/61/10 651/61/10
f 653/61/10 652/61/10 650/61/10
f 652/61/10 653/61/10 654/61/10
f 657/56/3 656/56/3 655/56/3
f 656/56/3 657/56/3 658/56/3
f 658/56/3 657/56/3 659/56/3
f 660/56/3 658/56/3 659/56/3
f 659/56/3 657/56/3 661/56/3
f 659/56/3 661/56/3 662/56/3
f 662/56/3 661/56/3 663/56/3
f 663/56/3 661/56/3 644/56/3
f 644/56/3 661/56/3 664/56/3
f 644/56/3 664/56/3 642/56/3
f 641/61/47 664/56/49 648/61/49
f 664/56/49 641/61/47 642/56/47
f 658/56/51 651/61/13 652/61/51
f 651/61/13 658/56/51 660/56/13
f 658/56/51 654/61/54 656/56/54
f 654/61/54 658/56/51 652/61/51
f 655/56/53 650/61/52 657/56/52
f 650/61/52 655/56/53 653/61/53
f 656/56/54 653/61/53 655/56/53
f 653/61/53 656/56/54 654/61/54
f 647/61/50 657/56/52 650/61/52
f 657/56/52 647/61/50 661/56/50
f 648/61/49 661/56/50 647/61/50
f 661/56/50 648/61/49 664/56/49
f 663/56/13 643/61/48 645/61/13
f 643/61/48 663/56/13 644/56/48
f 56/100/28 60/99/28 58/98/28
f 60/99/28 56/100/28 47/99/28
f 47/99/28 56/100/28 54/101/28
f 47/99/28 54/101/28 51/100/28
f 47/99/28 51/100/28 49/98/28
f 666/102/42 274/103/42 665/102/42
f 274/103/42 666/102/42 275/103/42
f 277/103/17 667/102/17 276/103/17
f 667/102/17 277/103/17 668/102/17
f 667/102/3 666/102/3 665/102/3
f 666/102/3 667/102/3 668/102/3
f 277/103/7 666/102/7 668/102/7
f 666/102/7 277/103/7 275/103/7
f 274/103/13 667/102/13 665/102/13
f 667/102/13 274/103/13 276/103/13
f 374/104/171 370/104/3 368/104/171
f 370/104/3 374/104/171 375/104/3
f 373/105/171 368/104/171 367/105/171
f 368/104/171 373/105/171 374/104/171
f 361/105/3 366/105/3 365/105/3
f 366/105/3 361/105/3 362/105/3
f 366/105/3 362/105/3 367/105/171
f 367/105/171 362/105/3 373/105/171
f 433/107/88 408/106/87 407/106/87
f 408/106/87 433/107/88 450/107/88
f 451/108/90 433/107/88 431/108/90
f 433/107/88 451/108/90 450/107/88
f 448/108/3 431/108/90 429/108/3
f 431/108/90 448/108/3 451/108/90
f 412/104/3 426/104/3 452/104/3
f 426/104/3 412/104/3 425/104/3
f 425/104/3 412/104/3 386/104/3
f 425/104/3 386/104/3 427/104/3
f 427/104/3 386/104/3 449/104/3
f 449/104/3 386/104/3 388/104/3
f 671/110/173 670/109/172 669/109/172
f 670/109/172 671/110/173 672/110/173
f 675/112/176 674/111/175 673/111/174
f 674/111/175 675/112/176 676/112/177
f 679/113/179 678/109/178 677/109/178
f 678/109/178 679/113/179 680/114/179
f 683/117/180 682/116/181 681/115/180
f 682/116/181 683/117/180 684/118/182
f 686/109/184 681/115/183 685/115/183
f 681/115/183 686/109/184 687/109/184
f 690/109/186 689/113/185 688/113/185
f 689/113/185 690/109/186 691/109/186
f 671/110/187 693/109/188 692/119/187
f 693/109/188 671/110/187 669/109/188
f 695/116/190 684/118/182 694/118/189
f 684/118/182 695/116/190 682/116/181
f 673/111/174 697/114/191 696/114/191
f 697/114/191 673/111/174 674/111/175
f 683/117/192 699/109/193 698/117/192
f 699/109/193 683/117/192 700/109/193
f 689/113/185 675/112/176 688/113/185
f 675/112/176 689/113/185 676/112/177
f 703/119/196 702/121/195 701/120/194
f 702/121/195 703/119/196 672/110/196
f 705/111/198 704/114/197 680/114/197
f 704/114/197 705/111/198 706/111/199
f 681/115/183 695/116/190 685/115/183
f 695/116/190 681/115/183 682/116/181
f 708/112/201 679/113/200 707/113/200
f 679/113/200 708/112/201 709/112/202
f 708/112/201 705/111/198 709/112/202
f 705/111/198 708/112/201 706/111/199
f 701/120/194 711/121/204 710/120/203
f 711/121/204 701/120/194 702/121/195
f 680/114/197 712/109/205 678/109/205
f 712/109/205 680/114/197 704/114/197
f 701/120/194 692/119/206 703/119/206
f 692/119/206 701/120/194 710/120/203
f 713/109/207 679/113/200 677/109/207
f 679/113/200 713/109/207 707/113/200
f 709/112/202 680/114/179 679/113/179
f 680/114/179 709/112/202 705/111/198
f 711/121/204 692/119/187 710/120/203
f 692/119/187 711/121/204 671/110/187
f 683/117/180 687/109/208 700/109/208
f 687/109/208 683/117/180 681/115/180
f 711/121/204 672/110/173 671/110/173
f 672/110/173 711/121/204 702/121/195
f 712/109/209 707/113/210 713/109/209
f 707/113/210 712/109/209 704/114/210
f 688/113/212 714/109/211 690/109/211
f 714/109/211 688/113/212 696/114/212
f 704/114/210 708/112/201 707/113/210
f 708/112/201 704/114/210 706/111/199
f 694/118/189 683/117/192 698/117/192
f 683/117/192 694/118/189 684/118/182
f 695/116/190 698/117/213 685/115/213
f 698/117/213 695/116/190 694/118/189
f 688/113/212 673/111/174 696/114/212
f 673/111/174 688/113/212 675/112/176
f 715/109/214 672/110/196 703/119/196
f 672/110/196 715/109/214 670/109/214
f 697/114/216 691/109/215 716/109/215
f 691/109/215 697/114/216 689/113/216
f 685/115/213 699/109/217 686/109/217
f 699/109/217 685/115/213 698/117/213
f 697/114/191 714/109/218 696/114/191
f 714/109/218 697/114/191 716/109/218
f 703/119/206 693/109/219 715/109/219
f 693/109/219 703/119/206 692/119/206
f 674/111/175 689/113/216 697/114/216
f 689/113/216 674/111/175 676/112/177
f 719/110/221 718/109/220 717/109/220
f 718/109/220 719/110/221 720/110/221
f 723/112/224 722/111/223 721/111/222
f 722/111/223 723/112/224 724/112/225
f 727/113/227 726/109/226 725/109/226
f 726/109/226 727/113/227 728/114/227
f 731/117/228 730/116/229 729/115/228
f 730/116/229 731/117/228 732/118/230
f 734/109/232 729/115/231 733/115/231
f 729/115/231 734/109/232 735/109/232
f 738/109/234 737/113/233 736/113/233
f 737/113/233 738/109/234 739/109/234
f 719/110/235 741/109/236 740/119/235
f 741/109/236 719/110/235 717/109/236
f 743/116/238 732/118/230 742/118/237
f 732/118/230 743/116/238 730/116/229
f 721/111/222 745/114/239 744/114/239
f 745/114/239 721/111/222 722/111/223
f 731/117/240 747/109/241 746/117/240
f 747/109/241 731/117/240 748/109/241
f 737/113/233 723/112/224 736/113/233
f 723/112/224 737/113/233 724/112/225
f 751/119/244 750/121/243 749/120/242
f 750/121/243 751/119/244 720/110/244
f 753/111/246 752/114/245 728/114/245
f 752/114/245 753/111/246 754/111/247
f 729/115/231 743/116/238 733/115/231
f 743/116/238 729/115/231 730/116/229
f 756/112/249 727/113/248 755/113/248
f 727/113/248 756/112/249 757/112/250
f 756/112/249 753/111/246 757/112/250
f 753/111/246 756/112/249 754/111/247
f 749/120/242 759/121/252 758/120/251
f 759/121/252 749/120/242 750/121/243
f 728/114/245 760/109/253 726/109/253
f 760/109/253 728/114/245 752/114/245
f 749/120/242 740/119/254 751/119/254
f 740/119/254 749/120/242 758/120/251
f 761/109/255 727/113/248 725/109/255
f 727/113/248 761/109/255 755/113/248
f 757/112/250 728/114/227 727/113/227
f 728/114/227 757/112/250 753/111/246
f 759/121/252 740/119/235 758/120/251
f 740/119/235 759/121/252 719/110/235
f 731/117/228 735/109/256 748/109/256
f 735/109/256 731/117/228 729/115/228
f 759/121/252 720/110/221 719/110/221
f 720/110/221 759/121/252 750/121/243
f 760/109/257 755/113/258 761/109/257
f 755/113/258 760/109/257 752/114/258
f 736/113/260 762/109/259 738/109/259
f 762/109/259 736/113/260 744/114/260
f 752/114/258 756/112/249 755/113/258
f 756/112/249 752/114/258 754/111/247
f 742/118/237 731/117/240 746/117/240
f 731/117/240 742/118/237 732/118/230
f 743/116/238 746/117/261 733/115/261
f 746/117/261 743/116/238 742/118/237
f 736/113/260 721/111/222 744/114/260
f 721/111/222 736/113/260 723/112/224
f 763/109/262 720/110/244 751/119/244
f 720/110/244 763/109/262 718/109/262
f 745/114/264 739/109/263 764/109/263
f 739/109/263 745/114/264 737/113/264
f 733/115/261 747/109/265 734/109/265
f 747/109/265 733/115/261 746/117/261
f 745/114/239 762/109/266 744/114/239
f 762/109/266 745/114/239 764/109/266
f 751/119/254 741/109/267 763/109/267
f 741/109/267 751/119/254 740/119/254
f 722/111/223 737/113/264 745/114/264
f 737/113/264 722/111/223 724/112/225
f 767/110/269 766/109/268 765/109/268
f 766/109/268 767/110/269 768/110/269
f 771/112/272 770/111/271 769/111/270
f 770/111/271 771/112/272 772/112/273
f 775/113/275 774/109/274 773/109/274
f 774/109/274 775/113/275 776/114/275
f 779/117/276 778/116/277 777/115/276
f 778/116/277 779/117/276 780/118/278
f 782/109/280 777/115/279 781/115/279
f 777/115/279 782/109/280 783/109/280
f 786/109/282 785/113/281 784/113/281
f 785/113/281 786/109/282 787/109/282
f 767/110/283 789/109/284 788/119/283
f 789/109/284 767/110/283 765/109/284
f 791/116/286 780/118/278 790/118/285
f 780/118/278 791/116/286 778/116/277
f 769/111/270 793/114/287 792/114/287
f 793/114/287 769/111/270 770/111/271
f 779/117/288 795/109/289 794/117/288
f 795/109/289 779/117/288 796/109/289
f 785/113/281 771/112/272 784/113/281
f 771/112/272 785/113/281 772/112/273
f 799/119/292 798/121/291 797/120/290
f 798/121/291 799/119/292 768/110/292
f 801/111/294 800/114/293 776/114/293
f 800/114/293 801/111/294 802/111/295
f 777/115/279 791/116/286 781/115/279
f 791/116/286 777/115/279 778/116/277
f 804/112/297 775/113/296 803/113/296
f 775/113/296 804/112/297 805/112/298
f 804/112/297 801/111/294 805/112/298
f 801/111/294 804/112/297 802/111/295
f 797/120/290 807/121/300 806/120/299
f 807/121/300 797/120/290 798/121/291
f 776/114/293 808/109/301 774/109/301
f 808/109/301 776/114/293 800/114/293
f 797/120/290 788/119/302 799/119/302
f 788/119/302 797/120/290 806/120/299
f 809/109/303 775/113/296 773/109/303
f 775/113/296 809/109/303 803/113/296
f 805/112/298 776/114/275 775/113/275
f 776/114/275 805/112/298 801/111/294
f 807/121/300 788/119/283 806/120/299
f 788/119/283 807/121/300 767/110/283
f 779/117/276 783/109/304 796/109/304
f 783/109/304 779/117/276 777/115/276
f 807/121/300 768/110/269 767/110/269
f 768/110/269 807/121/300 798/121/291
f 808/109/305 803/113/306 809/109/305
f 803/113/306 808/109/305 800/114/306
f 784/113/308 810/109/307 786/109/307
f 810/109/307 784/113/308 792/114/308
f 800/114/306 804/112/297 803/113/306
f 804/112/297 800/114/306 802/111/295
f 790/118/285 779/117/288 794/117/288
f 779/117/288 790/118/285 780/118/278
f 791/116/286 794/117/309 781/115/309
f 794/117/309 791/116/286 790/118/285
f 784/113/308 769/111/270 792/114/308
f 769/111/270 784/113/308 771/112/272
f 811/109/310 768/110/292 799/119/292
f 768/110/292 811/109/310 766/109/310
f 793/114/312 787/109/311 812/109/311
f 787/109/311 793/114/312 785/113/312
f 781/115/309 795/109/313 782/109/313
f 795/109/313 781/115/309 794/117/309
f 793/114/287 810/109/314 792/114/287
f 810/109/314 793/114/287 812/109/314
f 799/119/302 789/109/315 811/109/315
f 789/109/315 799/119/302 788/119/302
f 770/111/271 785/113/312 793/114/312
f 785/113/312 770/111/271 772/112/273
f 815/110/317 814/109/316 813/109/316
f 814/109/316 815/110/317 816/110/317
f 819/112/320 818/111/319 817/111/318
f 818/111/319 819/112/320 820/112/321
f 823/113/323 822/109/322 821/109/322
f 822/109/322 823/113/323 824/114/323
f 827/117/324 826/116/325 825/115/324
f 826/116/325 827/117/324 828/118/326
f 830/109/328 825/115/327 829/115/327
f 825/115/327 830/109/328 831/109/328
f 834/109/330 833/113/329 832/113/329
f 833/113/329 834/109/330 835/109/330
f 815/110/331 837/109/332 836/119/331
f 837/109/332 815/110/331 813/109/332
f 839/116/334 828/118/326 838/118/333
f 828/118/326 839/116/334 826/116/325
f 817/111/318 841/114/335 840/114/335
f 841/114/335 817/111/318 818/111/319
f 827/117/336 843/109/337 842/117/336
f 843/109/337 827/117/336 844/109/337
f 833/113/329 819/112/320 832/113/329
f 819/112/320 833/113/329 820/112/321
f 847/119/340 846/121/339 845/120/338
f 846/121/339 847/119/340 816/110/340
f 849/111/342 848/114/341 824/114/341
f 848/114/341 849/111/342 850/111/343
f 825/115/327 839/116/334 829/115/327
f 839/116/334 825/115/327 826/116/325
f 852/112/345 823/113/344 851/113/344
f 823/113/344 852/112/345 853/112/346
f 852/112/345 849/111/342 853/112/346
f 849/111/342 852/112/345 850/111/343
f 845/120/338 855/121/348 854/120/347
f 855/121/348 845/120/338 846/121/339
f 824/114/341 856/109/349 822/109/349
f 856/109/349 824/114/341 848/114/341
f 845/120/338 836/119/350 847/119/350
f 836/119/350 845/120/338 854/120/347
f 857/109/351 823/113/344 821/109/351
f 823/113/344 857/109/351 851/113/344
f 853/112/346 824/114/323 823/113/323
f 824/114/323 853/112/346 849/111/342
f 855/121/348 836/119/331 854/120/347
f 836/119/331 855/121/348 815/110/331
f 827/117/324 831/109/352 844/109/352
f 831/109/352 827/117/324 825/115/324
f 855/121/348 816/110/317 815/110/317
f 816/110/317 855/121/348 846/121/339
f 856/109/353 851/113/354 857/109/353
f 851/113/354 856/109/353 848/114/354
f 832/113/356 858/109/355 834/109/355
f 858/109/355 832/113/356 840/114/356
f 848/114/354 852/112/345 851/113/354
f 852/112/345 848/114/354 850/111/343
f 838/118/333 827/117/336 842/117/336
f 827/117/336 838/118/333 828/118/326
f 839/116/334 842/117/357 829/115/357
f 842/117/357 839/116/334 838/118/333
f 832/113/356 817/111/318 840/114/356
f 817/111/318 832/113/356 819/112/320
f 859/109/358 816/110/340 847/119/340
f 816/110/340 859/109/358 814/109/358
f 841/114/360 835/109/359 860/109/359
f 835/109/359 841/114/360 833/113/360
f 829/115/357 843/109/361 830/109/361
f 843/109/361 829/115/357 842/117/357
f 841/114/335 858/109/362 840/114/335
f 858/109/362 841/114/335 860/109/362
f 847/119/350 837/109/363 859/109/363
f 837/109/363 847/119/350 836/119/350
f 818/111/319 833/113/360 841/114/360
f 833/113/360 818/111/319 820/112/321
f 863/110/365 862/109/364 861/109/364
f 862/109/364 863/110/365 864/110/365
f 867/112/368 866/111/367 865/111/366
f 866/111/367 867/112/368 868/112/369
f 871/113/371 870/109/370 869/109/370
f 870/109/370 871/113/371 872/114/371
f 875/117/372 874/116/373 873/115/372
f 874/116/373 875/117/372 876/118/374
f 878/109/376 873/115/375 877/115/375
f 873/115/375 878/109/376 879/109/376
f 882/109/378 881/113/377 880/113/377
f 881/113/377 882/109/378 883/109/378
f 863/110/379 885/109/380 884/119/379
f 885/109/380 863/110/379 861/109/380
f 887/116/382 876/118/374 886/118/381
f 876/118/374 887/116/382 874/116/373
f 865/111/366 889/114/383 888/114/383
f 889/114/383 865/111/366 866/111/367
f 875/117/384 891/109/385 890/117/384
f 891/109/385 875/117/384 892/109/385
f 881/113/377 867/112/368 880/113/377
f 867/112/368 881/113/377 868/112/369
f 895/119/388 894/121/387 893/120/386
f 894/121/387 895/119/388 864/110/388
f 897/111/390 896/114/389 872/114/389
f 896/114/389 897/111/390 898/111/391
f 873/115/375 887/116/382 877/115/375
f 887/116/382 873/115/375 874/116/373
f 900/112/393 871/113/392 899/113/392
f 871/113/392 900/112/393 901/112/394
f 900/112/393 897/111/390 901/112/394
f 897/111/390 900/112/393 898/111/391
f 893/120/386 903/121/396 902/120/395
f 903/121/396 893/120/386 894/121/387
f 872/114/389 904/109/397 870/109/397
f 904/109/397 872/114/389 896/114/389
f 893/120/386 884/119/398 895/119/398
f 884/119/398 893/120/386 902/120/395
f 905/109/399 871/113/392 869/109/399
f 871/113/392 905/109/399 899/113/392
f 901/112/394 872/114/371 871/113/371
f 872/114/371 901/112/394 897/111/390
f 903/121/396 884/119/379 902/120/395
f 884/119/379 903/121/396 863/110/379
f 875/117/372 879/109/400 892/109/400
f 879/109/400 875/117/372 873/115/372
f 903/121/396 864/110/365 863/110/365
f 864/110/365 903/121/396 894/121/387
f 904/109/401 899/113/402 905/109/401
f 899/113/402 904/109/401 896/114/402
f 880/113/404 906/109/403 882/109/403
f 906/109/403 880/113/404 888/114/404
f 896/114/402 900/112/393 899/113/402
f 900/112/393 896/114/402 898/111/391
f 886/118/381 875/117/384 890/117/384
f 875/117/384 886/118/381 876/118/374
f 887/116/382 890/117/405 877/115/405
f 890/117/405 887/116/382 886/118/381
f 880/113/404 865/111/366 888/114/404
f 865/111/366 880/113/404 867/112/368
f 907/109/406 864/110/388 895/119/388
f 864/110/388 907/109/406 862/109/406
f 889/114/408 883/109/407 908/109/407
f 883/109/407 889/114/408 881/113/408
f 877/115/405 891/109/409 878/109/409
f 891/109/409 877/115/405 890/117/405
f 889/114/383 906/109/410 888/114/383
f 906/109/410 889/114/383 908/109/410
f 895/119/398 885/109/411 907/109/411
f 885/109/411 895/119/398 884/119/398
f 866/111/367 881/113/408 889/114/408
f 881/113/408 866/111/367 868/112/369
f 911/110/413 910/109/412 909/109/412
f 910/109/412 911/110/413 912/110/413
f 915/112/416 914/111/415 913/111/414
f 914/111/415 915/112/416 916/112/417
f 919/113/419 918/109/418 917/109/418
f 918/109/418 919/113/419 920/114/419
f 923/117/420 922/116/421 921/115/420
f 922/116/421 923/117/420 924/118/422
f 926/109/424 921/115/423 925/115/423
f 921/115/423 926/109/424 927/109/424
f 930/109/426 929/113/425 928/113/425
f 929/113/425 930/109/426 931/109/426
f 911/110/427 933/109/428 932/119/427
f 933/109/428 911/110/427 909/109/428
f 935/116/430 924/118/422 934/118/429
f 924/118/422 935/116/430 922/116/421
f 913/111/414 937/114/431 936/114/431
f 937/114/431 913/111/414 914/111/415
f 923/117/432 939/109/433 938/117/432
f 939/109/433 923/117/432 940/109/433
f 929/113/425 915/112/416 928/113/425
f 915/112/416 929/113/425 916/112/417
f 943/119/436 942/121/435 941/120/434
f 942/121/435 943/119/436 912/110/436
f 945/111/438 944/114/437 920/114/437
f 944/114/437 945/111/438 946/111/439
f 921/115/423 935/116/430 925/115/423
f 935/116/430 921/115/423 922/116/421
f 948/112/441 919/113/440 947/113/440
f 919/113/440 948/112/441 949/112/442
f 948/112/441 945/111/438 949/112/442
f 945/111/438 948/112/441 946/111/439
f 941/120/434 951/121/444 950/120/443
f 951/121/444 941/120/434 942/121/435
f 920/114/437 952/109/445 918/109/445
f 952/109/445 920/114/437 944/114/437
f 941/120/434 932/119/446 943/119/446
f 932/119/446 941/120/434 950/120/443
f 953/109/447 919/113/440 917/109/447
f 919/113/440 953/109/447 947/113/440
f 949/112/442 920/114/419 919/113/419
f 920/114/419 949/112/442 945/111/438
f 951/121/444 932/119/427 950/120/443
f 932/119/427 951/121/444 911/110/427
f 923/117/420 927/109/448 940/109/448
f 927/109/448 923/117/420 921/115/420
f 951/121/444 912/110/413 911/110/413
f 912/110/413 951/121/444 942/121/435
f 952/109/449 947/113/450 953/109/449
f 947/113/450 952/109/449 944/114/450
f 928/113/452 954/109/451 930/109/451
f 954/109/451 928/113/452 936/114/452
f 944/114/450 948/112/441 947/113/450
f 948/112/441 944/114/450 946/111/439
f 934/118/429 923/117/432 938/117/432
f 923/117/432 934/118/429 924/118/422
f 935/116/430 938/117/453 925/115/453
f 938/117/453 935/116/430 934/118/429
f 928/113/452 913/111/414 936/114/452
f 913/111/414 928/113/452 915/112/416
f 955/109/454 912/110/436 943/119/436
f 912/110/436 955/109/454 910/109/454
f 937/114/456 931/109/455 956/109/455
f 931/109/455 937/114/456 929/113/456
f 925/115/453 939/109/457 926/109/457
f 939/109/457 925/115/453 938/117/453
f 937/114/431 954/109/458 936/114/431
f 954/109/458 937/114/431 956/109/458
f 943/119/446 933/109/459 955/109/459
f 933/109/459 943/119/446 932/119/446
f 914/111/415 929/113/456 937/114/456
f 929/113/456 914/111/415 916/112/417
f 959/110/173 958/109/172 957/109/172
f 958/109/172 959/110/173 960/110/173
f 963/112/176 962/111/175 961/111/174
f 962/111/175 963/112/176 964/112/177
f 967/113/179 966/109/178 965/109/178
f 966/109/178 967/113/179 968/114/179
f 971/117/180 970/116/181 969/115/180
f 970/116/181 971/117/180 972/118/182
f 974/109/184 969/115/183 973/115/183
f 969/115/183 974/109/184 975/109/184
f 978/109/186 977/113/185 976/113/185
f 977/113/185 978/109/186 979/109/186
f 959/110/187 981/109/188 980/119/187
f 981/109/188 959/110/187 957/109/188
f 983/116/190 972/118/182 982/118/189
f 972/118/182 983/116/190 970/116/181
f 961/111/174 985/114/191 984/114/191
f 985/114/191 961/111/174 962/111/175
f 971/117/192 987/109/193 986/117/192
f 987/109/193 971/117/192 988/109/193
f 977/113/185 963/112/176 976/113/185
f 963/112/176 977/113/185 964/112/177
f 991/119/196 990/121/195 989/120/194
f 990/121/195 991/119/196 960/110/196
f 993/111/198 992/114/197 968/114/197
f 992/114/197 993/111/198 994/111/199
f 969/115/183 983/116/190 973/115/183
f 983/116/190 969/115/183 970/116/181
f 996/112/201 967/113/200 995/113/200
f 967/113/200 996/112/201 997/112/202
f 996/112/201 993/111/198 997/112/202
f 993/111/198 996/112/201 994/111/199
f 989/120/194 999/121/204 998/120/203
f 999/121/204 989/120/194 990/121/195
f 968/114/197 1000/109/205 966/109/205
f 1000/109/205 968/114/197 992/114/197
f 989/120/194 980/119/206 991/119/206
f 980/119/206 989/120/194 998/120/203
f 1001/109/207 967/113/200 965/109/207
f 967/113/200 1001/109/207 995/113/200
f 997/112/202 968/114/179 967/113/179
f 968/114/179 997/112/202 993/111/198
f 999/121/204 980/119/187 998/120/203
f 980/119/187 999/121/204 959/110/187
f 971/117/180 975/109/208 988/109/208
f 975/109/208 971/117/180 969/115/180
f 999/121/204 960/110/173 959/110/173
f 960/110/173 999/121/204 990/121/195
f 1000/109/209 995/113/210 1001/109/209
f 995/113/210 1000/109/209 992/114/210
f 976/113/212 1002/109/211 978/109/211
f 1002/109/211 976/113/212 984/114/212
f 992/114/210 996/112/201 995/113/210
f 996/112/201 992/114/210 994/111/199
f 982/118/189 971/117/192 986/117/192
f 971/117/192 982/118/189 972/118/182
f 983/116/190 986/117/213 973/115/213
f 986/117/213 983/116/190 982/118/189
f 976/113/212 961/111/174 984/114/212
f 961/111/174 976/113/212 963/112/176
f 1003/109/214 960/110/196 991/119/196
f 960/110/196 1003/109/214 958/109/214
f 985/114/216 979/109/215 1004/109/215
f 979/109/215 985/114/216 977/113/216
f 973/115/213 987/109/217 974/109/217
f 987/109/217 973/115/213 986/117/213
f 985/114/191 1002/109/218 984/114/191
f 1002/109/218 985/114/191 1004/109/218
f 991/119/206 981/109/219 1003/109/219
f 981/109/219 991/119/206 980/119/206
f 962/111/175 977/113/216 985/114/216
f 977/113/216 962/111/175 964/112/177
f 1007/110/461 1006/109/460 1005/109/460
f 1006/109/460 1007/110/461 1008/110/461
f 1011/112/464 1010/111/463 1009/111/462
f 1010/111/463 1011/112/464 1012/112/465
f 1015/113/467 1014/109/466 1013/109/466
f 1014/109/466 1015/113/467 1016/114/467
f 1019/117/468 1018/116/469 1017/115/468
f 1018/116/469 1019/117/468 1020/118/470
f 1022/109/472 1017/115/471 1021/115/471
f 1017/115/471 1022/109/472 1023/109/472
f 1026/109/474 1025/113/473 1024/113/473
f 1025/113/473 1026/109/474 1027/109/474
f 1007/110/475 1029/109/476 1028/119/475
f 1029/109/476 1007/110/475 1005/109/476
f 1031/116/478 1020/118/470 1030/118/477
f 1020/118/470 1031/116/478 1018/116/469
f 1009/111/462 1033/114/479 1032/114/479
f 1033/114/479 1009/111/462 1010/111/463
f 1019/117/480 1035/109/481 1034/117/480
f 1035/109/481 1019/117/480 1036/109/481
f 1025/113/473 1011/112/464 1024/113/473
f 1011/112/464 1025/113/473 1012/112/465
f 1039/119/484 1038/121/483 1037/120/482
f 1038/121/483 1039/119/484 1008/110/484
f 1041/111/486 1040/114/485 1016/114/485
f 1040/114/485 1041/111/486 1042/111/487
f 1017/115/471 1031/116/478 1021/115/471
f 1031/116/478 1017/115/471 1018/116/469
f 1044/112/489 1015/113/488 1043/113/488
f 1015/113/488 1044/112/489 1045/112/490
f 1044/112/489 1041/111/486 1045/112/490
f 1041/111/486 1044/112/489 1042/111/487
f 1037/120/482 1047/121/492 1046/120/491
f 1047/121/492 1037/120/482 1038/121/483
f 1016/114/485 1048/109/493 1014/109/493
f 1048/109/493 1016/114/485 1040/114/485
f 1037/120/482 1028/119/494 1039/119/494
f 1028/119/494 1037/120/482 1046/120/491
f 1049/109/495 1015/113/488 1013/109/495
f 1015/113/488 1049/109/495 1043/113/488
f 1045/112/490 1016/114/467 1015/113/467
f 1016/114/467 1045/112/490 1041/111/486
f 1047/121/492 1028/119/475 1046/120/491
f 1028/119/475 1047/121/492 1007/110/475
f 1019/117/468 1023/109/496 1036/109/496
f 1023/109/496 1019/117/468 1017/115/468
f 1047/121/492 1008/110/461 1007/110/461
f 1008/110/461 1047/121/492 1038/121/483
f 1048/109/497 1043/113/498 1049/109/497
f 1043/113/498 1048/109/497 1040/114/498
f 1024/113/500 1050/109/499 1026/109/499
f 1050/109/499 1024/113/500 1032/114/500
f 1040/114/498 1044/112/489 1043/113/498
f 1044/112/489 1040/114/498 1042/111/487
f 1030/118/477 1019/117/480 1034/117/480
f 1019/117/480 1030/118/477 1020/118/470
f 1031/116/478 1034/117/501 1021/115/501
f 1034/117/501 1031/116/478 1030/118/477
f 1024/113/500 1009/111/462 1032/114/500
f 1009/111/462 1024/113/500 1011/112/464
f 1051/109/502 1008/110/484 1039/119/484
f 1008/110/484 1051/109/502 1006/109/502
f 1033/114/504 1027/109/503 1052/109/503
f 1027/109/503 1033/114/504 1025/113/504
f 1021/115/501 1035/109/505 1022/109/505
f 1035/109/505 1021/115/501 1034/117/501
f 1033/114/479 1050/109/506 1032/114/479
f 1050/109/506 1033/114/479 1052/109/506
f 1039/119/494 1029/109/507 1051/109/507
f 1029/109/507 1039/119/494 1028/119/494
f 1010/111/463 1025/113/504 1033/114/504
f 1025/113/504 1010/111/463 1012/112/465
f 1055/110/509 1054/109/508 1053/109/508
f 1054/109/508 1055/110/509 1056/110/509
f 1059/112/512 1058/111/511 1057/111/510
f 1058/111/511 1059/112/512 1060/112/513
f 1063/113/515 1062/109/514 1061/109/514
f 1062/109/514 1063/113/515 1064/114/515
f 1067/117/516 1066/116/517 1065/115/516
f 1066/116/517 1067/117/516 1068/118/518
f 1070/109/520 1065/115/519 1069/115/519
f 1065/115/519 1070/109/520 1071/109/520
f 1074/109/522 1073/113/521 1072/113/521
f 1073/113/521 1074/109/522 1075/109/522
f 1055/110/523 1077/109/524 1076/119/523
f 1077/109/524 1055/110/523 1053/109/524
f 1079/116/526 1068/118/518 1078/118/525
f 1068/118/518 1079/116/526 1066/116/517
f 1057/111/510 1081/114/527 1080/114/527
f 1081/114/527 1057/111/510 1058/111/511
f 1067/117/528 1083/109/529 1082/117/528
f 1083/109/529 1067/117/528 1084/109/529
f 1073/113/521 1059/112/512 1072/113/521
f 1059/112/512 1073/113/521 1060/112/513
f 1087/119/532 1086/121/531 1085/120/530
f 1086/121/531 1087/119/532 1056/110/532
f 1089/111/534 1088/114/533 1064/114/533
f 1088/114/533 1089/111/534 1090/111/535
f 1065/115/519 1079/116/526 1069/115/519
f 1079/116/526 1065/115/519 1066/116/517
f 1092/112/537 1063/113/536 1091/113/536
f 1063/113/536 1092/112/537 1093/112/538
f 1092/112/537 1089/111/534 1093/112/538
f 1089/111/534 1092/112/537 1090/111/535
f 1085/120/530 1095/121/540 1094/120/539
f 1095/121/540 1085/120/530 1086/121/531
f 1064/114/533 1096/109/541 1062/109/541
f 1096/109/541 1064/114/533 1088/114/533
f 1085/120/530 1076/119/542 1087/119/542
f 1076/119/542 1085/120/530 1094/120/539
f 1097/109/543 1063/113/536 1061/109/543
f 1063/113/536 1097/109/543 1091/113/536
f 1093/112/538 1064/114/515 1063/113/515
f 1064/114/515 1093/112/538 1089/111/534
f 1095/121/540 1076/119/523 1094/120/539
f 1076/119/523 1095/121/540 1055/110/523
f 1067/117/516 1071/109/544 1084/109/544
f 1071/109/544 1067/117/516 1065/115/516
f 1095/121/540 1056/110/509 1055/110/509
f 1056/110/509 1095/121/540 1086/121/531
f 1096/109/545 1091/113/546 1097/109/545
f 1091/113/546 1096/109/545 1088/114/546
f 1072/113/548 1098/109/547 1074/109/547
f 1098/109/547 1072/113/548 1080/114/548
f 1088/114/546 1092/112/537 1091/113/546
f 1092/112/537 1088/114/546 1090/111/535
f 1078/118/525 1067/117/528 1082/117/528
f 1067/117/528 1078/118/525 1068/118/518
f 1079/116/526 1082/117/549 1069/115/549
f 1082/117/549 1079/116/526 1078/118/525
f 1072/113/548 1057/111/510 1080/114/548
f 1057/111/510 1072/113/548 1059/112/512
f 1099/109/550 1056/110/532 1087/119/532
f 1056/110/532 1099/109/550 1054/109/550
f 1081/114/552 1075/109/551 1100/109/551
f 1075/109/551 1081/114/552 1073/113/552
f 1069/115/549 1083/109/553 1070/109/553
f 1083/109/553 1069/115/549 1082/117/549
f 1081/114/527 1098/109/554 1080/114/527
f 1098/109/554 1081/114/527 1100/109/554
f 1087/119/542 1077/109/555 1099/109/555
f 1077/109/555 1087/119/542 1076/119/542
f 1058/111/511 1073/113/552 1081/114/552
f 1073/113/552 1058/111/511 1060/112/513
f 1103/104/558 1102/122/557 1101/122/556
f 1102/122/557 1103/104/558 1104/104/559
f 1107/104/562 1106/122/561 1105/104/560
f 1106/122/561 1107/104/562 1108/122/563
f 1110/122/564 1108/122/564 1109/122/564
f 1108/122/564 1110/122/564 1106/122/564
f 1111/122/564 1106/122/564 1110/122/564
f 1111/122/564 1112/122/564 1106/122/564
f 1111/122/564 1110/122/564 1113/122/564
f 1113/122/564 1110/122/564 1114/122/564
f 1115/122/564 1112/122/564 1111/122/564
f 1115/122/564 1116/122/564 1112/122/564
f 1117/122/564 1116/122/564 1115/122/564
f 1117/122/564 1118/122/564 1116/122/564
f 1119/122/564 1118/122/564 1117/122/564
f 1120/122/564 1118/122/564 1119/122/564
f 1120/122/564 1121/122/564 1118/122/564
f 1122/122/564 1121/122/564 1120/122/564
f 1123/122/564 1121/122/564 1122/122/564
f 1123/122/564 1102/122/564 1121/122/564
f 1124/122/564 1102/122/564 1123/122/564
f 1125/122/564 1102/122/564 1124/122/564
f 1125/122/564 1101/122/564 1102/122/564
f 1101/122/564 1125/122/564 1126/122/564
f 1127/104/567 1116/122/566 1118/122/565
f 1116/122/566 1127/104/567 1128/104/568
f 1117/122/571 1129/104/570 1119/122/569
f 1129/104/570 1117/122/571 1130/104/572
f 1115/122/575 1132/104/574 1131/104/573
f 1132/104/574 1115/122/575 1111/122/576
f 1134/104/579 1110/122/578 1133/104/577
f 1110/122/578 1134/104/579 1114/122/580
f 1135/104/582 1118/122/565 1121/122/581
f 1118/122/565 1135/104/582 1127/104/567
f 1124/122/585 1136/104/584 1125/122/583
f 1136/104/584 1124/122/585 1137/104/586
f 1104/104/559 1121/122/581 1102/122/557
f 1121/122/581 1104/104/559 1135/104/582
f 1115/122/575 1130/104/572 1117/122/571
f 1130/104/572 1115/122/575 1131/104/573
f 1110/122/578 1138/104/587 1133/104/577
f 1138/104/587 1110/122/578 1109/122/588
f 1122/122/591 1139/104/590 1123/122/589
f 1139/104/590 1122/122/591 1140/104/592
f 1138/104/587 1108/122/563 1107/104/562
f 1108/122/563 1138/104/587 1109/122/588
f 1120/122/593 1140/104/592 1122/122/591
f 1140/104/592 1120/122/593 1141/104/594
f 1123/122/589 1137/104/586 1124/122/585
f 1137/104/586 1123/122/589 1139/104/590
f 1125/122/583 1142/104/596 1126/122/595
f 1142/104/596 1125/122/583 1136/104/584
f 1143/104/597 1116/122/566 1128/104/568
f 1116/122/566 1143/104/597 1112/122/598
f 1113/122/600 1134/104/579 1144/104/599
f 1134/104/579 1113/122/600 1114/122/580
f 1111/122/576 1144/104/599 1132/104/574
f 1144/104/599 1111/122/576 1113/122/600
f 1142/104/596 1101/122/556 1126/122/595
f 1101/122/556 1142/104/596 1103/104/558
f 1119/122/569 1141/104/594 1120/122/593
f 1141/104/594 1119/122/569 1129/104/570
f 1136/104/601 1103/104/601 1142/104/601
f 1103/104/601 1136/104/601 1104/104/601
f 1104/104/601 1136/104/601 1137/104/601
f 1104/104/601 1137/104/601 1139/104/601
f 1104/104/601 1139/104/601 1135/104/601
f 1135/104/601 1139/104/601 1140/104/601
f 1135/104/601 1140/104/601 1141/104/601
f 1135/104/601 1141/104/601 1127/104/601
f 1127/104/601 1141/104/601 1129/104/601
f 1127/104/601 1129/104/601 1130/104/601
f 1127/104/601 1130/104/601 1128/104/601
f 1128/104/601 1130/104/601 1131/104/601
f 1128/104/601 1131/104/601 1143/104/601
f 1143/104/601 1131/104/601 1132/104/601
f 1143/104/601 1132/104/601 1105/104/601
f 1105/104/601 1132/104/601 1133/104/601
f 1133/104/601 1132/104/601 1144/104/601
f 1133/104/601 1144/104/601 1134/104/601
f 1133/104/601 1107/104/601 1105/104/601
f 1107/104/601 1133/104/601 1138/104/601
f 1105/104/560 1112/122/598 1143/104/597
f 1112/122/598 1105/104/560 1106/122/561
f 1147/55/602 1146/54/602 1145/55/602
f 1146/54/602 1147/55/602 1148/54/602
f 1151/54/603 1150/55/603 1149/54/603
f 1150/55/603 1151/54/603 1152/55/603
f 1147/55/605 1151/54/604 1148/54/604
f 1151/54/604 1147/55/605 1152/55/605
f 1151/54/604 1146/54/606 1148/54/604
f 1146/54/606 1151/54/604 1149/54/606
f 1150/55/607 1146/54/606 1149/54/606
f 1146/54/606 1150/55/607 1145/55/607
f 1150/55/607 1147/55/605 1145/55/607
f 1147/55/605 1150/55/607 1152/55/605
f 1155/55/608 1154/54/608 1153/55/608
f 1154/54/608 1155/55/608 1156/54/608
f 1159/54/609 1158/55/609 1157/54/609
f 1158/55/609 1159/54/609 1160/55/609
f 1155/55/611 1159/54/610 1156/54/610
f 1159/54/610 1155/55/611 1160/55/611
f 1159/54/610 1154/54/612 1156/54/610
f 1154/54/612 1159/54/610 1157/54/612
f 1158/55/613 1154/54/612 1157/54/612
f 1154/54/612 1158/55/613 1153/55/613
f 1158/55/613 1155/55/611 1153/55/613
f 1155/55/611 1158/55/613 1160/55/611
f 1163/123/10 1162/123/10 1161/123/10
f 1162/123/10 1163/123/10 1164/123/10
f 1166/125/614 1161/123/615 1165/124/614
f 1161/123/615 1166/125/614 1163/123/615
f 1162/123/617 1168/125/616 1167/124/616
f 1168/125/616 1162/123/617 1164/123/617
f 1167/124/616 1170/127/618 1169/126/618
f 1170/127/618 1167/124/616 1168/125/616
f 1169/126/618 1172/129/619 1171/128/619
f 1172/129/619 1169/126/618 1170/127/618
f 1172/129/619 1173/126/620 1171/128/619
f 1173/126/620 1172/129/619 1174/127/620
f 1167/124/621 1161/123/621 1162/123/621
f 1161/123/621 1167/124/621 1165/124/621
f 1165/124/621 1167/124/621 1169/126/621
f 1165/124/621 1169/126/621 1173/126/621
f 1173/126/621 1169/126/621 1171/128/621
f 1174/127/620 1165/124/614 1173/126/620
f 1165/124/614 1174/127/620 1166/125/614
f 1166/125/622 1164/123/622 1163/123/622
f 1164/123/622 1166/125/622 1168/125/622
f 1168/125/622 1166/125/622 1174/127/622
f 1168/125/622 1174/127/622 1170/127/622
f 1170/127/622 1174/127/622 1172/129/622
f 1177/132/623 1176/131/623 1175/130/623
f 1176/131/623 1177/132/623 1178/131/623
f 1178/131/623 1177/132/623 1179/133/623
f 1178/131/623 1179/133/623 1180/132/623
f 1178/131/623 1180/132/623 1181/130/623
f 1178/131/10 1182/131/10 1176/131/10
f 1182/131/10 1178/131/10 1183/131/10
f 1182/131/624 1185/135/624 1184/134/624
f 1185/135/624 1182/131/624 1183/131/624
f 1185/135/624 1183/131/624 1186/136/624
f 1186/136/624 1183/131/624 1187/134/624
f 1186/136/624 1187/134/624 1188/135/624
f 1184/134/625 1177/132/626 1175/130/625
f 1177/132/626 1184/134/625 1185/135/626
f 1179/133/628 1188/135/627 1180/132/627
f 1188/135/627 1179/133/628 1186/136/628
f 1186/136/628 1177/132/626 1185/135/626
f 1177/132/626 1186/136/628 1179/133/628
f 1180/132/627 1187/134/629 1181/130/629
f 1187/134/629 1180/132/627 1188/135/627
f 1184/134/625 1176/131/630 1182/131/630
f 1176/131/630 1184/134/625 1175/130/625
f 1181/130/629 1183/131/631 1178/131/631
f 1183/131/631 1181/130/629 1187/134/629
f 1191/138/633 1190/137/632 1189/137/632
f 1190/137/632 1191/138/633 1192/139/633
f 1194/137/10 1190/137/10 1193/137/10
f 1190/137/10 1194/137/10 1189/137/10
f 1197/142/634 1196/141/635 1195/140/634
f 1196/141/635 1197/142/634 1198/143/635
f 1201/139/636 1200/142/637 1199/138/636
f 1200/142/637 1201/139/636 1202/140/637
f 1195/140/638 1190/137/638 1192/139/638
f 1190/137/638 1195/140/638 1193/137/638
f 1193/137/638 1195/140/638 1196/141/638
f 1193/137/638 1196/141/638 1201/139/638
f 1201/139/638 1196/141/638 1202/140/638
f 1197/142/634 1192/139/633 1191/138/633
f 1192/139/633 1197/142/634 1195/140/634
f 1202/140/637 1198/143/635 1200/142/637
f 1198/143/635 1202/140/637 1196/141/635
f 1201/139/636 1194/137/639 1193/137/639
f 1194/137/639 1201/139/636 1199/138/636
f 1189/137/640 1197/142/640 1191/138/640
f 1197/142/640 1189/137/640 1194/137/640
f 1197/142/640 1194/137/640 1198/143/640
f 1198/143/640 1194/137/640 1200/142/640
f 1200/142/640 1194/137/640 1199/138/640
f 1205/145/642 1204/144/641 1203/144/641
f 1204/144/641 1205/145/642 1206/146/643
f 1207/147/644 1206/146/643 1205/145/642
f 1206/146/643 1207/147/644 1208/148/645
f 1211/149/648 1210/147/647 1209/148/646
f 1210/147/647 1211/149/648 1212/150/648
f 1208/148/645 1212/150/648 1211/149/648
f 1212/150/648 1208/148/645 1207/147/644
f 1214/144/10 1204/144/10 1213/144/10
f 1204/144/10 1214/144/10 1203/144/10
f 1203/144/649 1207/147/649 1205/145/649
f 1207/147/649 1203/144/649 1214/144/649
f 1207/147/649 1214/144/649 1212/150/649
f 1212/150/649 1214/144/649 1210/147/649
f 1210/147/649 1214/144/649 1215/145/649
f 1208/148/650 1204/144/650 1206/146/650
f 1204/144/650 1208/148/650 1213/144/650
f 1213/144/650 1208/148/650 1211/149/650
f 1213/144/650 1211/149/650 1216/146/650
f 1216/146/650 1211/149/650 1209/148/650
f 1216/146/652 1214/144/651 1213/144/651
f 1214/144/651 1216/146/652 1215/145/653
f 1216/146/652 1210/147/647 1215/145/653
f 1210/147/647 1216/146/652 1209/148/646
f 1219/153/654 1218/152/655 1217/151/654
f 1218/152/655 1219/153/654 1220/154/656
f 1223/156/657 1222/154/657 1221/155/657
f 1222/154/657 1223/156/657 1224/156/657
f 1222/154/657 1224/156/657 1219/153/657
f 1219/153/657 1224/156/657 1225/155/657
f 1219/153/657 1225/155/657 1220/154/657
f 1228/152/658 1227/156/658 1226/157/658
f 1227/156/658 1228/152/658 1229/156/658
f 1229/156/658 1228/152/658 1217/151/658
f 1229/156/658 1217/151/658 1218/152/658
f 1229/156/658 1218/152/658 1230/157/658
f 1218/152/655 1225/155/660 1230/157/659
f 1225/155/660 1218/152/655 1220/154/656
f 1230/157/659 1224/156/661 1229/156/661
f 1224/156/661 1230/157/659 1225/155/660
f 1222/154/663 1217/151/654 1228/152/662
f 1217/151/654 1222/154/663 1219/153/654
f 1221/155/665 1228/152/662 1226/157/664
f 1228/152/662 1221/155/665 1222/154/663
f 1221/155/665 1227/156/666 1223/156/666
f 1227/156/666 1221/155/665 1226/157/664
f 1229/156/10 1223/156/10 1227/156/10
f 1223/156/10 1229/156/10 1224/156/10
f 1233/160/669 1232/159/668 1231/158/667
f 1232/159/668 1233/160/669 1234/161/668
f 1237/164/672 1236/163/671 1235/162/670
f 1236/163/671 1237/164/672 1238/164/672
f 1240/164/10 1237/164/10 1239/164/10
f 1237/164/10 1240/164/10 1238/164/10
f 1234/161/668 1241/158/673 1232/159/668
f 1241/158/673 1234/161/668 1242/160/674
f 1244/163/677 1239/164/676 1243/162/675
f 1239/164/676 1244/163/677 1240/164/676
f 1244/163/678 1238/164/678 1240/164/678
f 1238/164/678 1244/163/678 1236/163/678
f 1236/163/678 1244/163/678 1231/158/678
f 1236/163/678 1231/158/678 1241/158/678
f 1241/158/678 1231/158/678 1232/159/678
f 1235/162/670 1241/158/673 1242/160/674
f 1241/158/673 1235/162/670 1236/163/671
f 1231/158/667 1243/162/675 1233/160/669
f 1243/162/675 1231/158/667 1244/163/677
f 1235/162/679 1239/164/679 1237/164/679
f 1239/164/679 1235/162/679 1243/162/679
f 1243/162/679 1235/162/679 1242/160/679
f 1243/162/679 1242/160/679 1233/160/679
f 1233/160/679 1242/160/679 1234/161/679
f 1247/55/680 1246/55/680 1245/55/680
f 1246/55/680 1247/55/680 1248/55/680
f 1248/55/680 1247/55/680 1249/55/680
f 1248/55/680 1249/55/680 1250/55/680
f 1253/55/681 1252/55/681 1251/55/681
f 1252/55/681 1253/55/681 1254/55/681
f 1254/55/681 1253/55/681 1255/55/681
f 1254/55/681 1255/55/681 1256/55/681
f 1251/55/682 1258/54/683 1257/54/682
f 1258/54/683 1251/55/682 1252/55/683
f 1253/55/684 1257/54/682 1259/54/684
f 1257/54/682 1253/55/684 1251/55/682
f 1254/55/685 1261/54/686 1260/54/685
f 1261/54/686 1254/55/685 1256/55/686
f 1261/54/686 1255/55/687 1262/54/687
f 1255/55/687 1261/54/686 1256/55/686
f 1258/54/683 1254/55/685 1260/54/685
f 1254/55/685 1258/54/683 1252/55/683
f 1262/54/687 1253/55/684 1259/54/684
f 1253/55/684 1262/54/687 1255/55/687
f 1258/54/688 1259/54/688 1257/54/688
f 1259/54/688 1258/54/688 1260/54/688
f 1259/54/688 1260/54/688 1261/54/688
f 1259/54/688 1261/54/688 1262/54/688
f 1264/165/690 1250/3/689 1263/165/689
f 1250/3/689 1264/165/690 1248/3/690
f 1263/165/689 1249/3/691 1265/165/691
f 1249/3/691 1263/165/689 1250/3/689
f 1245/3/692 1267/165/693 1266/165/692
f 1267/165/693 1245/3/692 1246/3/693
f 1246/3/693 1264/165/690 1267/165/693
f 1264/165/690 1246/3/693 1248/3/690
f 1247/3/694 1266/165/692 1268/165/694
f 1266/165/692 1247/3/694 1245/3/692
f 1249/3/691 1268/165/694 1265/165/691
f 1268/165/694 1249/3/691 1247/3/694
f 1271/166/10 1270/166/10 1269/166/10
f 1270/166/10 1271/166/10 1272/166/10
f 1274/168/614 1269/166/615 1273/167/614
f 1269/166/615 1274/168/614 1271/166/615
f 1270/166/617 1276/168/616 1275/167/616
f 1276/168/616 1270/166/617 1272/166/617
f 1275/167/616 1278/170/618 1277/169/618
f 1278/170/618 1275/167/616 1276/168/616
f 1277/169/618 1280/172/619 1279/171/619
f 1280/172/619 1277/169/618 1278/170/618
f 1280/172/619 1281/169/620 1279/171/619
f 1281/169/620 1280/172/619 1282/170/620
f 1275/167/621 1269/166/621 1270/166/621
f 1269/166/621 1275/167/621 1273/167/621
f 1273/167/621 1275/167/621 1277/169/621
f 1273/167/621 1277/169/621 1281/169/621
f 1281/169/621 1277/169/621 1279/171/621
f 1282/170/620 1273/167/614 1281/169/620
f 1273/167/614 1282/170/620 1274/168/614
f 1274/168/622 1272/166/622 1271/166/622
f 1272/166/622 1274/168/622 1276/168/622
f 1276/168/622 1274/168/622 1282/170/622
f 1276/168/622 1282/170/622 1278/170/622
f 1278/170/622 1282/170/622 1280/172/622
f 1285/175/623 1284/174/623 1283/173/623
f 1284/174/623 1285/175/623 1286/174/623
f 1286/174/623 1285/175/623 1287/176/623
f 1286/174/623 1287/176/623 1288/175/623
f 1286/174/623 1288/175/623 1289/173/623
f 1286/174/10 1290/174/10 1284/174/10
f 1290/174/10 1286/174/10 1291/174/10
f 1290/174/624 1293/178/624 1292/177/624
f 1293/178/624 1290/174/624 1291/174/624
f 1293/178/624 1291/174/624 1294/179/624
f 1294/179/624 1291/174/624 1295/177/624
f 1294/179/624 1295/177/624 1296/178/624
f 1292/177/625 1285/175/626 1283/173/625
f 1285/175/626 1292/177/625 1293/178/626
f 1287/176/628 1296/178/627 1288/175/627
f 1296/178/627 1287/176/628 1294/179/628
f 1294/179/628 1285/175/626 1293/178/626
f 1285/175/626 1294/179/628 1287/176/628
f 1288/175/627 1295/177/629 1289/173/629
f 1295/177/629 1288/175/627 1296/178/627
f 1292/177/625 1284/174/630 1290/174/630
f 1284/174/630 1292/177/625 1283/173/625
f 1289/173/629 1291/174/631 1286/174/631
f 1291/174/631 1289/173/629 1295/177/629
f 1299/181/633 1298/180/632 1297/180/632
f 1298/180/632 1299/181/633 1300/182/633
f 1302/180/10 1298/180/10 1301/180/10
f 1298/180/10 1302/180/10 1297/180/10
f 1305/185/634 1304/184/635 1303/183/634
f 1304/184/635 1305/185/634 1306/186/635
f 1309/182/636 1308/185/637 1307/181/636
f 1308/185/637 1309/182/636 1310/183/637
f 1303/183/638 1298/180/638 1300/182/638
f 1298/180/638 1303/183/638 1301/180/638
f 1301/180/638 1303/183/638 1304/184/638
f 1301/180/638 1304/184/638 1309/182/638
f 1309/182/638 1304/184/638 1310/183/638
f 1305/185/634 1300/182/633 1299/181/633
f 1300/182/633 1305/185/634 1303/183/634
f 1310/183/637 1306/186/635 1308/185/637
f 1306/186/635 1310/183/637 1304/184/635
f 1309/182/636 1302/180/639 1301/180/639
f 1302/180/639 1309/182/636 1307/181/636
f 1297/180/640 1305/185/640 1299/181/640
f 1305/185/640 1297/180/640 1302/180/640
f 1305/185/640 1302/180/640 1306/186/640
f 1306/186/640 1302/180/640 1308/185/640
f 1308/185/640 1302/180/640 1307/181/640
f 1313/188/642 1312/187/641 1311/187/641
f 1312/187/641 1313/188/642 1314/189/643
f 1315/190/644 1314/189/643 1313/188/642
f 1314/189/643 1315/190/644 1316/191/645
f 1319/192/648 1318/190/647 1317/191/646
f 1318/190/647 1319/192/648 1320/193/648
f 1316/191/645 1320/193/648 1319/192/648
f 1320/193/648 1316/191/645 1315/190/644
f 1322/187/10 1312/187/10 1321/187/10
f 1312/187/10 1322/187/10 1311/187/10
f 1311/187/649 1315/190/649 1313/188/649
f 1315/190/649 1311/187/649 1322/187/649
f 1315/190/649 1322/187/649 1320/193/649
f 1320/193/649 1322/187/649 1318/190/649
f 1318/190/649 1322/187/649 1323/188/649
f 1316/191/650 1312/187/650 1314/189/650
f 1312/187/650 1316/191/650 1321/187/650
f 1321/187/650 1316/191/650 1319/192/650
f 1321/187/650 1319/192/650 1324/189/650
f 1324/189/650 1319/192/650 1317/191/650
f 1324/189/652 1322/187/651 1321/187/651
f 1322/187/651 1324/189/652 1323/188/653
f 1324/189/652 1318/190/647 1323/188/653
f 1318/190/647 1324/189/652 1317/191/646
f 1327/196/654 1326/195/655 1325/194/654
f 1326/195/655 1327/196/654 1328/197/656
f 1331/199/657 1330/197/657 1329/198/657
f 1330/197/657 1331/199/657 1332/199/657
f 1330/197/657 1332/199/657 1327/196/657
f 1327/196/657 1332/199/657 1333/198/657
f 1327/196/657 1333/198/657 1328/197/657
f 1336/195/658 1335/199/658 1334/200/658
f 1335/199/658 1336/195/658 1337/199/658
f 1337/199/658 1336/195/658 1325/194/658
f 1337/199/658 1325/194/658 1326/195/658
f 1337/199/658 1326/195/658 1338/200/658
f 1326/195/655 1333/198/660 1338/200/659
f 1333/198/660 1326/195/655 1328/197/656
f 1338/200/659 1332/199/661 1337/199/661
f 1332/199/661 1338/200/659 1333/198/660
f 1330/197/663 1325/194/654 1336/195/662
f 1325/194/654 1330/197/663 1327/196/654
f 1329/198/665 1336/195/662 1334/200/664
f 1336/195/662 1329/198/665 1330/197/663
f 1329/198/665 1335/199/666 1331/199/666
f 1335/199/666 1329/198/665 1334/200/664
f 1337/199/10 1331/199/10 1335/199/10
f 1331/199/10 1337/199/10 1332/199/10
f 1341/203/669 1340/202/668 1339/201/667
f 1340/202/668 1341/203/669 1342/204/668
f 1345/207/672 1344/206/671 1343/205/670
f 1344/206/671 1345/207/672 1346/207/672
f 1348/207/10 1345/207/10 1347/207/10
f 1345/207/10 1348/207/10 1346/207/10
f 1342/204/668 1349/201/673 1340/202/668
f 1349/201/673 1342/204/668 1350/203/674
f 1352/206/677 1347/207/676 1351/205/675
f 1347/207/676 1352/206/677 1348/207/676
f 1352/206/678 1346/207/678 1348/207/678
f 1346/207/678 1352/206/678 1344/206/678
f 1344/206/678 1352/206/678 1339/201/678
f 1344/206/678 1339/201/678 1349/201/678
f 1349/201/678 1339/201/678 1340/202/678
f 1343/205/670 1349/201/673 1350/203/674
f 1349/201/673 1343/205/670 1344/206/671
f 1339/201/667 1351/205/675 1341/203/669
f 1351/205/675 1339/201/667 1352/206/677
f 1343/205/679 1347/207/679 1345/207/679
f 1347/207/679 1343/205/679 1351/205/679
f 1351/205/679 1343/205/679 1350/203/679
f 1351/205/679 1350/203/679 1341/203/679
f 1341/203/679 1350/203/679 1342/204/679
f 1355/104/558 1354/122/557 1353/122/556
f 1354/122/557 1355/104/558 1356/104/559
f 1359/104/562 1358/122/561 1357/104/560
f 1358/122/561 1359/104/562 1360/122/563
f 1362/122/564 1360/122/564 1361/122/564
f 1360/122/564 1362/122/564 1358/122/564
f 1363/122/564 1358/122/564 1362/122/564
f 1363/122/564 1364/122/564 1358/122/564
f 1363/122/564 1362/122/564 1365/122/564
f 1365/122/564 1362/122/564 1366/122/564
f 1367/122/564 1364/122/564 1363/122/564
f 1367/122/564 1368/122/564 1364/122/564
f 1369/122/564 1368/122/564 1367/122/564
f 1369/122/564 1370/122/564 1368/122/564
f 1371/122/564 1370/122/564 1369/122/564
f 1372/122/564 1370/122/564 1371/122/564
f 1372/122/564 1373/122/564 1370/122/564
f 1374/122/564 1373/122/564 1372/122/564
f 1375/122/564 1373/122/564 1374/122/564
f 1375/122/564 1354/122/564 1373/122/564
f 1376/122/564 1354/122/564 1375/122/564
f 1377/122/564 1354/122/564 1376/122/564
f 1377/122/564 1353/122/564 1354/122/564
f 1353/122/564 1377/122/564 1378/122/564
f 1379/104/567 1368/122/566 1370/122/565
f 1368/122/566 1379/104/567 1380/104/568
f 1369/122/571 1381/104/570 1371/122/569
f 1381/104/570 1369/122/571 1382/104/572
f 1367/122/575 1384/104/574 1383/104/573
f 1384/104/574 1367/122/575 1363/122/576
f 1386/104/579 1362/122/578 1385/104/577
f 1362/122/578 1386/104/579 1366/122/580
f 1387/104/582 1370/122/565 1373/122/581
f 1370/122/565 1387/104/582 1379/104/567
f 1376/122/585 1388/104/584 1377/122/583
f 1388/104/584 1376/122/585 1389/104/586
f 1356/104/559 1373/122/581 1354/122/557
f 1373/122/581 1356/104/559 1387/104/582
f 1367/122/575 1382/104/572 1369/122/571
f 1382/104/572 1367/122/575 1383/104/573
f 1362/122/578 1390/104/587 1385/104/577
f 1390/104/587 1362/122/578 1361/122/588
f 1374/122/591 1391/104/590 1375/122/589
f 1391/104/590 1374/122/591 1392/104/592
f 1390/104/587 1360/122/563 1359/104/562
f 1360/122/563 1390/104/587 1361/122/588
f 1372/122/593 1392/104/592 1374/122/591
f 1392/104/592 1372/122/593 1393/104/594
f 1375/122/589 1389/104/586 1376/122/585
f 1389/104/586 1375/122/589 1391/104/590
f 1377/122/583 1394/104/596 1378/122/595
f 1394/104/596 1377/122/583 1388/104/584
f 1395/104/597 1368/122/566 1380/104/568
f 1368/122/566 1395/104/597 1364/122/598
f 1365/122/600 1386/104/579 1396/104/599
f 1386/104/579 1365/122/600 1366/122/580
f 1363/122/576 1396/104/599 1384/104/574
f 1396/104/599 1363/122/576 1365/122/600
f 1394/104/596 1353/122/556 1378/122/595
f 1353/122/556 1394/104/596 1355/104/558
f 1371/122/569 1393/104/594 1372/122/593
f 1393/104/594 1371/122/569 1381/104/570
f 1388/104/601 1355/104/601 1394/104/601
f 1355/104/601 1388/104/601 1356/104/601
f 1356/104/601 1388/104/601 1389/104/601
f 1356/104/601 1389/104/601 1391/104/601
f 1356/104/601 1391/104/601 1387/104/601
f 1387/104/601 1391/104/601 1392/104/601
f 1387/104/601 1392/104/601 1393/104/601
f 1387/104/601 1393/104/601 1379/104/601
f 1379/104/601 1393/104/601 1381/104/601
f 1379/104/601 1381/104/601 1382/104/601
f 1379/104/601 1382/104/601 1380/104/601
f 1380/104/601 1382/104/601 1383/104/601
f 1380/104/601 1383/104/601 1395/104/601
f 1395/104/601 1383/104/601 1384/104/601
f 1395/104/601 1384/104/601 1357/104/601
f 1357/104/601 1384/104/601 1385/104/601
f 1385/104/601 1384/104/601 1396/104/601
f 1385/104/601 1396/104/601 1386/104/601
f 1385/104/601 1359/104/601 1357/104/601
f 1359/104/601 1385/104/601 1390/104/601
f 1357/104/560 1364/122/598 1395/104/597
f 1364/122/598 1357/104/560 1358/122/561
